16	_$LT$$LT$serde_core..de..WithDecimalPoint$u20$as$u20$core..fmt..Display$GT$..fmt..LookForDecimalPoint$u20$as$u20$core..fmt..Write$GT$::write_str::hc82da18ec9c88799
4096	_$LT$$RF$T$u20$as$u20$core..fmt..Debug$GT$::fmt::h203b45ed5ac2acaf
8	_$LT$$RF$T$u20$as$u20$core..fmt..Debug$GT$::fmt::h74bfc90dc278af8e
8	_$LT$alloc..boxed..Box$LT$T$C$A$GT$$u20$as$u20$core..fmt..Debug$GT$::fmt::hb06eb00e602fcb83
4	_$LT$alloc..string..String$u20$as$u20$core..fmt..Write$GT$::write_char::hbf1d9fc611d850b0
32	_$LT$char$u20$as$u20$core..fmt..Debug$GT$::fmt::h7f5730143d2b215f
4	_$LT$char$u20$as$u20$core..fmt..Display$GT$::fmt::haedd660aa955540c
16	_$LT$core..cell..BorrowError$u20$as$u20$core..fmt..Debug$GT$::fmt::h37fd5090231eb4fa
72	_$LT$core..fmt..builders..PadAdapter$u20$as$u20$core..fmt..Write$GT$::write_str::ha650cc359dbbb8d4
81	_$LT$core..fmt..num..LowerHex$u20$as$u20$core..fmt..num..GenericRadix$GT$::digit::hb1a87458a41405cb
81	_$LT$core..fmt..num..UpperHex$u20$as$u20$core..fmt..num..GenericRadix$GT$::digit::hdebbfad76ae01e90
104	_$LT$core..panic..panic_info..PanicInfo$u20$as$u20$core..fmt..Display$GT$::fmt::hd2d0a9f2e6aae4fe
80	_$LT$serde_core..de..Unexpected$u20$as$u20$core..fmt..Display$GT$::fmt::h9fa82fbb7422ff4b
80	_$LT$serde_core..de..WithDecimalPoint$u20$as$u20$core..fmt..Display$GT$::fmt::h88b3af7f206ba906
96	_$LT$str$u20$as$u20$core..fmt..Debug$GT$::fmt::h2aa353688760a10d
16	__divdi3
16	__multi3
32	alloc::fmt::format::format_inner::hee135e54100b7586
4096	alloc::raw_vec::RawVec$LT$T$C$A$GT$::grow_one::h541dd01837ce01ac
72	alloc::raw_vec::RawVec$LT$T$C$A$GT$::grow_one::hcfba0d876f1ec190
88	alloc::raw_vec::RawVecInner$LT$A$GT$::grow_amortized::hfb19797630f8ab49
80	alloc::raw_vec::RawVecInner$LT$A$GT$::reserve::do_reserve_and_handle::h2797b4b66acb04c5
4096	alloc::raw_vec::RawVecInner$LT$A$GT$::reserve::do_reserve_and_handle::h4dac848c9a2883a3
24	alloc::raw_vec::RawVecInner$LT$A$GT$::try_allocate_in::hdc45092cf2829890
48	alloc::raw_vec::capacity_overflow::h79bc6a5bb6ecab54
248	aspis_registry::processor::authenticate_immutable_loader_v3_deployment_v2::h6683b3ae6867105a
4096	aspis_registry::processor::create_or_allocate_pda::hecfc4bc4e4b07348
648	aspis_registry::processor::load_entry::h8e65873f8e889def
1128	aspis_registry::processor::load_entry_v2::h6853e0b1055574a1
312	aspis_registry::processor::load_registry::hc704407c3f4e1d69
632	aspis_registry::processor::load_registry_v2::hadffdc783ffb77a3
32	aspis_registry::processor::plan_fresh_program_pda::heb2ff5f9c0d6bace
4096	aspis_registry::processor::process_decoded_instruction_any::h74b6154666d50df7
4096	aspis_registry::processor::process_instruction::hd4182f9041b8fba5
824	aspis_registry::processor::process_pause_change::h6ca563c1ffbae443
1720	aspis_registry::processor::process_pause_change_v2::h7a05bc5409ac4580
24	aspis_registry::processor::require_zero_program_account::hd9ab84ff98ee869a
184	aspis_statement::pool_v1::verifier_registry::decode_verifier_registry_entry_v1::h779962bf4530a1e6
312	aspis_statement::pool_v1::verifier_registry::decode_verifier_registry_entry_v2::h5389fc2c275bac1b
120	aspis_statement::pool_v1::verifier_registry::decode_verifier_registry_v1::h1fcfae06b7d513a4
248	aspis_statement::pool_v1::verifier_registry::decode_verifier_registry_v2::h0ce67708052a75b8
24	aspis_statement::pool_v1::verifier_registry::encode_verifier_registry_v1::hac6c0444e29410bc
24	bincode::error::_$LT$impl$u20$serde_core..de..Error$u20$for$u20$alloc..boxed..Box$LT$bincode..error..ErrorKind$GT$$GT$::custom::h1b74640eeb0049df
144	bincode::internal::deserialize_seed::h2c9c58a784133729
24	compiler_builtins::float::mul::mul::h8da8fc9debe956c1
16	compiler_builtins::int::mul::Mul::mul::hb7c7310383c1421a
72	core::cell::panic_already_mutably_borrowed::h08f457cd07756ae7
10	core::escape::escape_unicode::h5e94a6b13e5515a7
16	core::fmt::Formatter::debug_struct_field2_finish::h825879940e06a1b7
24	core::fmt::Formatter::debug_tuple_field1_finish::h730ef7125678741d
40	core::fmt::Formatter::pad::hcdc9ed8fef2b8973
88	core::fmt::Formatter::pad_formatted_parts::h1c0df81c1998cdf6
88	core::fmt::Formatter::pad_integral::hdc9f09e04df65e22
16	core::fmt::Formatter::padding::h857bbf56ecb4473c
32	core::fmt::Formatter::write_formatted_parts::h8924a7daec6aba7a
120	core::fmt::builders::DebugStruct::field_with::h8f89ab8a6d2347ad
112	core::fmt::builders::DebugTuple::field_with::h1d6015b7dac68563
4096	core::fmt::float::float_to_decimal_common_exact::hf79e47f280aa1c17
4096	core::fmt::float::float_to_decimal_common_shortest::hc59c40c62170e917
4096	core::fmt::num::GenericRadix::fmt_int::h809664ed81bd3a31
4096	core::fmt::num::GenericRadix::fmt_int::h8ef53353a3ec99f4
4096	core::fmt::num::GenericRadix::fmt_int::h98ed51c4be3e323f
4096	core::fmt::num::GenericRadix::fmt_int::haeb1f5eb487319cb
4096	core::fmt::num::GenericRadix::fmt_int::hb022b77474673b87
4096	core::fmt::num::GenericRadix::fmt_int::hdb17e2ba327bd4f8
4096	core::fmt::num::imp::_$LT$impl$u20$core..fmt..Display$u20$for$u20$i32$GT$::fmt::ha3511aa5f89e8a7f
4096	core::fmt::num::imp::_$LT$impl$u20$core..fmt..Display$u20$for$u20$isize$GT$::fmt::h79abecbfb3a75397
4096	core::fmt::num::imp::_$LT$impl$u20$u32$GT$::_fmt::he8f52e2a671b3304
4096	core::fmt::num::imp::_$LT$impl$u20$u64$GT$::_fmt::h5fb3983a084bd345
4096	core::fmt::num::imp::_$LT$impl$u20$u8$GT$::_fmt::h41b5e2fc1f8c6a8b
88	core::fmt::write::h6a241f3daa234c27
64	core::num::bignum::Big32x40::mul_digits::mul_inner::h53b3461b3fd9340b
8	core::num::bignum::Big32x40::mul_pow2::he2a124c17bfafc8d
56	core::num::diy_float::Fp::normalize_to::h8772c0d1f359724c
920	core::num::flt2dec::strategy::dragon::format_exact::he3c40b1c4e95e1ae
1400	core::num::flt2dec::strategy::dragon::format_shortest::hbb27ff1d8cbf9642
32	core::num::flt2dec::strategy::grisu::format_exact::h2331a1b60725a5e5
4096	core::num::flt2dec::strategy::grisu::format_exact_opt::hc7f9850e4925be25
24	core::num::flt2dec::strategy::grisu::format_exact_opt::possibly_round::h9871288acb6df367
24	core::num::flt2dec::strategy::grisu::format_shortest::ha1b484f06273abd6
4096	core::num::flt2dec::strategy::grisu::format_shortest_opt::h841509c64c9ebdca
64	core::num::flt2dec::strategy::grisu::format_shortest_opt::round_and_weed::h2d949d2524c06df7
4096	core::num::flt2dec::to_exact_fixed_str::h7bb6ba069848b6a5
4096	core::num::flt2dec::to_shortest_str::h62d42aa01dfc75a8
4096	core::panicking::assert_failed::h0310616b5a7cecba
208	core::panicking::assert_failed_inner::h9b8b3b4ce3cd19a1
64	core::panicking::panic::he4f343d4dff1ad06
96	core::panicking::panic_bounds_check::hbf9d22ffdbdf6731
48	core::panicking::panic_const::panic_const_div_by_zero::he98ec2b8c83edcf7
24	core::panicking::panic_fmt::ha4a6c4ba8141afc1
112	core::result::unwrap_failed::hc82e07e24346d732
96	core::slice::_$LT$impl$u20$$u5b$T$u5d$$GT$::copy_from_slice::len_mismatch_fail::h749d89c7278b8e5f
96	core::slice::index::slice_end_index_len_fail::do_panic::runtime::hcbef553469ee2f4f
96	core::slice::index::slice_index_order_fail::do_panic::runtime::hcbb86a57a944a493
96	core::slice::index::slice_start_index_len_fail::do_panic::runtime::h6ae28d9df288ffe6
8	core::slice::memchr::memchr_aligned::hf2fb38846c76d079
16	core::str::count::do_count_chars::h4534cdd10be07d67
208	core::str::slice_error_fail_rt::h77ad82d5d1d84e91
32	core::unicode::printable::check::hc31baee057819da1
4096	core::unicode::printable::is_printable::hfb971d6b773a3238
96	custom_panic
4096	entrypoint
4	memcmp
104	serde_core::de::Error::invalid_length::hac525479b5d1b8c0
96	serde_core::de::Error::invalid_value::h8b2232940a52e8e9
168	solana_cpi::invoke_signed_unchecked::hf2f5516666cd875a
64	solana_instruction::Instruction::new_with_bincode::h59d7387cb394de90
4096	solana_program::program::invoke::h4e47bdc3d4de6b06
4096	solana_program::program::invoke_signed::h1b7647d0a4559ec1
120	solana_program_entrypoint::deserialize::h6b684bbbfd623646
56	solana_pubkey::Pubkey::find_program_address::ha5051752566f1bc6
616	solana_pubkey::_::_$LT$impl$u20$serde_core..de..Deserialize$u20$for$u20$solana_pubkey..Pubkey$GT$::deserialize::heef072d760bfec60
48	solana_sha256_hasher::hash::he79536a0b038f718
128	solana_system_interface::instruction::allocate::h236a72a9e21426ab
128	solana_system_interface::instruction::assign::h397e7d7185d7f283
136	solana_system_interface::instruction::create_account::hfc986fba10dac0ee
128	solana_system_interface::instruction::transfer::h35bf52067f4746d1
40	solana_sysvar::clock::_$LT$impl$u20$solana_sysvar..Sysvar$u20$for$u20$solana_clock..Clock$GT$::get::h88948574665fd2f1
24	solana_sysvar::rent::_$LT$impl$u20$solana_sysvar..Sysvar$u20$for$u20$solana_rent..Rent$GT$::get::h352a5fc416107d8d
4096	std::io::error::_$LT$impl$u20$core..fmt..Debug$u20$for$u20$std..io..error..repr_bitpacked..Repr$GT$::fmt::h9e94103c5533fbfb
24	std::sys::pal::sbf::os::error_string::h2e3adc5b9e6a61bf
