AspisV8R19.R748FiniteGatherSchedules	41e1c67ae4476481bcff834dc153d172b97c06c9aff0873ede51d1598eb84e4b	3913f5c2be334a362adc8f0f583e460633ce0ff22a6ba5150aa6eea4a67b0e41
AspisV8R19.R748GatherExpand00	6174908f46289e0a511d06de5517e0fa5f861bd7e1976ed7c59059b375d0dce8	0f89987aaca1b57abc68cba8f03a414ffbf8f59975b3319fd5466de1439760b4
AspisV8R19.R748GatherExpand01	3121cc4834eb49628bcd4027ecff02c8ce05ca1d77d1fe9525368b5f4782cd79	6ee213018ab1ec4ed07b731262cba27b4dcf08ebd36ea0453957b799f8964285
AspisV8R19.R748GatherExpand02	9fcf009cb301489deb012ab776d4a813fedb78aaea1161250970477cfa09e336	6ef89994c520b7473ec653f2705b1fe1e32ba5c913326a5ca6b6e58b4dcbcd46
AspisV8R19.R748GatherExpand03	42d4d9b8718fbca2ad8723e5f3cdf3c1334e0e0fcad502a05172e9a3a25347b5	b98435caf2b58312c853450a722f279fc2755448ca365cccaa3a0e48cd387903
AspisV8R19.R748GatherExpand04	f441a09ae814c59269d8166f4404dbc51fcc6820c1000e907ed507302b59dde7	fd227b217e2e99ac1b752a57600289617355654e3184912d36b0a63fcdcd0a8f
AspisV8R19.R748GatherExpand05	c36374951c96d4826668be840f388b4046a1cddd890421c58d573febb5ad3c76	a627be3900714223f668fbe36daf103b5ad5d32a7fb413b9abc6c873a7a76c80
AspisV8R19.R748GatherExpand06	43c4062730a93de397d6e6d2c4b60de69eaa7557aa83a8b7d0b22d9286a9de94	fe2415f3f36c95c3e553fa359709afc0589b6d7993cc9cbed2ac5ea1fe8280d1
AspisV8R19.R748GatherExpand07	44d4d09a1584e9fd7cbb7e192c9b3cbcf06fc70468470e72ebbdb26369e8e38b	e86da335e279b0b2d6575fd5ed180f903af878b9ca252b537827a709e370c5b6
AspisV8R19.R748GatherLoop00	a2753dd40f76c553b2316d4912743af1f2c9952edc7ea2d6cdf8518e9e4f2615	1da94c01b6d871fafce7a9d3af7e006820605af83fc9833a299fb239ae9c3376
AspisV8R19.R748GatherLoop01	da27914570835442ff3b74b64bb26ab194605013faef3cf33a422776d6e7f97d	6805eabff56aef28e31133b9575bd4ac8e21c434b5c310c72d5266371d5a6014
AspisV8R19.R748GatherLoop02	9048873fe32b40e9f3f1f6a0ac6c8bd2ab7913871b0ed4d70c216f00caa049d3	9cec9e37b7a0d7eec63932aa8952e85aefb2342cb9874ea7d28ec3f4936e5f88
AspisV8R19.R748GatherLoop03	4aa227a7fc156e9e3b1dd3dc32d753998b3a3d1b0a7edabe469892ba435106b5	4a713cc5ec664f651c02c0e77e2bbde519bc293057e2c2744bf75561f2df00f2
AspisV8R19.R748GatherLoop04	b730013ffd85e5669924a370b22c7d9d66a712df6a1e9f2d1864a8bf54ad9d6f	777ab3ac8134dd8220678ea78b94866cd08447be5b6047c54ed399779550bdd6
AspisV8R19.R748GatherLoop05	5c32f93533299b50d4f8373346a89ebbf4b2af95e60c51bfd0b8d0679885592a	18abc5f5517611391f985ca1cbbfd7f8fd28989ab478321f6c4c4ba092b6eb2b
AspisV8R19.R748GatherLoop06	17618281d4422a161518901d769193d46754adb75fe7931130cf079a33718fce	87677b5987bcdbd13cb481397567ee369291f869e6066aeca55a745ab3b4a31c
AspisV8R19.R748GatherLoop07	1b6341bb3f89962c250d5970329d7bc69e4017e363a23c38115145560a8d8eef	93a66b7eecbd57f140f95a062638f99854cb5655da2e040656641fbbe1728ecc
AspisV8R19.R748GatherNested00	1ec1b778c0c441ea0798a27911e34d4c0033f68d344a4fb0a6f0da1c687e2d3d	e20335f1698a9e1f8f5994708d181bc320b3dec5f29fdd6533d8bae76b247444
AspisV8R19.R748GatherNested01	9d9d3f2b0444ebc2268cc33cdebae5f5410dc997bc6480bae966d01c4e83f5fc	05fe9fbdb2c26277e2d5d6c350d2e3ecc5908e22faae1e4b2435db6b1170648d
AspisV8R19.R748GatherNested02	46d9adbbd4bba84c498c908fecce18a8d2919e3da17c92f2d34e43e6d1c333aa	cd86634ae47dbb3aac05a719d9899c1e7705cb31859f7f6174ed0f043fc314d6
AspisV8R19.R748GatherNested03	2b56514bdda07ea27463e6736b3c9b367b74eeeb3656e1901c7a110ec06d33a2	d784cb68a751e49962f53ac88cf75c95f2a6de534306325e66747d346654b66c
AspisV8R19.R748GatherNested04	d3cd7ef1fadd39c419147332e02a8739240c24b3b6d3c6a52070c11329a15f82	c4e6f2c73fdefdf9f467dec4ec76f38a7bfc3eb9e8661d8d45d9c4026f05aa9c
AspisV8R19.R748SchedulePrototype	1e8086e99dc42e379589a2db7df47bf25859cba0117baa8974e44bdd536ad1fa	0af89000ed3654984a300345fe6dfaf3689f282c1be8718045249485395bfadf
AspisV8R19.R772Point02DualLeaves	e8cf3eb07069b67f6acae47f9304b272306a649cece9f810cfa990b24f6e7601	21001ed742ebacff130d99648812630b26e1d5588c9aeee76b3bc55309ac975a
AspisV8R19.R772Point02DualLeavesChunk00	9d19526dbdac2ae79f95111d2a066bac0b1c54d0c3299e06bb58018f41c3d6e9	334ddf6fa46e0d95de89cddfe5a8e4ea702f71db0f371ef07d138e3c520ec862
AspisV8R19.R772Point02DualLeavesChunk01	a42e3bb6b2790622d8c8b3f0ea50623570ebe598de3af2c551cedab516b16042	0abf447e4ffe270ac7f4a31be1c3f023da278144617a71cf09b623efd7bbc595
AspisV8R19.R780Point02WeightShared	7dae36aeb4337dfbef1176b90e383efe4f35c236d7fb51e35d71d33ed30f71cb	e1039bb006480ea012afe1b214a13f55a86ad10c99b2e8e0fd92740191174936
