registry/index/index.crates.io-1949cf8c6b5b557f/.cache/ah/as/ahash	175400	5ec4eea367704141d9ba986f5144e3e59dc8027554f3bc680f527c0bf82db20e
registry/index/index.crates.io-1949cf8c6b5b557f/.cache/ah/o-/aho-corasick	44231	4156441537976dd99ca731553d93c89db304ba7bc2213fbbe058ba93ab698619
registry/index/index.crates.io-1949cf8c6b5b557f/.cache/an/dr/android_system_properties	1977	228faadc8b45d62e16b72ae8b41d6314b39d524e1d0a37604ad6652daa53c825
registry/index/index.crates.io-1949cf8c6b5b557f/.cache/an/yh/anyhow	80806	a529c91ec8630f952709743b04c9e375efffad3311b6e8a7b3b8928b9dd3e7f3
registry/index/index.crates.io-1949cf8c6b5b557f/.cache/ar/k-/ark-bn254	9310	0c463452425d94e332ea68b92af50386ea79c908480cf385088716c56e8bf8d0
registry/index/index.crates.io-1949cf8c6b5b557f/.cache/ar/k-/ark-ec	35742	d5ad8548690d93195455ec67b55ddcf02e1fde814bde45d7561409d1e81eafa5
registry/index/index.crates.io-1949cf8c6b5b557f/.cache/ar/k-/ark-ff	44895	ee12775f7c2e7caf3efb27099645f98248c0a9cf929a93e5876db2e58381803f
registry/index/index.crates.io-1949cf8c6b5b557f/.cache/ar/k-/ark-ff-asm	7214	87167b101d587417812cf2a76bbea6cd7561f0f22c6abe339ab154608820700a
registry/index/index.crates.io-1949cf8c6b5b557f/.cache/ar/k-/ark-ff-macros	12442	4f5717e960beb433f7e6ab46e92b66e2edc42d8489106d212f0527926fb5d006
registry/index/index.crates.io-1949cf8c6b5b557f/.cache/ar/k-/ark-poly	18557	56e80d821e7b74d519bc245a3965e5f8b3997ef7513d76b31c420c5d7905744f
registry/index/index.crates.io-1949cf8c6b5b557f/.cache/ar/k-/ark-serialize	17015	3235a10ae1aee9bafefaa965f70b6f194280e16c514244d35d332e6953a434b2
registry/index/index.crates.io-1949cf8c6b5b557f/.cache/ar/k-/ark-serialize-derive	8676	99f6ecc77346d2c0638ec4c436bf073aefc5d6f53fe3130acdbcb10bb45d129a
registry/index/index.crates.io-1949cf8c6b5b557f/.cache/ar/k-/ark-std	5966	fae65b77f9b11b42412f08dc8fbc4517a54ca56ed09f73c12f5d998fbaa6cc68
registry/index/index.crates.io-1949cf8c6b5b557f/.cache/ar/ra/arrayref	4582	efb41e84ef8c49094033ea99b69d07fd4fc97323fb91c267b708e7a982f2dd99
registry/index/index.crates.io-1949cf8c6b5b557f/.cache/ar/ra/arrayvec	35443	b54ff517b0f0ba3c83b8b8586adadf6ca457ad1de4953901494bd06f98402e31
registry/index/index.crates.io-1949cf8c6b5b557f/.cache/at/om/atomic-waker	2155	b2de0b82e81461355608b9fd53f40861f93367e3f51f9fba94b4d0f452643045
registry/index/index.crates.io-1949cf8c6b5b557f/.cache/at/ty/atty	9645	00fff9b4f568f33be8c0237a2782996edc848795ad8b96efa93f151596c1baa7
registry/index/index.crates.io-1949cf8c6b5b557f/.cache/au/to/autocfg	3634	3d5a45af1f6444b54c15a209a8f75ced405d17bdda8d2e6ccdbb050dda47328e
registry/index/index.crates.io-1949cf8c6b5b557f/.cache/ba/se/base64	28836	a0da95f758f60dc199fe3e918cdcb4bb32480b03e01a15d2588f9d22016c68cb
registry/index/index.crates.io-1949cf8c6b5b557f/.cache/bi/nc/bincode	54806	61fd7743cbfa2a62be3f0370fe80bf7e5bf880451cc70dff23fc0f39f4d6eb9a
registry/index/index.crates.io-1949cf8c6b5b557f/.cache/bi/t-/bit-set	12915	15ba9dabb69cc6bf75a381573fc43300eee12da6f44f33cb59545795d62c2c4d
registry/index/index.crates.io-1949cf8c6b5b557f/.cache/bi/t-/bit-vec	13287	d33ff3dc9404de934e1fa58e0969ca9fc25b5236036b794fa02595d8579ea9ac
registry/index/index.crates.io-1949cf8c6b5b557f/.cache/bi/tf/bitflags	62547	77019849a820038e34e83c7afec9cd35a291f0fa8eb6cf38a31094ce62628b60
registry/index/index.crates.io-1949cf8c6b5b557f/.cache/bl/ak/blake3	92554	0a2921dafb130169f29ec501b0fe1636a1b246b76579e6b7d5e933ae9e83ea97
registry/index/index.crates.io-1949cf8c6b5b557f/.cache/bl/oc/block-buffer	21310	01c56856aa2b0252ce0d90752ec2c0106edff7db2c1bdf35d60244762fd18419
registry/index/index.crates.io-1949cf8c6b5b557f/.cache/bo/rs/borsh	51074	8be7f8172dedeaf9ae415f83dede0a6ca15c877f6bf95b2baaf6db5ce7d64014
registry/index/index.crates.io-1949cf8c6b5b557f/.cache/bo/rs/borsh-derive	58230	0316973b650a82aba86fb7b473a8ec0e7035cc917989315887e06572d6b58cf3
registry/index/index.crates.io-1949cf8c6b5b557f/.cache/bo/rs/borsh-derive-internal	20109	eaf1d49bb2e7a985f1a65021f30525774b5db596fe5d17acdfb0906a28a9fc2b
registry/index/index.crates.io-1949cf8c6b5b557f/.cache/bo/rs/borsh-schema-derive-internal	13223	4a0fbd93011eb94525b368033ae2d222f6b3db5dc8327401c56945f563f2e6e6
registry/index/index.crates.io-1949cf8c6b5b557f/.cache/bs/58/bs58	9520	3bd54b9f73e92ac64f72804dded12c7e62950529f7a37a8ce5d4e68c178ecb75
registry/index/index.crates.io-1949cf8c6b5b557f/.cache/bu/mp/bumpalo	39901	5d71f003d79099c7b04514213d3f4d5d8ae397778ebcdbf52309ef092fd60a77
registry/index/index.crates.io-1949cf8c6b5b557f/.cache/2/bv	14406	2120a5b55c51c66b0026955be6ddd7446600526a9be91fbe6e10956e8268eb74
registry/index/index.crates.io-1949cf8c6b5b557f/.cache/by/te/bytemuck	35238	a54662301ca68b7a385c230ce922b32d98ee32259394c034147fba4d2fabc483
registry/index/index.crates.io-1949cf8c6b5b557f/.cache/by/te/bytemuck_derive	15475	446534c7478ef6ea64f43076489dffd95bdc0a8227953e2f631a53f6fd985c37
registry/index/index.crates.io-1949cf8c6b5b557f/.cache/by/te/byteorder	25363	c4fb960f678b14eb5bf857027f9f6c369145a00959bbbefbada216666cf30d3d
registry/index/index.crates.io-1949cf8c6b5b557f/.cache/by/te/bytes	31322	191f878e84458c01f2b28da199bae6af0e22d98f153f583abcacb1cfb76cb162
registry/index/index.crates.io-1949cf8c6b5b557f/.cache/2/cc	142029	f770d337263f812893587435cef762f537fab07a043fabd76791d742ac08cbd0
registry/index/index.crates.io-1949cf8c6b5b557f/.cache/cf/g-/cfg-if	4735	8d48ab1d1657f18075ece1b2e4d764975301df9756be764ddb91281815b5a00d
registry/index/index.crates.io-1949cf8c6b5b557f/.cache/cf/g_/cfg_aliases	1415	af137539718318d2bae93954e99e3f7a1296366362a6678660fee2a604227b29
registry/index/index.crates.io-1949cf8c6b5b557f/.cache/cf/g_/cfg_eval	5072	6eccaa661b95ce5f85e407a7420792d6010a9b05a10c61dc23b4d909fa97fc90
registry/index/index.crates.io-1949cf8c6b5b557f/.cache/ch/ro/chrono	143465	8edee2a3379ea0f74da9427c759d3c164881b59de6d84a618b4a859fe780ef6d
registry/index/index.crates.io-1949cf8c6b5b557f/.cache/co/ns/console_error_panic_hook	3614	2aeeaba92490b3b241e87c04b17fd4517b4b06cea80849864200ea333a8efcc1
registry/index/index.crates.io-1949cf8c6b5b557f/.cache/co/ns/console_log	4276	8a7cf1758e650cb2c65deede0067e30a247d96e494ba133122720132779bfcfa
registry/index/index.crates.io-1949cf8c6b5b557f/.cache/co/ns/constant_time_eq	7745	5f16326e3d4bed9a828e3a5283d311fef1b2ccefe62874276413406a6f5868ed
registry/index/index.crates.io-1949cf8c6b5b557f/.cache/co/re/core-foundation-sys	9089	1a633d1cfbe79c9e80e4a69d10f6a1e4dc9a545b1285309eca294b72df57569b
registry/index/index.crates.io-1949cf8c6b5b557f/.cache/cp/uf/cpufeatures	17848	dd29f42e05ee3cf258f4ecf10c43c47625306fbb3f041106ac48cf33d02b1435
registry/index/index.crates.io-1949cf8c6b5b557f/.cache/cr/un/crunchy	2822	8299e36775afbd181d812e02986a90625275688b3bb85be93eb107cb1717846c
registry/index/index.crates.io-1949cf8c6b5b557f/.cache/cr/yp/crypto-common	22622	888aa37a81634f87ae790d68b432c51f0c88a238fc08a760171958e263daef2f
registry/index/index.crates.io-1949cf8c6b5b557f/.cache/cr/yp/crypto-mac	11673	b2a7936f2acd3db1350d637e3d959d175d32fa1b2ce056652b61daedbe368dae
registry/index/index.crates.io-1949cf8c6b5b557f/.cache/cu/rv/curve25519-dalek	215305	2c3de4bf6d3793f8c5c90203cbed4ad78811494d735981027f7f250411199e1b
registry/index/index.crates.io-1949cf8c6b5b557f/.cache/cu/rv/curve25519-dalek-derive	1177	155bfd5750495ea893284f13019e2a81cf1d4e8381eb53c29b2bcb4130cb717b
registry/index/index.crates.io-1949cf8c6b5b557f/.cache/da/rl/darling	61405	5d14dfa10bbda6988daad0df1249ef44dd5748077f45c44e4049738c73b2c584
registry/index/index.crates.io-1949cf8c6b5b557f/.cache/da/rl/darling_core	62084	1540336b1b97b95a771c64790dec7fa196cbd27cab2f3c07cd8216207476f25c
registry/index/index.crates.io-1949cf8c6b5b557f/.cache/da/rl/darling_macro	38234	9b8452edf3aeea90f32ce0cd58c0f6f303baeb6aa8501d6c959515c6e6dad77f
registry/index/index.crates.io-1949cf8c6b5b557f/.cache/de/ri/derivation-path	1659	b963e14c17edaa9a41b885eac024550db26121a235187e47c86216674780f492
registry/index/index.crates.io-1949cf8c6b5b557f/.cache/de/ri/derivative	13439	5bbf59e6f1e439725a0e31be17bb320c274dff6b631d03957325ea9a91ae701d
registry/index/index.crates.io-1949cf8c6b5b557f/.cache/di/ge/digest	53601	4a9f0a9b47df415003371f47ed05c5a48bab33e642a3476e8ad1d4124178cfa3
registry/index/index.crates.io-1949cf8c6b5b557f/.cache/di/sp/displaydoc	16698	7e92edb456b50abd7068a8613d46dbc740d7c27c11078203413affd13ff82afb
registry/index/index.crates.io-1949cf8c6b5b557f/.cache/ed/25/ed25519	48784	492219ecdacdcc836b77fbee0d2322cc8c44e2f29903e83d009ad2f9aebedad7
registry/index/index.crates.io-1949cf8c6b5b557f/.cache/ed/25/ed25519-dalek	105367	f29537d13f50ec27bba7d9b5d6928dc820724fc311659617dfc9b1f61ff35ca3
registry/index/index.crates.io-1949cf8c6b5b557f/.cache/ed/25/ed25519-dalek-bip32	3899	3dc9055c92079d400c669c3f2492216b8fdcea033ae757a1012727a399b33488
registry/index/index.crates.io-1949cf8c6b5b557f/.cache/ei/th/either	12180	33d1e71e146190b57c0240d56e21dba8d018b29d2ed23962649ccfc3ae8b8573
registry/index/index.crates.io-1949cf8c6b5b557f/.cache/en/v_/env_logger	45551	a10445e02997f2499d75535686b3726e3c1c249c092666c2475bfc558d3cfdc4
registry/index/index.crates.io-1949cf8c6b5b557f/.cache/eq/ui/equivalent	890	0de05675d6f1a478d298c78622a7a8ebe69c01d86b79110eedb1ed11af55638a
registry/index/index.crates.io-1949cf8c6b5b557f/.cache/er/rn/errno	25180	609acf9108184ab8ca087991bf5d634262cea1dc157c6e31e4b7051c08d30fa6
registry/index/index.crates.io-1949cf8c6b5b557f/.cache/fa/st/fastrand	25640	bb3497dd4b879758b900190b56912c6cc1995c4b64f701904b44c048912b1505
registry/index/index.crates.io-1949cf8c6b5b557f/.cache/fe/at/feature-probe	432	628f9f7ac389e28c2c751cbb1eb1335f38ba0afe756464ee78b3843f4304caa8
registry/index/index.crates.io-1949cf8c6b5b557f/.cache/fi/at/fiat-crypto	6557	3d645e6de10d18869f1756384848130c7cf54520ac3b573fb78281d36af1073e
registry/index/index.crates.io-1949cf8c6b5b557f/.cache/fi/nd/find-msvc-tools	2658	21cf67760c0a20a4b16fe8cb0d1ee9437c4ba5289adfb978028686cba38b213d
registry/index/index.crates.io-1949cf8c6b5b557f/.cache/fi/ve/five8	2779	25c29e19adbd977459fb5e16a8f945b33924a51ddd28556fdba3b4d5fc63e097
registry/index/index.crates.io-1949cf8c6b5b557f/.cache/fi/ve/five8_const	1923	c7cceca2597914d0646cc698995fb9fb9b027d5feb29d3fba25b246dfb8f380f
registry/index/index.crates.io-1949cf8c6b5b557f/.cache/fi/ve/five8_core	852	830ae919719ea86b34aef5531d5bf90db6a4c0b496fe3699d197ecd1db2b399d
registry/index/index.crates.io-1949cf8c6b5b557f/.cache/3/f/fnv	1536	535e54358b84c1e2f8d9d580d87b7607d932075bfc4db309b0d3bade2b78cc94
registry/index/index.crates.io-1949cf8c6b5b557f/.cache/fo/re/foreign-types	2599	7192e28e2536d0e4813c3d6c788cff10b559718dd182ce2b559941985b416cb7
registry/index/index.crates.io-1949cf8c6b5b557f/.cache/fo/re/foreign-types-shared	1046	4eb6110c6cf2ee67e31beecf352fe9ec3bc473f3649e4f28363fd02db3f93aef
registry/index/index.crates.io-1949cf8c6b5b557f/.cache/fo/rm/form_urlencoded	2576	433f72afd8bc9e10800fab1658e37763f5754764bb12ff9ee5c536ecbd2135b3
registry/index/index.crates.io-1949cf8c6b5b557f/.cache/fu/tu/futures-channel	23573	5c5b4992af3b5a87dd249330b8b5c12b7c4be1dd76dd89d71f0de66c749fc550
registry/index/index.crates.io-1949cf8c6b5b557f/.cache/fu/tu/futures-core	12959	efd49b47d990ff3d5f4759803b18ac1d16b6f277d4e202b362c5ede397f550aa
registry/index/index.crates.io-1949cf8c6b5b557f/.cache/fu/tu/futures-io	11310	d3a080bf9043ea714ceb0b130679c8b6edf022d32aa904e28ec1e11eb88c6f4e
registry/index/index.crates.io-1949cf8c6b5b557f/.cache/fu/tu/futures-sink	10945	5d8e794aa845e4c7093089bda91a7d17f7321a9fcae4950004533607985384fa
registry/index/index.crates.io-1949cf8c6b5b557f/.cache/fu/tu/futures-task	11451	d68cb2fc4b6b3895ca69bc9deb4a12c3512a8c66e433f27e58e9f165ebc3e55a
registry/index/index.crates.io-1949cf8c6b5b557f/.cache/fu/tu/futures-util	93957	ef6139743db8bbf34f3db3ae7874d905bab8d75f2c2f441dc10619d032100d65
registry/index/index.crates.io-1949cf8c6b5b557f/.cache/ge/ne/generic-array	70395	ca57d9fc384febb27edb69462550ed8e38f8e11d2c074260759055af41affcb4
registry/index/index.crates.io-1949cf8c6b5b557f/.cache/ge/tr/getrandom	92014	ea3ebfe89a8153e02e45194ad58f9fddf29158f70392ed66fec931a14f885192
registry/index/index.crates.io-1949cf8c6b5b557f/.cache/ha/sh/hashbrown	105523	1e697f50eb6bb6eeff9221f8ae844c3929285f3a779a3ee621895cc3efa40598
registry/index/index.crates.io-1949cf8c6b5b557f/.cache/he/rm/hermit-abi	30219	991cabb27cc0791197299a7051c703f9656d1bb658911126cd0ab429b9e9a3bc
registry/index/index.crates.io-1949cf8c6b5b557f/.cache/hm/ac/hmac	34009	595537f657dc3b8722ccd18f437939bb540df6ece4eb3e52955bc1e881823c42
registry/index/index.crates.io-1949cf8c6b5b557f/.cache/hm/ac/hmac-drbg	5398	e7194ad3c5a220d3d2b291f9e6f727d832e0698fe25ad39fdd8770c1a9352c62
registry/index/index.crates.io-1949cf8c6b5b557f/.cache/ht/tp/http	54493	9236bffd9cdcf2898398ec405d56a8d7c72212ded803b098a228021e15211e63
registry/index/index.crates.io-1949cf8c6b5b557f/.cache/ht/tp/http-body	9875	74a7c55df9dd202a54e7b6a4402f2ef021d2b44f1a33a45bbed9d7e05d67e626
registry/index/index.crates.io-1949cf8c6b5b557f/.cache/ht/tp/http-body-util	9602	93b7f71f4d5972198925cca100a6d9a8a4c0cbd9375815d12eefc9c5e7444601
registry/index/index.crates.io-1949cf8c6b5b557f/.cache/ht/tp/httparse	14918	699eeda0c0a5b4aacc0527be73c12c03bca8d18b6498656398ca031ab6e864cd
registry/index/index.crates.io-1949cf8c6b5b557f/.cache/hu/ma/humantime	9889	d6268a0532f2bd4b341c95566c009c2c37570cadccbc9c5ceff3719df6b897bc
registry/index/index.crates.io-1949cf8c6b5b557f/.cache/hy/pe/hyper	706972	d59e504d8bf9fc82b558154ee46cb645201db7648a1d1fd29239a53273041bd4
registry/index/index.crates.io-1949cf8c6b5b557f/.cache/hy/pe/hyper-rustls	92786	0655c83d7a7de82917993e1974fa87d6d6101d963527c23dba9627081e9911a9
registry/index/index.crates.io-1949cf8c6b5b557f/.cache/hy/pe/hyper-util	75261	9c1691609861d1a743f41d73c5ab68e62bfbaacfcf294069ea7208f3c49ee41e
registry/index/index.crates.io-1949cf8c6b5b557f/.cache/ia/na/iana-time-zone	69104	b99f27fbf813f334ae2a2faf03af4a3569efd6b4d27aaa5af06d67d54a6db5f3
registry/index/index.crates.io-1949cf8c6b5b557f/.cache/ia/na/iana-time-zone-haiku	1231	d02a8e04865fa632094fea41bceb5197281c87482dc50f11223c7cc719bc94f2
registry/index/index.crates.io-1949cf8c6b5b557f/.cache/ic/u_/icu_collections	29401	194e6b5ddca8cd3a7479575c0f4b7b57ae798de8755abc760eb9659576c3f97e
registry/index/index.crates.io-1949cf8c6b5b557f/.cache/ic/u_/icu_locale_core	15147	6acdc52442b5c7f18d0868719b5912f054ed766f5aad53bca2fb11b0e8ca3dc6
registry/index/index.crates.io-1949cf8c6b5b557f/.cache/ic/u_/icu_normalizer	53824	01080de264b1f49cd1258004fce64cb13223a5c55b360f66287a008e7e2d9b40
registry/index/index.crates.io-1949cf8c6b5b557f/.cache/ic/u_/icu_normalizer_data	3217	100c8a7fbf48015d2d341762186f1e4fb903de7f874510cbeb91f4989780f093
registry/index/index.crates.io-1949cf8c6b5b557f/.cache/ic/u_/icu_properties	45740	9b37b775808ff1781ffcff4065f397783928b2d79af1c0a56ca1a80b7b340294
registry/index/index.crates.io-1949cf8c6b5b557f/.cache/ic/u_/icu_properties_data	4101	3f52681ed0b6215cc26e4906fea0c108fe77a908be39de5b8b8410683ca29cee
registry/index/index.crates.io-1949cf8c6b5b557f/.cache/ic/u_/icu_provider	61834	9d3c302d78df4d2d6c4b224876196dcf2dd6aeb63dde030bf7c58a41f5277712
registry/index/index.crates.io-1949cf8c6b5b557f/.cache/id/en/ident_case	426	9901171f876375f53246f5c24dca670b005cc77bbfe3e611db469e585164af81
registry/index/index.crates.io-1949cf8c6b5b557f/.cache/id/na/idna	17339	f50926ef0597d5aa3bb2a03de60ee15e962e7f66ed220ebcab23d877c3eef38c
registry/index/index.crates.io-1949cf8c6b5b557f/.cache/id/na/idna_adapter	3299	6cd2d8897f750101a3007576835008c1a0d7358eff5d2e356b6dc229185ec350
registry/index/index.crates.io-1949cf8c6b5b557f/.cache/in/de/indexmap	92770	f9d71add72f479d630d7650b36c0aa9b468339c442f73a1aa397dde717da1cd9
registry/index/index.crates.io-1949cf8c6b5b557f/.cache/ip/ne/ipnet	23184	187ea210520122af2205cf30236e4dfd6b2ab16adf140ed413df67dbadedc7b3
registry/index/index.crates.io-1949cf8c6b5b557f/.cache/it/er/itertools	61102	e3a2e0ef115cacef28e8883813f5a98f4015b49ba8dfa3b8610f9428b722ea00
registry/index/index.crates.io-1949cf8c6b5b557f/.cache/it/oa/itoa	9750	358ec410c0eb6e99d0bd115834b6f94aa92791f87d684c29f2dc7a62b7887b48
registry/index/index.crates.io-1949cf8c6b5b557f/.cache/js/-s/js-sys	81425	df1c8504c17bbc290391387061d61e6e327cba9bfc7bb2136eadbbf07573577f
registry/index/index.crates.io-1949cf8c6b5b557f/.cache/ke/cc/keccak	6009	94801f2275c6d85123ec84bf1643d86e4bab49c755f69e7ba3afda88325b8149
registry/index/index.crates.io-1949cf8c6b5b557f/.cache/la/zy/lazy_static	11535	4dd698ef87b7fece67ca93bb2f387dec280803b670058fd08997bc83d53c7182
registry/index/index.crates.io-1949cf8c6b5b557f/.cache/li/bc/libc	82569	24166d96fa629d76441640a11ed23f1c690b1d8223dec8bccf36603116f61faa
registry/index/index.crates.io-1949cf8c6b5b557f/.cache/li/bs/libsecp256k1	38069	e402ffa65015340a7ffbac42012404bb85391aff8e935d08b1bb4031d00a1f1a
registry/index/index.crates.io-1949cf8c6b5b557f/.cache/li/bs/libsecp256k1-core	3549	b7b15088577a637090010cdb95612d5da29b4ef76f7b462cec993fcb2cf81d8a
registry/index/index.crates.io-1949cf8c6b5b557f/.cache/li/bs/libsecp256k1-gen-ecmult	1370	fd5b7e48560a39344754120bd8fd3538f332e39e0e029f0ebbe0a1e17781c448
registry/index/index.crates.io-1949cf8c6b5b557f/.cache/li/bs/libsecp256k1-gen-genmult	1374	7399b559aad39a23eaaedb2a0fd0c5f9bdeaf8946e3760a7460cfd54ab8108c3
registry/index/index.crates.io-1949cf8c6b5b557f/.cache/li/nu/linux-raw-sys	81593	e20d72e863f9d5a06f29138ba8505b919eb7127bedb6bee3b4e294328b8cfb5e
registry/index/index.crates.io-1949cf8c6b5b557f/.cache/li/te/litemap	26811	e7ce1a0ec98d61668b34d4c6e6ac0649d54b326333b879be5ffc1370b3466b4a
registry/index/index.crates.io-1949cf8c6b5b557f/.cache/lo/ck/lock_api	15747	6a84bec235b73295e2a8374f0cf44624dae15090859b689f744227058827abc2
registry/index/index.crates.io-1949cf8c6b5b557f/.cache/3/l/log	67685	a75991da988ce93760221f19db4f0d0eeca0e82d00d5f3ddc88c4806542178c4
registry/index/index.crates.io-1949cf8c6b5b557f/.cache/lr/u-/lru-slab	610	e6a3ef9288e9c0c662d179c18f66530bff8637a3a046e4a58fa591a26f17072e
registry/index/index.crates.io-1949cf8c6b5b557f/.cache/me/mc/memchr	28753	fd6ae4fcce894bf67403c653f73a6fe48bfa1fac66a04e2caec70e1f36343d05
registry/index/index.crates.io-1949cf8c6b5b557f/.cache/me/mm/memmap2	22482	57d7db32093ad7d5ce796abd399e188adf77f9251df42494d92391dbdcf1cb3e
registry/index/index.crates.io-1949cf8c6b5b557f/.cache/me/mo/memoffset	9192	e2fe3e0a490a7216934412874b964a87a6ec53f3f859d7959ccf4da3d9ddf787
registry/index/index.crates.io-1949cf8c6b5b557f/.cache/3/m/mio	111299	2710337e8b679a6172141c724a41ae5bfb1d1584890bc8c1488b4a43be2ea300
registry/index/index.crates.io-1949cf8c6b5b557f/.cache/nu/m-/num-bigint	37370	fed1acc7cc1f50144a24bc90165ab555c3c405be2de78dda514b4cf01cef18b1
registry/index/index.crates.io-1949cf8c6b5b557f/.cache/nu/m-/num-derive	18251	4ebc68c9987541ae4169e213975260397da9ffd85c018017aad88284fd2bf3aa
registry/index/index.crates.io-1949cf8c6b5b557f/.cache/nu/m-/num-integer	6591	0ecb16a7680c55db7c5f6f81ed774320b12ddccb5077e08f5d3ccffdea903ff9
registry/index/index.crates.io-1949cf8c6b5b557f/.cache/nu/m-/num-traits	9884	7c7ceb0ad2e9ed675b5a794dc474615adaef9a4d963e5827f050ac4f03bd5d39
registry/index/index.crates.io-1949cf8c6b5b557f/.cache/nu/m_/num_enum	27268	af270c27cd65eef84da4271fda6b0114700a712a22bec1fd5386b16564f3bde8
registry/index/index.crates.io-1949cf8c6b5b557f/.cache/nu/m_/num_enum_derive	20609	3469751ec55fbb79c3c45e3228d590528ccbf75489e9a1161f169380afbc91b4
registry/index/index.crates.io-1949cf8c6b5b557f/.cache/on/ce/once_cell	51392	482e2ff5884947e2bcaaa63d01cc99d0fb6090cdff0a51ee22869f1362126efe
registry/index/index.crates.io-1949cf8c6b5b557f/.cache/op/aq/opaque-debug	1794	6fec512408f8569437cdbae2b38e8ebfe9d29b475db56e641961a59157187151
registry/index/index.crates.io-1949cf8c6b5b557f/.cache/op/en/openssl	208243	7c01eeb94600cc96b2d6c7daa4c04c5ef7198a5e30c93aa9cf25ff6c53115a7e
registry/index/index.crates.io-1949cf8c6b5b557f/.cache/op/en/openssl-macros	1130	45cb93237c08e1ef882985c8e3d8cf4f938eb9372b2fa9b4eecbb1d88b15dcb8
registry/index/index.crates.io-1949cf8c6b5b557f/.cache/op/en/openssl-sys	195339	374a74576e2dc2d21023480f2a62e842947808de8efb78c8b084cdc664e41114
registry/index/index.crates.io-1949cf8c6b5b557f/.cache/p3/-c/p3-challenger	33946	b1b61e759b15fc5d646f47a5913233f6c747bc3b3f81c227d962a5a7e63befba
registry/index/index.crates.io-1949cf8c6b5b557f/.cache/p3/-d/p3-dft	39722	b67a432a8e3171f5251754c12035f7832234eabfe42b91e6578ee66d009f5706
registry/index/index.crates.io-1949cf8c6b5b557f/.cache/p3/-f/p3-field	37457	3f0fe7a73a27c655b53783f54ccc902de63af68edf226b4aadfcf1107d2e30fb
registry/index/index.crates.io-1949cf8c6b5b557f/.cache/p3/-m/p3-matrix	40743	98e0fb203fae6505551059817a73d172ed80e63e7b5d0b2874328bf61e931dba
registry/index/index.crates.io-1949cf8c6b5b557f/.cache/p3/-m/p3-maybe-rayon	11586	6ccc054deb76e0d9131665396fc72f121fda3f7f10941bf8bf55dc96d45bc52a
registry/index/index.crates.io-1949cf8c6b5b557f/.cache/p3/-m/p3-mds	37999	e15a20e556db2760fe6271067c6a87882b10e64a7348e49e533b523d74e9dff9
registry/index/index.crates.io-1949cf8c6b5b557f/.cache/p3/-m/p3-mersenne-31	68807	69cdee055e55395af3f9d0d133525376819f4e250bba3ee4557b6bea7eeb7ea6
registry/index/index.crates.io-1949cf8c6b5b557f/.cache/p3/-m/p3-monty-31	34086	cf8d20fab12540f0a2df8b7e6e2b72e1c0777048956101e57fc5f3aeb3951e75
registry/index/index.crates.io-1949cf8c6b5b557f/.cache/p3/-p/p3-poseidon1	7351	dd72348dd24066b6821fabbf7d34fdce59a9fbcd80c7018a258e00239126f65a
registry/index/index.crates.io-1949cf8c6b5b557f/.cache/p3/-p/p3-poseidon2	34829	db251115fd1d7b89553fdc9ceaa19625b56867590a8effb0375565a0537c6099
registry/index/index.crates.io-1949cf8c6b5b557f/.cache/p3/-s/p3-symmetric	21399	bcbaf6705afdc6fe7bd5e65dc9830cd711a8e4485acda7c33610338e28a0ba4d
registry/index/index.crates.io-1949cf8c6b5b557f/.cache/p3/-u/p3-util	20306	c635651f505122cf60e4fa81805099ada086e84ca293df2bd10ab2eb085bfb60
registry/index/index.crates.io-1949cf8c6b5b557f/.cache/pa/rk/parking_lot	45168	26622dd030c449655466802a38b5b662658b08762fb29c10bfd301dbd7c27825
registry/index/index.crates.io-1949cf8c6b5b557f/.cache/pa/rk/parking_lot_core	67234	fad0b85d540f583cab30332690df29c4371724285ae77dc939344a3beacac9d8
registry/index/index.crates.io-1949cf8c6b5b557f/.cache/pa/st/paste	19292	55da3639592e934a3c291a89495f1808f9eb3730207db65f98262c85d610e844
registry/index/index.crates.io-1949cf8c6b5b557f/.cache/pb/kd/pbkdf2	62672	e7aa0b084a8311b94ca845649c7b57957bdca6e769a3c2af7f1c9f91abd64f7b
registry/index/index.crates.io-1949cf8c6b5b557f/.cache/pe/rc/percent-encoding	2102	6fac5dda923212ddc67682bde913e3fe95193e0bfa698eebe8c76594a3218437
registry/index/index.crates.io-1949cf8c6b5b557f/.cache/pi/n-/pin-project-lite	18513	602412dec1578068348640111fab9dc4b9f47e1f947463d6aa7bcd03f5b19020
registry/index/index.crates.io-1949cf8c6b5b557f/.cache/pk/g-/pkg-config	12079	d12f9958aa929247f3d9dc3f790665063d4b9166a21b52de5ed3e2c0b9d2962f
registry/index/index.crates.io-1949cf8c6b5b557f/.cache/po/te/potential_utf	6810	39c11a0376c38501484426f880e4c67d2c6bb234afffcf43444adc0686eccd1e
registry/index/index.crates.io-1949cf8c6b5b557f/.cache/pp/v-/ppv-lite86	6597	ab4fb5d50c069897c13c30e065f69db249862704cb650283fdf929096ef13575
registry/index/index.crates.io-1949cf8c6b5b557f/.cache/pr/oc/proc-macro-crate	17341	9f048578d5755f2872368cea11eeeb76f717846d180d56e8c5ed158d94fabb81
registry/index/index.crates.io-1949cf8c6b5b557f/.cache/pr/oc/proc-macro2	93770	95228f72462ea6fa119430877d1c7abb7a22346da05473c37ecc12e678174b69
registry/index/index.crates.io-1949cf8c6b5b557f/.cache/pr/op/proptest	83634	ac0e7346dc11779b3c059484ef7019d72038e9324777b2d1e30aa6f43c867536
registry/index/index.crates.io-1949cf8c6b5b557f/.cache/qs/tr/qstring	4402	54ec282a7adf27459e430aca130c78ef14f104ce92794ca6c9c026bd03ddf165
registry/index/index.crates.io-1949cf8c6b5b557f/.cache/qu/ic/quick-error	3102	9e4e17d79da218664baea45a1024e0ad8e870223b59d834a17ded05472c53732
registry/index/index.crates.io-1949cf8c6b5b557f/.cache/qu/in/quinn	142196	a22ded20ccc30bcce74a90b04f079a20bb78191f973e41db6459ad15fac7f76e
registry/index/index.crates.io-1949cf8c6b5b557f/.cache/qu/in/quinn-proto	129296	43cc7e8caa9f749193e3aca5c951d25f921a41bf4cdd3b55d55dd35c86cbd2d0
registry/index/index.crates.io-1949cf8c6b5b557f/.cache/qu/in/quinn-udp	36504	663f56f54ef8462e6bbf4dce60d0854c6c6a83bbdee51b57c4698a864b852131
registry/index/index.crates.io-1949cf8c6b5b557f/.cache/qu/ot/quote	42698	bf97b4d031ad9a1159e896720b9227fb39947f370b48cb8ded9abd27b1515feb
registry/index/index.crates.io-1949cf8c6b5b557f/.cache/r-/ef/r-efi	8339	a2f9390340035b66c560c9a7190a0002daabce5ac0834d43d5daff52750b2591
registry/index/index.crates.io-1949cf8c6b5b557f/.cache/ra/nd/rand	121620	708889cbe910a691c185eeb814a6950f701b97281fcdfcd287307fbc0d192922
registry/index/index.crates.io-1949cf8c6b5b557f/.cache/ra/nd/rand_chacha	12124	fd642cb7da9b6c4a35219a694dad485fdfad935938b3197f502c8912c0f0aa22
registry/index/index.crates.io-1949cf8c6b5b557f/.cache/ra/nd/rand_core	17921	11d9314dcab9d02dcdbaa7d9a8b7280081904133cf18300d82f7313cfef872ea
registry/index/index.crates.io-1949cf8c6b5b557f/.cache/ra/nd/rand_hc	3223	b54a7c68580c415d235e37cf1b7803761de26757fd94e3f6b8bde842862dcc5f
registry/index/index.crates.io-1949cf8c6b5b557f/.cache/ra/nd/rand_xorshift	5148	c6823e564e4d47b6fd446ac21fd94911b6094f5a775378d6cb0f20a8c91d7184
registry/index/index.crates.io-1949cf8c6b5b557f/.cache/re/do/redox_syscall	40882	157723ce844876395a0cf455690f40d990f0e8a3539215a4b2fc1073c81d762f
registry/index/index.crates.io-1949cf8c6b5b557f/.cache/re/ge/regex	226123	0b62bf8394047936390f41504fee5a9e3745503019545ad207cb3b8aef8a1763
registry/index/index.crates.io-1949cf8c6b5b557f/.cache/re/ge/regex-automata	100471	b50eaa40a046efa5f2fad59ed6f8c488750b169aa55c92af2e2954b63299b661
registry/index/index.crates.io-1949cf8c6b5b557f/.cache/re/ge/regex-syntax	36128	99daa6b4b0f98d3a1070b20a95fd23ef9e0408b5a6d268fc6298f08a372530ab
registry/index/index.crates.io-1949cf8c6b5b557f/.cache/re/qw/reqwest	957595	b5a4690b10fcfb908eb0b996958a4970b64a1a02dc53df7082e665c90bb26460
registry/index/index.crates.io-1949cf8c6b5b557f/.cache/ri/ng/ring	193721	5188c2e8850f2c89b96c8b39f427689139c20cf2e5aa03cbea8ccebaaf264254
registry/index/index.crates.io-1949cf8c6b5b557f/.cache/ru/st/rustc-hash	3112	f5d5b78a7e13e84e07b0f7e2a1115922ab341cd594a53983bd413aca74b6316a
registry/index/index.crates.io-1949cf8c6b5b557f/.cache/ru/st/rustc_version	6317	3744ab3020445086377802ab39e1d799d98e15bcf9e5203f382bee8879eeb553
registry/index/index.crates.io-1949cf8c6b5b557f/.cache/ru/st/rustix	1128636	aefac7eee9dda4b5ced75309092b8cd44b9eff12371fa404639391dc4bb96bcb
registry/index/index.crates.io-1949cf8c6b5b557f/.cache/ru/st/rustls	285299	e15024eeda4d3ad9451e5a9d74c23fc75f05e5992b380b3e56af86f0093aa1a4
registry/index/index.crates.io-1949cf8c6b5b557f/.cache/ru/st/rustls-pki-types	15752	78781bf0fe3e8fed92cd6a0fa8fcf8f1bff1d209f20b1c99a0c4f72b1f238125
registry/index/index.crates.io-1949cf8c6b5b557f/.cache/ru/st/rustls-webpki	86030	2dd530d4d791aea59aa366d7be4a2c4dbfccc1b293591c42ea82c9aaa7d00a10
registry/index/index.crates.io-1949cf8c6b5b557f/.cache/ru/st/rustversion	10024	436aebebb68fcafac49cf08f4870ca51b2f2c8d2d7db2590606a8416df16c9c2
registry/index/index.crates.io-1949cf8c6b5b557f/.cache/ru/st/rusty-fork	5018	a6ef5bbad80a9ec284f1d5919764233cb3834c1fd0badd9762cee946b9ef447e
registry/index/index.crates.io-1949cf8c6b5b557f/.cache/3/r/ryu	21724	ecef9add1078b90981960dc1054f43d7d862bacf37311b3febafc90f5be3430c
registry/index/index.crates.io-1949cf8c6b5b557f/.cache/sc/op/scopeguard	2373	735a7c1b21fd2e260142afb3f5f2440d2593c11900d37d434e08975b18ed64e4
registry/index/index.crates.io-1949cf8c6b5b557f/.cache/se/mv/semver	24293	2e36b1b3016b5ce75289e087611a460b9b58d040511db1babc01dda7ede8b003
registry/index/index.crates.io-1949cf8c6b5b557f/.cache/se/rd/serde	167236	8fa7dcf631674523357d78dd82a9e8ec91e6822bf658e996962382d5b03a06f2
registry/index/index.crates.io-1949cf8c6b5b557f/.cache/se/rd/serde-big-array	8357	97c2132cd57d1a4a594f2c28120312207a44752fa4b4d4154800b2d374469a8a
registry/index/index.crates.io-1949cf8c6b5b557f/.cache/se/rd/serde_bytes	20961	da0c5f2d91788bfc7511e5da8003bfce1364ab34e7aaf8c32dfe173ae1f39714
registry/index/index.crates.io-1949cf8c6b5b557f/.cache/se/rd/serde_core	6606	00f5412df941bf2bb3aa7fe7e2456fabff8ce96f324060645cb84a1a0200647c
registry/index/index.crates.io-1949cf8c6b5b557f/.cache/se/rd/serde_derive	198632	04e32a953a39f321a61f4914b3b22025f8476f6d5f7140025e3766c28c6af06d
registry/index/index.crates.io-1949cf8c6b5b557f/.cache/se/rd/serde_json	278595	a558e6db3da2d63e247ea734320ef3483b4538a97d4f650ba99af9d377037dc1
registry/index/index.crates.io-1949cf8c6b5b557f/.cache/se/rd/serde_urlencoded	12348	8adaffff672ac5c5440aaeb7c45e00becc6161077c7182cc75932b5b3b9d0ba4
registry/index/index.crates.io-1949cf8c6b5b557f/.cache/se/rd/serde_with	271221	2a07fde50af5bfa4c7b549ed5cf363977f2aa293439bc4996bfaaac8d222b9c2
registry/index/index.crates.io-1949cf8c6b5b557f/.cache/se/rd/serde_with_macros	86524	8cec6be3bc0c7f395c6ef58ec07e8923c98b27a123c07f5085e7a349ea26890e
registry/index/index.crates.io-1949cf8c6b5b557f/.cache/sh/a2/sha2	54830	267d7e974971d33790232ae905c481d424ab7ade021e631236bb5363f0849a7f
registry/index/index.crates.io-1949cf8c6b5b557f/.cache/sh/a3/sha3	35880	1a036f077a7438fdf2da2c8c844646774c257f3e32409eb0db2f54ac497520ff
registry/index/index.crates.io-1949cf8c6b5b557f/.cache/sh/le/shlex	1939	6e1c6fcc74d6967bda31e9ab5c4d4159594e4e10d8a13576f7b2fc1ea388f79b
registry/index/index.crates.io-1949cf8c6b5b557f/.cache/si/gn/signal-hook	42210	8f26396c98eb47cea6859431cd1b76d959dfdc5714ddb4b93f2ce92a639992a2
registry/index/index.crates.io-1949cf8c6b5b557f/.cache/si/gn/signal-hook-registry	8946	dafd1e4ab65d109cc0b0f253d386000baee069a92cd59a6ba3495203b7ce5dc1
registry/index/index.crates.io-1949cf8c6b5b557f/.cache/si/gn/signature	44181	dc7600cf48f1c392bb8487ff96e3743866578d0f3dfcae64352723f0dede0546
registry/index/index.crates.io-1949cf8c6b5b557f/.cache/si/ph/siphasher	9622	1573e754ae53cedd175161dc494645666ee407312b0e18a5c664c973ed7ca847
registry/index/index.crates.io-1949cf8c6b5b557f/.cache/sl/ab/slab	8221	9806ea47e9ade41c8f35f120d77e00143ef5c8f11acdc7d2d28db39b0d770ec7
registry/index/index.crates.io-1949cf8c6b5b557f/.cache/sm/al/smallvec	42868	b99743c4de0264f0ceba262180d9c92084721fdb5b5467fea7af91b45ffaf560
registry/index/index.crates.io-1949cf8c6b5b557f/.cache/so/ck/socket2	41122	1620c09635fd21b208b627d513b820d51a1a03eea37c5a09688efb385738fe88
registry/index/index.crates.io-1949cf8c6b5b557f/.cache/so/la/solana-account	78336	fea00e17fc12ede2c24d1232c826d46867ecd5acc3e061838df764ba82e95acb
registry/index/index.crates.io-1949cf8c6b5b557f/.cache/so/la/solana-account-info	24441	84cff519212e92859190a82ddc271d029f7863c9739fd7d9a0e028af39347607
registry/index/index.crates.io-1949cf8c6b5b557f/.cache/so/la/solana-address-lookup-table-interface	20122	45d53d5c9920176ca931da9f7a81ea7dc309f3dc61e19972727f84c8609e11f2
registry/index/index.crates.io-1949cf8c6b5b557f/.cache/so/la/solana-atomic-u64	9140	57c08962b130f3faa28be5930a80ad4743f85c777edd89f591969aa1bd94c816
registry/index/index.crates.io-1949cf8c6b5b557f/.cache/so/la/solana-big-mod-exp	6075	073ad1631563fff9b1bc47d8869fc0f3521332a84c73244620a9dd885bd9d268
registry/index/index.crates.io-1949cf8c6b5b557f/.cache/so/la/solana-bincode	15010	9514354ec511f66bc81ee795faedd4ddf72714ce5ce7805a149edb8e6aadb348
registry/index/index.crates.io-1949cf8c6b5b557f/.cache/so/la/solana-blake3-hasher	7458	596bb55d76de46d49a010dab43ec8f2d4c315981f7bf3df66a25c5336b22811f
registry/index/index.crates.io-1949cf8c6b5b557f/.cache/so/la/solana-bn254	49420	a0cfef9107868cd66e1e79b12ff06843b4d93adcf888fe9feba29d8d938bc2d7
registry/index/index.crates.io-1949cf8c6b5b557f/.cache/so/la/solana-borsh	12198	cfe408cf07337e035ed916acd1010127e6f06645cbcbe8f830449c88913046b2
registry/index/index.crates.io-1949cf8c6b5b557f/.cache/so/la/solana-client-traits	11637	03fd4e5f24461353ec10f02456d1dea385185032887edee4b04673463abffbf7
registry/index/index.crates.io-1949cf8c6b5b557f/.cache/so/la/solana-clock	29342	51dbe820d74ee766082b2e590b3fc68f662c215fac302fbe3756d3c55657f5f9
registry/index/index.crates.io-1949cf8c6b5b557f/.cache/so/la/solana-cluster-type	6026	a1d719a6e54bba42ae085b981144fc2dc48ce36228a4c9a22d00d5c9599689ae
registry/index/index.crates.io-1949cf8c6b5b557f/.cache/so/la/solana-commitment-config	3366	f0dad15eb359877d277d1019bd8372eeff3d1e45b06f75067cba5e62e7951716
registry/index/index.crates.io-1949cf8c6b5b557f/.cache/so/la/solana-compute-budget-interface	8293	aeed57a4cc6de1cd1bbce0a41e3cbcd753e3df24f1836b4ce2560772211a2993
registry/index/index.crates.io-1949cf8c6b5b557f/.cache/so/la/solana-cpi	34033	1f7b478c2733a74a7f3c210f05add7107ee2d4784b397ae32d6d4e83ccac0dc4
registry/index/index.crates.io-1949cf8c6b5b557f/.cache/so/la/solana-decode-error	10710	f127221d0ed848b09d3d325ffd9f8c910d60d059ffaf4a7620b0882f1f51ad3b
registry/index/index.crates.io-1949cf8c6b5b557f/.cache/so/la/solana-define-syscall	6444	36a3c1e30f7d0786941be49f06bd1f12d7cd80f74043872ecb9c34ac3f1332e4
registry/index/index.crates.io-1949cf8c6b5b557f/.cache/so/la/solana-derivation-path	16878	fbb92c0600dea9644f29b63e921ff88cfbd685a8e7450be5bda6931b6425c21b
registry/index/index.crates.io-1949cf8c6b5b557f/.cache/so/la/solana-ed25519-program	22014	7a35208533cc8aa91171bec89c282e03b6430126c0f321782163b71342c5dea3
registry/index/index.crates.io-1949cf8c6b5b557f/.cache/so/la/solana-epoch-info	2744	69e1eaa69a3bc4d68ba507e90741108bd37aebbeb6e665910762c05dbd549f52
registry/index/index.crates.io-1949cf8c6b5b557f/.cache/so/la/solana-epoch-rewards	14213	8bc060e8ec66ec4d13e05507bfcd67f1c1dc0fdca14ca13ac88a7efea70b1ca0
registry/index/index.crates.io-1949cf8c6b5b557f/.cache/so/la/solana-epoch-rewards-hasher	3401	935ae223e15287e4c21f6344f3d43227ba63276ffe21a0c0ee52e9fe2d87413e
registry/index/index.crates.io-1949cf8c6b5b557f/.cache/so/la/solana-epoch-schedule	40690	c722619d2090ab66178c32c4eda2a8126e1a3721dfe690fef2a559f22151bae6
registry/index/index.crates.io-1949cf8c6b5b557f/.cache/so/la/solana-example-mocks	9148	4113df1bbe58befedef3714370f9519ffab12d3ec67ed80ae08d1919f1e6c3dd
registry/index/index.crates.io-1949cf8c6b5b557f/.cache/so/la/solana-feature-gate-interface	14217	bb14ca61af4d0e7014b8d4f56bd581f977afbe7a04e7d58e4d957ca8aa2836e9
registry/index/index.crates.io-1949cf8c6b5b557f/.cache/so/la/solana-feature-set	36303	02f368d573afa13f7a0dcdb552a8c433baa2262a3075b36ad3ee45821b975d39
registry/index/index.crates.io-1949cf8c6b5b557f/.cache/so/la/solana-fee-calculator	38782	62e7e380a93904f2b32eeb7c941f03b288822579ebad924da4d621aa54707b29
registry/index/index.crates.io-1949cf8c6b5b557f/.cache/so/la/solana-fee-structure	6171	1b30dcb9869a604f575e533a166a3fb9b8025813781152522019b11acba1eabd
registry/index/index.crates.io-1949cf8c6b5b557f/.cache/so/la/solana-genesis-config	26613	c5fe382c18d5edfc57a8c1c58d6defc7f70b967d4d92159d115ebb81968691c4
registry/index/index.crates.io-1949cf8c6b5b557f/.cache/so/la/solana-hard-forks	7773	7d54f86f748e4399db67b76ea5087eabd9ace2ab22e7d472e2e58c2e6ad48ed8
registry/index/index.crates.io-1949cf8c6b5b557f/.cache/so/la/solana-hash	69257	6027753a9e5fab84cf4b27314ce14f97966ed7e41b70519629b88bad225e254b
registry/index/index.crates.io-1949cf8c6b5b557f/.cache/so/la/solana-inflation	23186	97c21e1a505a43e7aec954dec1612781d5d6a4088b8598535b1ad56e2f97460a
registry/index/index.crates.io-1949cf8c6b5b557f/.cache/so/la/solana-instruction	71578	8b630c3772de1003f7ee426be5f95e725f8316c6a10fb872ca39de20e59ea758
registry/index/index.crates.io-1949cf8c6b5b557f/.cache/so/la/solana-instructions-sysvar	11774	2ae41cef052b97bee78951db5d0f8dec453f1fa2a3d1d7be2076d1bb6b6df7fd
registry/index/index.crates.io-1949cf8c6b5b557f/.cache/so/la/solana-keccak-hasher	6974	b3843147994eabe1428b2cae76f25ccaf53ccd5a74761eb55639d6e21e440e65
registry/index/index.crates.io-1949cf8c6b5b557f/.cache/so/la/solana-keypair	20970	dab66b931ebcc2f4468b270baab88ea5b60ed9b2b6f9cd49d136b035c55961f5
registry/index/index.crates.io-1949cf8c6b5b557f/.cache/so/la/solana-last-restart-slot	23107	7071bf041a2113e78cd39f94b1ec5166f35f0467b35bea1c5011547ad0e3498f
registry/index/index.crates.io-1949cf8c6b5b557f/.cache/so/la/solana-loader-v2-interface	4622	f6a33532d1c039209fb974711c9983fab9babdf3a194f091c154214ecca2d87d
registry/index/index.crates.io-1949cf8c6b5b557f/.cache/so/la/solana-loader-v3-interface	26989	0e0514260066be078adb68df04da7fcf6e0a8f6f2106459fe169cf8fc04913e8
registry/index/index.crates.io-1949cf8c6b5b557f/.cache/so/la/solana-loader-v4-interface	9235	39ad19c370e59b68923132601634838e286b6ffbb33b616c79c961160a67d283
registry/index/index.crates.io-1949cf8c6b5b557f/.cache/so/la/solana-logger	285729	4e48685674144fde613550784658a931baf9b54bc36f820676d0f5b85f727e08
registry/index/index.crates.io-1949cf8c6b5b557f/.cache/so/la/solana-message	87933	576c4c5d83d3cd02857718c79dc6f472854913808973651c3b3600853074bf44
registry/index/index.crates.io-1949cf8c6b5b557f/.cache/so/la/solana-msg	9014	fa11127b392a121e59b4b7460bc105f3268f899a446afd6d2a0784ca314d1f0c
registry/index/index.crates.io-1949cf8c6b5b557f/.cache/so/la/solana-native-token	5441	6014d88a814dbdbcb9178292cd852a946cf0fc3e646f026719950aff6dc532a4
registry/index/index.crates.io-1949cf8c6b5b557f/.cache/so/la/solana-nonce	12846	89f17f64b4cfb91fe48694b07288670ad56d18f8f93acf5832e6081b58a74b72
registry/index/index.crates.io-1949cf8c6b5b557f/.cache/so/la/solana-nonce-account	10496	8769889463b68751271706731bc469eafd8a02feb5d609c93464f53d49d33707
registry/index/index.crates.io-1949cf8c6b5b557f/.cache/so/la/solana-offchain-message	6536	74435c0a4106d02233d7825a7fb6e70396a52a33f5913e4a570b062203e00591
registry/index/index.crates.io-1949cf8c6b5b557f/.cache/so/la/solana-packet	46195	d566d30f324d3f6b5610ca0c845322673a3b1f333239a6cbc516464e3fe8bf26
registry/index/index.crates.io-1949cf8c6b5b557f/.cache/so/la/solana-poh-config	5755	5e776afb0c75ccbf4a2a0db04993785ff8165ac7db5b39c7e946c073f75f334e
registry/index/index.crates.io-1949cf8c6b5b557f/.cache/so/la/solana-precompile-error	11506	17b2c9e297be5c792bba4597ad65b0a2da947f7e74e2afc944ef2b03e90d4437
registry/index/index.crates.io-1949cf8c6b5b557f/.cache/so/la/solana-precompiles	6016	8459c9b40a09b5200fee5b613eec5d3195c7ad48e1b6d2eb58600068d9d6e840
registry/index/index.crates.io-1949cf8c6b5b557f/.cache/so/la/solana-presigner	3064	e22e2eb255ae7d2240b9af339c40b87a158bf7a2a3e819eb88eb807770b7c55f
registry/index/index.crates.io-1949cf8c6b5b557f/.cache/so/la/solana-program	2288495	77bf86fbdce382510ae75523e523bf7eab03ca111afe7f102dd0b13c1b522a80
registry/index/index.crates.io-1949cf8c6b5b557f/.cache/so/la/solana-program-entrypoint	20095	497c19b0199ce2b6011517365a9f070dcf2a66c53fec6bc4edb35696625f03e2
registry/index/index.crates.io-1949cf8c6b5b557f/.cache/so/la/solana-program-error	33207	eb6362ad3dc34c33ea6f7fe232df11064c681e1569ee46250660bbd290934fb7
registry/index/index.crates.io-1949cf8c6b5b557f/.cache/so/la/solana-program-memory	12734	e9f7152998fb3a98682214be97e9238486bc5efbb39ebc311e9f7394c876d2bc
registry/index/index.crates.io-1949cf8c6b5b557f/.cache/so/la/solana-program-option	5676	2db7f0ea80e4978e17d4a5e8e4d23847598cd103b14e925b149183b2055965fd
registry/index/index.crates.io-1949cf8c6b5b557f/.cache/so/la/solana-program-pack	8528	bb14adc189f08a920715d30d2cded79a1d7bb3199c1075219b367d8440d8f91a
registry/index/index.crates.io-1949cf8c6b5b557f/.cache/so/la/solana-pubkey	115896	77df7597799466bed82098873a49ca22c5ffeff8cb9d00381d2f8823dfba50ea
registry/index/index.crates.io-1949cf8c6b5b557f/.cache/so/la/solana-quic-definitions	2241	adb9390598fcc31918be25f7d0786ba3c3c2295053b94624193e18784fdb9e96
registry/index/index.crates.io-1949cf8c6b5b557f/.cache/so/la/solana-rent	45298	264ce6c7e60b19ef0a02b4af21756e0458c94959d1f681bcecd15fbb5c71c7a6
registry/index/index.crates.io-1949cf8c6b5b557f/.cache/so/la/solana-rent-collector	8848	40da23e0cde09f13df073419158864b0815d214029f316ce8e07422ac7229296
registry/index/index.crates.io-1949cf8c6b5b557f/.cache/so/la/solana-rent-debits	1683	2c5a75cbf5a616292875dad3caa4589dcdd5e676952252f33af8ad9160b27fa6
registry/index/index.crates.io-1949cf8c6b5b557f/.cache/so/la/solana-reserved-account-keys	5337	ad12c4906643d1421e80f05f8c611f72764e763b0a087d273593c08563cefe79
registry/index/index.crates.io-1949cf8c6b5b557f/.cache/so/la/solana-reward-info	9098	fd5ffdee93938319efb5722f0fd9aac6769b7c43a4c023b4017c77be51287793
registry/index/index.crates.io-1949cf8c6b5b557f/.cache/so/la/solana-sanitize	5186	871218b68ccffce764de49de21bf0d607e8b373d92bee33a8bcc99064a6b3b66
registry/index/index.crates.io-1949cf8c6b5b557f/.cache/so/la/solana-sdk	2927734	fd6029f17d834c9e1233703900359242a886ef83c92269c7187ee425bdd18696
registry/index/index.crates.io-1949cf8c6b5b557f/.cache/so/la/solana-sdk-ids	2162	06733bcf63c2c9e213223c0588707fad85542f6d750fe2cc08605077575a69ba
registry/index/index.crates.io-1949cf8c6b5b557f/.cache/so/la/solana-sdk-macro	381820	50ba982b94fdabdf4b780e407f1ebd9ba7cc2b8cded47ba457a355c7fbc0ada4
registry/index/index.crates.io-1949cf8c6b5b557f/.cache/so/la/solana-secp256k1-program	122224	eafcd0d1fa89a394c847aafe4d85ff9a25d741a3b67c1c50441d47f2c463628e
registry/index/index.crates.io-1949cf8c6b5b557f/.cache/so/la/solana-secp256k1-recover	48621	55e59d35ee16cb717a4a7ffbb8d56aea4f82a69db0c542ea59deb2596c4e5d76
registry/index/index.crates.io-1949cf8c6b5b557f/.cache/so/la/solana-secp256r1-program	33330	e8a09e256b8e91889772fff1942030a78664a29b29afcc4d36031f3741bbc11b
registry/index/index.crates.io-1949cf8c6b5b557f/.cache/so/la/solana-seed-derivable	1583	da63236d388303bcabf14e54d782140d86da35fe5503aed8ee799f22ce7da0b4
registry/index/index.crates.io-1949cf8c6b5b557f/.cache/so/la/solana-seed-phrase	2448	61ac1fb5f0442b54bce15f425cb24b91f0ee5975aea38b5c576a3ab40199bc83
registry/index/index.crates.io-1949cf8c6b5b557f/.cache/so/la/solana-serde	2434	34e10a75a47f2b030833a62f6cfacd4687d8e4561fcd0d9ee6bc115f3cd87cc8
registry/index/index.crates.io-1949cf8c6b5b557f/.cache/so/la/solana-serde-varint	20931	9d3ea4d5fe74b79dd87b03a03deb4544fa9f543372b4394f82676f14f7df702e
registry/index/index.crates.io-1949cf8c6b5b557f/.cache/so/la/solana-serialize-utils	33122	a05c1621e08490116498051e8ed27e93d0b63969b26fdda5cd314fea732d52fb
registry/index/index.crates.io-1949cf8c6b5b557f/.cache/so/la/solana-sha256-hasher	21764	39073c20ba361a21612a221c352694db8a8e4c2b4814bd4316af246ce750c9be
registry/index/index.crates.io-1949cf8c6b5b557f/.cache/so/la/solana-short-vec	33204	c71e7b78494c9b7e9b0b722c76f182a0dd40f2b11160e13b7c8fe1b4cab396d5
registry/index/index.crates.io-1949cf8c6b5b557f/.cache/so/la/solana-shred-version	3426	a4d286a2a44f575421f369b6fd5bf2f565ae88494251d56842d1e24289a98991
registry/index/index.crates.io-1949cf8c6b5b557f/.cache/so/la/solana-signature	78359	60dfba909b646a41fe1e7d33d07cbfc19e72718d92bc5ba0b70de7304c5fce55
registry/index/index.crates.io-1949cf8c6b5b557f/.cache/so/la/solana-signer	3226	f436cb941244563d12cbbfe66369ebd526af8a39bfd0232566719b502a0cc7f5
registry/index/index.crates.io-1949cf8c6b5b557f/.cache/so/la/solana-slot-hashes	28166	81f9c362cc2e1650d9a4280b4674b95657e5e0f2e348357f4ceb2b9da438bb9d
registry/index/index.crates.io-1949cf8c6b5b557f/.cache/so/la/solana-slot-history	22940	e869d76a20504678b28c6367b5de0bc66fc2f15c8da40b5643e3ab5a40750501
registry/index/index.crates.io-1949cf8c6b5b557f/.cache/so/la/solana-stable-layout	14843	b27c5f922b2ddb2110ba9f9c291e739a941beda6b0889684f917e13615f9b2e3
registry/index/index.crates.io-1949cf8c6b5b557f/.cache/so/la/solana-stake-interface	63398	a6573433f1eba36dd166f25c0ddb90227ac3ca081e4f7f21c85decec5daea4b3
registry/index/index.crates.io-1949cf8c6b5b557f/.cache/so/la/solana-system-interface	19935	f0f0e07e06a9d015e009f01f4887a515429a650fd13727826f6723f27f8e6ed7
registry/index/index.crates.io-1949cf8c6b5b557f/.cache/so/la/solana-system-transaction	6978	c1c6f978fa00ce5843a720e8ff4cdd6275d5767c06c37aa63763b9f9f7301f7f
registry/index/index.crates.io-1949cf8c6b5b557f/.cache/so/la/solana-sysvar	66705	0a6731a63b69ea2baaa7be1234427a7626eb7da2f526e6178984a7d652a2dbfb
registry/index/index.crates.io-1949cf8c6b5b557f/.cache/so/la/solana-sysvar-id	8938	4e4d88f33256a36096f40f4fa4d77520da38a8352ff2bad22e3a2daf6528e224
registry/index/index.crates.io-1949cf8c6b5b557f/.cache/so/la/solana-time-utils	1031	d927305aed6f2b75f1555c75c5ac8d5a8ca1d59ea8579318b989943adb77d583
registry/index/index.crates.io-1949cf8c6b5b557f/.cache/so/la/solana-transaction	95649	a301fb7ef8a4192635846ca07693015305a4c38801a2d6afdf28dd8c5091a5ca
registry/index/index.crates.io-1949cf8c6b5b557f/.cache/so/la/solana-transaction-context	242937	4c4f83b70332a632b693787dd5a0302804546db5fd235b21bab51b2ce906f295
registry/index/index.crates.io-1949cf8c6b5b557f/.cache/so/la/solana-transaction-error	39211	3e0c869495d4813b92a8865c9f64c7fcbe85bd9486540b58027c29481750f74d
registry/index/index.crates.io-1949cf8c6b5b557f/.cache/so/la/solana-validator-exit	1051	86ec4818e7964c8f66513a82a63b2809cf9948319bb43f220dfc98880661c9b8
registry/index/index.crates.io-1949cf8c6b5b557f/.cache/so/la/solana-vote-interface	92423	b004e2fbed50a23e9d8b1cc7dacaf1e216f2d4742ba79775560ada93f312b620
registry/index/index.crates.io-1949cf8c6b5b557f/.cache/sp/in/spin	24982	8ab7823fa469836efe4bbe4c9517acf462cf038ffe427cc50cb7132fe7af68b4
registry/index/index.crates.io-1949cf8c6b5b557f/.cache/st/ab/stable_deref_trait	1224	6ea841d5e85df1ecdf39e50137a555d09004c225709acd2270727a558c927c55
registry/index/index.crates.io-1949cf8c6b5b557f/.cache/st/re/strength_reduce	2330	d26475a4dc4c6f419b9bc90fb26856af37093bd944772ae30ff3d61627bf3024
registry/index/index.crates.io-1949cf8c6b5b557f/.cache/st/rs/strsim	4965	d20c8ce62e58463847daf053c4f8a188a2ebb1f3cf0694c8173b24fb467e1328
registry/index/index.crates.io-1949cf8c6b5b557f/.cache/su/bt/subtle	8434	0c978c7a1b0c7b8b6db37da6ff803de77453896349b3cdacaafcbf4a357dcc4d
registry/index/index.crates.io-1949cf8c6b5b557f/.cache/3/s/syn	648627	c84fcff71f498c7640db84176c4ec17e05fe4e5822b7d6510be3f80546df5b65
registry/index/index.crates.io-1949cf8c6b5b557f/.cache/sy/nc/sync_wrapper	2866	830b3f13101db4e27792c022aa7b0317ea4ff9358ea72adf16115d9e78b0a15a
registry/index/index.crates.io-1949cf8c6b5b557f/.cache/sy/ns/synstructure	21164	d6ce8fe88f8979804884f867b897d29f10eef6da4620307c29a28c67ef476e80
registry/index/index.crates.io-1949cf8c6b5b557f/.cache/te/mp/tempfile	60033	d3e996668f54466ea0af9253a623ac853b4943937f3181de73bad365f29f7098
registry/index/index.crates.io-1949cf8c6b5b557f/.cache/te/rm/termcolor	7914	7e46b21332bf3a1b39e3bf71d84f6b3df84eebb590c7246e2b405721f196b08f
registry/index/index.crates.io-1949cf8c6b5b557f/.cache/th/is/thiserror	72849	814a0655fddc3186e376a29adea00bd00ffb65f9238c65bea1695d2e7bc00319
registry/index/index.crates.io-1949cf8c6b5b557f/.cache/th/is/thiserror-impl	50849	f89666a799e504563f3fa463aa78d3c6e29891e4aff9777f485e14189e8ced70
registry/index/index.crates.io-1949cf8c6b5b557f/.cache/ti/ny/tinystr	40040	79c9adc3e13a2f81a1ef02e0f761c3996bca2ca31fb0c5ae0b15b5aeaaeb4b91
registry/index/index.crates.io-1949cf8c6b5b557f/.cache/ti/ny/tinyvec	32666	79d08763169385551b5047110d2c4f1f38414dd7873a02959b0ad4bd7cd95b63
registry/index/index.crates.io-1949cf8c6b5b557f/.cache/ti/ny/tinyvec_macros	434	8193195cb8c5d9d3537aab533d6b313a8490fbef6419d55757e7c5b2d1154119
registry/index/index.crates.io-1949cf8c6b5b557f/.cache/to/ki/tokio	834234	0f6d67ff53dbec859a90d4fbfa99c56bff08960ce25c8c6487d0b06a17c770be
registry/index/index.crates.io-1949cf8c6b5b557f/.cache/to/ki/tokio-rustls	98546	c47a5c7b03e22acfb40d1c562ee833666eb02b9015e279e6f2cf2bbcbd432437
registry/index/index.crates.io-1949cf8c6b5b557f/.cache/to/ml/toml	158143	fff19e2af298a9cc178d436203d83083afc24f049d787edd7e8f6561cadab030
registry/index/index.crates.io-1949cf8c6b5b557f/.cache/to/ml/toml_datetime	10893	83b76d0e41e3a386c9cba7dccdfcd12e6b34f9edad61b37d2bee8589c186901d
registry/index/index.crates.io-1949cf8c6b5b557f/.cache/to/ml/toml_edit	228972	0e01dac137edee467313a18392109fc8eda89ece3bdc444eceb1098828aa9722
registry/index/index.crates.io-1949cf8c6b5b557f/.cache/to/ml/toml_write	1915	33cb763208b64b9ee5ed5ae167e8ae9ec4d227d281f312afd4675838069be774
registry/index/index.crates.io-1949cf8c6b5b557f/.cache/to/we/tower	84101	532b90bb5f12744f5c6efe4e652db50758cb18c05792000910881483d05ba8a4
registry/index/index.crates.io-1949cf8c6b5b557f/.cache/to/we/tower-http	226142	d32775c45f403062d934906f76a66669b806d3319d26aac381bb98bbf4a35c65
registry/index/index.crates.io-1949cf8c6b5b557f/.cache/to/we/tower-layer	2877	d978f9fdc96a07fa73c46d5ae7577e49194a7123b4bfac866d36ff62ab3c9777
registry/index/index.crates.io-1949cf8c6b5b557f/.cache/to/we/tower-service	3556	0288b6607cad96081cd31a4e2553c8adf5e7396d11bff60f22c183f9afa105e2
registry/index/index.crates.io-1949cf8c6b5b557f/.cache/tr/ac/tracing	73943	019a5148931a13431395112a2a100b7c4217c24282dc0782049cba3d8ecf6b12
registry/index/index.crates.io-1949cf8c6b5b557f/.cache/tr/ac/tracing-attributes	35982	92031150537d151defa6e5eec800436fac13bdd2e7ef032b7d50310aa24182f5
registry/index/index.crates.io-1949cf8c6b5b557f/.cache/tr/ac/tracing-core	16924	bb463b78e6d66527d13e58727070923641e8810721cb04555e5116a07fc7ede6
registry/index/index.crates.io-1949cf8c6b5b557f/.cache/tr/an/transpose	2446	7d80dfb8535c991eb8f051ec69239bacaa4a6f107545f9868cb184a5511e76b6
registry/index/index.crates.io-1949cf8c6b5b557f/.cache/tr/y-/try-lock	1362	5e123859fe3258839255c884bad2b58cf2ddb6649300bb372e2c5d5a9ea4e3ac
registry/index/index.crates.io-1949cf8c6b5b557f/.cache/ty/pe/typenum	9437	0aa39a82563fb4c1959ea3ce514ada50075c436f0ed5f6edcdabb90e995f7f18
registry/index/index.crates.io-1949cf8c6b5b557f/.cache/un/ar/unarray	1576	4caf7d85acd2fc0adfd1cbcb177d15bb5541b06d00f12750ff1d5443136b3bbc
registry/index/index.crates.io-1949cf8c6b5b557f/.cache/un/ic/unicode-ident	23030	84f271f21bb5e76d9ec3afd82ce06820e61fcc5e1bf0433d93da6367a31df0ba
registry/index/index.crates.io-1949cf8c6b5b557f/.cache/un/tr/untrusted	2885	d7e046b9dfd28cbb2b398733d8d37143d94cb5dea4a543f99426907ae62aa106
registry/index/index.crates.io-1949cf8c6b5b557f/.cache/ur/ip/uriparse	7365	a2c08f5834803efdcc9c9224d89d3d288148884afc8536d2e0a3cf5a64384fce
registry/index/index.crates.io-1949cf8c6b5b557f/.cache/3/u/url	83659	9e63addfab0fa6b5533bf9a28a599544de94a058f3ca7a18128d146c9db0ee81
registry/index/index.crates.io-1949cf8c6b5b557f/.cache/ut/f8/utf8_iter	991	4540119662a89eb0b92e9d7b93a52acc94dd4875fc57fc453da9d5590f1423e4
registry/index/index.crates.io-1949cf8c6b5b557f/.cache/vc/pk/vcpkg	7824	120fa2d7a48472ebfb9052123d439b92b495f9f3a5719783f0449cd3a018d8b8
registry/index/index.crates.io-1949cf8c6b5b557f/.cache/ve/rs/version_check	2362	3b59bb407ec049518d98a4baee28599d2724767aad5c95c1b2f25ef511008a3d
registry/index/index.crates.io-1949cf8c6b5b557f/.cache/wa/it/wait-timeout	4017	d71f5d5c30e68aef38519272b6f453eab9e93bf273d2c2efcf9980a4a69f3b38
registry/index/index.crates.io-1949cf8c6b5b557f/.cache/wa/nt/want	5829	9f24a3791796ba4ae431633522fc7f6e62a7c6d264446641e90e0d432aaeb951
registry/index/index.crates.io-1949cf8c6b5b557f/.cache/wa/si/wasi	17683	08b6fa88ded2be57bff9982fb8259eb736caec49974c707e633fa44d08713c11
registry/index/index.crates.io-1949cf8c6b5b557f/.cache/wa/si/wasip2	4838	1be73fe9487907d3dc8eb957131d48c53b5d0c18a284431b4b48c2fd13a6712a
registry/index/index.crates.io-1949cf8c6b5b557f/.cache/wa/sm/wasm-bindgen	177958	af9adbde30bd0271710248e4771ca9311e442b3b86c731a5e16255309efe783f
registry/index/index.crates.io-1949cf8c6b5b557f/.cache/wa/sm/wasm-bindgen-futures	122614	851be601ab135ce7054daf011ebc93b4d09cf3cbbe9d2fcccd82ead8e6b0a71f
registry/index/index.crates.io-1949cf8c6b5b557f/.cache/wa/sm/wasm-bindgen-macro	103398	7553d4618e5fc0aed35c54dd795e4688fee65bbe0284eacc67cc8ad49e0ec628
registry/index/index.crates.io-1949cf8c6b5b557f/.cache/wa/sm/wasm-bindgen-macro-support	102491	3999f944a4a4db9966803dc947764599e8886cba5ac210f5668cee97cbfd4f89
registry/index/index.crates.io-1949cf8c6b5b557f/.cache/wa/sm/wasm-bindgen-shared	39284	f3be790cfc970b43e6e69fac9323f1928fc0371670bcda5af87b65fce2191cf4
registry/index/index.crates.io-1949cf8c6b5b557f/.cache/we/b-/web-sys	4378891	9cbde1d709b38224881062e7af0ea672fb172ddbbc0bb501992b601daee253f8
registry/index/index.crates.io-1949cf8c6b5b557f/.cache/we/b-/web-time	18527	d50088f14217c62934044563e25d8bbead2ce72dd33c0abca25534992165b472
registry/index/index.crates.io-1949cf8c6b5b557f/.cache/we/bp/webpki-roots	56540	40fbd46043192aff9496fe98e2dc3417cfa326a5b3176c1c7c3eff4b29d55bc1
registry/index/index.crates.io-1949cf8c6b5b557f/.cache/wi/na/winapi	102279	aa0065a77fa817f68e88ef72ba687d930eb82efcc00d830ba0cb99831ede37c0
registry/index/index.crates.io-1949cf8c6b5b557f/.cache/wi/na/winapi-i686-pc-windows-gnu	870	9275dfc90e419c6a237872456c7e38b504aa94a5af65f0c16333acc3ca94cdc0
registry/index/index.crates.io-1949cf8c6b5b557f/.cache/wi/na/winapi-util	5167	e975007df98ac0525acdfa6eac385761417423661c428b27ff26ce50d34a4426
registry/index/index.crates.io-1949cf8c6b5b557f/.cache/wi/na/winapi-x86_64-pc-windows-gnu	878	4fdc4d9f600da7bf76502c9b8cf40cee5745b9356942700773457f9d9ff69b8f
registry/index/index.crates.io-1949cf8c6b5b557f/.cache/wi/nd/windows-core	14141	ad93f8bdb1d0edac39e3c24e1a961d1bd711f64a83cfd4f5316c8c2233bd8b82
registry/index/index.crates.io-1949cf8c6b5b557f/.cache/wi/nd/windows-implement	17139	c1ad13d01d35e8179be4eece28326cd9bfda7316ab413a850312bfcd7ddd8c85
registry/index/index.crates.io-1949cf8c6b5b557f/.cache/wi/nd/windows-interface	16843	79275370303020e2e3f834951170e963412e47731a515a86b9a5921905b791ed
registry/index/index.crates.io-1949cf8c6b5b557f/.cache/wi/nd/windows-link	1543	317c94dcb142cad7cc4b2531d2e95c01993ff74ba99dfa3e098e21f0e081e12c
registry/index/index.crates.io-1949cf8c6b5b557f/.cache/wi/nd/windows-result	4625	a579d24df293c74eddab12ef84b252f31bc83eb8b0f3600041bf0e8fde34054a
registry/index/index.crates.io-1949cf8c6b5b557f/.cache/wi/nd/windows-strings	3700	af6f9706b5bbfad3455ebfe486911d4c9be95cf37d0114a8b17fd185fa460a63
registry/index/index.crates.io-1949cf8c6b5b557f/.cache/wi/nd/windows-sys	491504	beab389ed4ab8a0aca87fde6a1195814c27d62aae5f6ffb39bb2207ad2f9ad66
registry/index/index.crates.io-1949cf8c6b5b557f/.cache/wi/nd/windows-targets	38998	32e429f2ac3d36ae56587f7bc43ab810f73fb5beca4855524e614872bfd971aa
registry/index/index.crates.io-1949cf8c6b5b557f/.cache/wi/nd/windows_aarch64_gnullvm	4319	afe5671dd0378c0e63b5d7b80deca8a46ac3065da9a0b0d1e7d4ccc5df696c55
registry/index/index.crates.io-1949cf8c6b5b557f/.cache/wi/nd/windows_aarch64_msvc	7291	af120a8d81663b649fd5ba9b645f2d3446178e89b6b44854f5b8112c8d31f33e
registry/index/index.crates.io-1949cf8c6b5b557f/.cache/wi/nd/windows_i686_gnu	7547	e71c901a2eb9d689a5a7676671aa803cda9c78291a4b83c1cdff56d56b679ded
registry/index/index.crates.io-1949cf8c6b5b557f/.cache/wi/nd/windows_i686_gnullvm	1164	daf7eb8dcc03018ea0ccf617de08eee1c11d1bfc868665b747cc4ef9295bef32
registry/index/index.crates.io-1949cf8c6b5b557f/.cache/wi/nd/windows_i686_msvc	7783	6b2f3e4982c18d4e12a100164ba8cb2cf26a9bda706093b12a53899ddb88b54c
registry/index/index.crates.io-1949cf8c6b5b557f/.cache/wi/nd/windows_x86_64_gnu	7621	60da937c9a118d4eace7ce3d54e6e21bc7c64dd34a1ac59e48d52fde0feb11f8
registry/index/index.crates.io-1949cf8c6b5b557f/.cache/wi/nd/windows_x86_64_gnullvm	4299	4ccb9ba7f12248ab8f4d68a3285cf2d3a549b7155ac819b8a2b890d1ebdc63af
registry/index/index.crates.io-1949cf8c6b5b557f/.cache/wi/nd/windows_x86_64_msvc	7859	04a0eae699059b5fa4dd5ce3f655b74f3f35f21bcdf250a926d102771e849aa9
registry/index/index.crates.io-1949cf8c6b5b557f/.cache/wi/nn/winnow	236280	6aad88ea5eb086f85c59c6b2beb60f3a09c743a48dd6cbc5a5941b7c422b82f5
registry/index/index.crates.io-1949cf8c6b5b557f/.cache/wi/t-/wit-bindgen	55197	61be13b1f5d1b2e45fc18588796dbdbde7814408267ce97576b1ef7768804160
registry/index/index.crates.io-1949cf8c6b5b557f/.cache/wr/it/writeable	9413	6feecddad51437bcd97c8a2cfbe9a00d0a905f2d9e710099fee447030c0274f5
registry/index/index.crates.io-1949cf8c6b5b557f/.cache/yo/ke/yoke	23490	c2817fd9d34eb12a50264685abac06a4717f6b609daadb1af96734e281b1bcb1
registry/index/index.crates.io-1949cf8c6b5b557f/.cache/yo/ke/yoke-derive	14920	bb0014d794a02870bd40e019efa320fd93532988b8746a405b2e9bda0f1a842c
registry/index/index.crates.io-1949cf8c6b5b557f/.cache/ze/ro/zerocopy	234854	b54809badd9e0958ada8072979c8a3da16d24b349f08ecd37a9304642b3730ce
registry/index/index.crates.io-1949cf8c6b5b557f/.cache/ze/ro/zerocopy-derive	170452	25b42f33d0e23a90473eba3c7e44fa2463929e88ec0eece357990f4c7743e31f
registry/index/index.crates.io-1949cf8c6b5b557f/.cache/ze/ro/zerofrom	3706	551c4d8ddb2e429762d0f64b871e05b784207767810e55b626c700213fbadf25
registry/index/index.crates.io-1949cf8c6b5b557f/.cache/ze/ro/zerofrom-derive	6179	064348479841924f720f9f14be95656f3bcfab154120c5da4709029b2f2dae4e
registry/index/index.crates.io-1949cf8c6b5b557f/.cache/ze/ro/zeroize	18442	6f31df8d2ce8164077e7f3f849fe369182382722ab2eb492ef9580c2a1c3346c
registry/index/index.crates.io-1949cf8c6b5b557f/.cache/ze/ro/zeroize_derive	15405	8bc7c08fd6cee60cbd2efe6ffc69b5f27e16b2e3ec6f253feee1e8acd661bc1e
registry/index/index.crates.io-1949cf8c6b5b557f/.cache/ze/ro/zerotrie	22760	70954d1c445cd9178aa554a6fdd2689484fe8c2adef38ce393b04e16ad701106
registry/index/index.crates.io-1949cf8c6b5b557f/.cache/ze/ro/zerovec	76950	f9f0527065c101548500d204703bde04ce920412ba4c654489276519b62ff6d9
registry/index/index.crates.io-1949cf8c6b5b557f/.cache/ze/ro/zerovec-derive	21906	ec613eeacd2ea1c39d4ac9e982b85fa881cbcb65065d50a7c85cc2bdb97a9b96
registry/index/index.crates.io-1949cf8c6b5b557f/.cache/zm/ij/zmij	35499	2292a52a2f4a8089d5327151f1d5e68496608311cfec6e1d564a6f5202a1931e
