ahash	0.8.12	registry+https://github.com/rust-lang/crates.io-index	registry/cache/index.crates.io-6f17d22bba15001f/ahash-0.8.12.crate	43413	5a15f179cd60c4584b8a8c596927aadc462e27f2ca70c04e0071964a73ba7a75	registry/src/index.crates.io-6f17d22bba15001f/ahash-0.8.12	25	180602:0f838047a893410e9f16a3a14e9b04e446aaae3cde65c875f675cae19e62a279
arrayref	0.3.9	registry+https://github.com/rust-lang/crates.io-index	registry/cache/index.crates.io-6f17d22bba15001f/arrayref-0.3.9.crate	9186	76a2e8124351fda1ef8aaaa3bbd7ebbcb486bbcd4225aca0aa0d84bb2db8fecb	registry/src/index.crates.io-6f17d22bba15001f/arrayref-0.3.9	14	30014:f3fc7676534cb0ad01e15ab1d78da812b09d3306078c9795dc1941eb03306dae
arrayvec	0.7.8	registry+https://github.com/rust-lang/crates.io-index	registry/cache/index.crates.io-6f17d22bba15001f/arrayvec-0.7.8.crate	33260	d3fb67a6e08acf24fdeccbac2cb6ac4305825bd1f117462e0e6f2f193345ad56	registry/src/index.crates.io-6f17d22bba15001f/arrayvec-0.7.8	23	132516:207ddca6e7c0da058b7fef0c01943ff1334ce4e74f73f5767316c5948d8ef5bf
autocfg	1.5.1	registry+https://github.com/rust-lang/crates.io-index	registry/cache/index.crates.io-6f17d22bba15001f/autocfg-1.5.1.crate	18911	f2032f911046de80f0a198e0901378627c33f59ea0ac00e363d481118bd70a53	registry/src/index.crates.io-6f17d22bba15001f/autocfg-1.5.1	24	62101:7609435b2daf8955faebffe70e9005a47f9dd3f1c793ee34694017bada8ca9ff
base64	0.12.3	registry+https://github.com/rust-lang/crates.io-index	registry/cache/index.crates.io-6f17d22bba15001f/base64-0.12.3.crate	57545	3441f0f7b02788e948e47f457ca01f1d7e6d92c693bc132c22b087d3141c03ff	registry/src/index.crates.io-6f17d22bba15001f/base64-0.12.3	31	291616:66c71dee854ce1c9a7785c339f1ae7b516fa13d09dda8c0324ce4283a216a359
base64	0.22.1	registry+https://github.com/rust-lang/crates.io-index	registry/cache/index.crates.io-6f17d22bba15001f/base64-0.22.1.crate	81597	72b3254f16251a8381aa12e40e3c4d2f0199f8c6508fbecb9d91f575e0fbb8c6	registry/src/index.crates.io-6f17d22bba15001f/base64-0.22.1	39	341989:c9efeaa078eb63432ab3691fca695495f6ff6c91b874e53ad73d8caea02f7c95
bincode	1.3.3	registry+https://github.com/rust-lang/crates.io-index	registry/cache/index.crates.io-6f17d22bba15001f/bincode-1.3.3.crate	28958	b1f45e9417d87227c7a56d22e471c6206462cba514c7590c09aff4cf6d1ddcad	registry/src/index.crates.io-6f17d22bba15001f/bincode-1.3.3	24	153803:2deba47db13b9b60b3916d9e5302fd487631b70c8e2bd99dc6e1468d84ffcb53
bitflags	2.13.0	registry+https://github.com/rust-lang/crates.io-index	registry/cache/index.crates.io-6f17d22bba15001f/bitflags-2.13.0.crate	51280	b4388bee8683e3d04af747c73422af53102d2bd24d9eadb6cbc100baef4b43f8	registry/src/index.crates.io-6f17d22bba15001f/bitflags-2.13.0	65	243758:926483cdb073647bf5738d57b676a8bd07a66f7f608004b91c2c889d62f3d613
bitflags	2.13.1	registry+https://github.com/rust-lang/crates.io-index	registry/cache/index.crates.io-6f17d22bba15001f/bitflags-2.13.1.crate	51395	b588b76d00fde79687d7646a9b5bdf3cc0f655e0bbd080335a95d7e96f3587da	registry/src/index.crates.io-6f17d22bba15001f/bitflags-2.13.1	65	244202:1b3da6d1c1b4f95294292076ba1fd62cdda8f575ae5898b4bfbf3d8ce4416260
blake3	1.5.5	registry+https://github.com/rust-lang/crates.io-index	registry/cache/index.crates.io-6f17d22bba15001f/blake3-1.5.5.crate	181134	b8ee0c1824c4dea5b5f81736aff91bae041d2c07ee1192bec91054e10e3e601e	registry/src/index.crates.io-6f17d22bba15001f/blake3-1.5.5	69	1531620:bc827d3f6d8703b65c0a3f1ab7ca4d116a9c74e7fa8a5f64ad1507b521ada93f
block-buffer	0.10.4	registry+https://github.com/rust-lang/crates.io-index	registry/cache/index.crates.io-6f17d22bba15001f/block-buffer-0.10.4.crate	10538	3078c7629b62d3f0439517fa394996acacc5cbc91c5a20d8c658e77abd503a71	registry/src/index.crates.io-6f17d22bba15001f/block-buffer-0.10.4	11	35045:8bef84d9eb95a4f272e4a193e638c98ce0a419c0e90674da8d0665e86ee88316
block-buffer	0.9.0	registry+https://github.com/rust-lang/crates.io-index	registry/cache/index.crates.io-6f17d22bba15001f/block-buffer-0.9.0.crate	7108	4152116fd6e9dadb291ae18fc1ec3575ed6d84c29642d97890f4b4a3417297e4	registry/src/index.crates.io-6f17d22bba15001f/block-buffer-0.9.0	7	20811:16ba30220d05676cb8a919cfd255b69d0c7cdcc16f392b17883c8e5dc388c408
borsh	0.10.4	registry+https://github.com/rust-lang/crates.io-index	registry/cache/index.crates.io-6f17d22bba15001f/borsh-0.10.4.crate	31326	115e54d64eb62cdebad391c19efc9dce4981c690c85a33a12199d99bb9546fee	registry/src/index.crates.io-6f17d22bba15001f/borsh-0.10.4	36	149341:a21abafd77306a97bf8d930302049c3c9846eb1c378b1755c9e38a86be5c3403
borsh	1.5.7	registry+https://github.com/rust-lang/crates.io-index	registry/cache/index.crates.io-6f17d22bba15001f/borsh-1.5.7.crate	78062	ad8646f98db542e39fc66e68a20b2144f6a732636df7c2354e74645faaa433ce	registry/src/index.crates.io-6f17d22bba15001f/borsh-1.5.7	92	417540:70ee46d822a9c55a240728ee260a9864013f70a0b6607b031de7d0fd044ef21e
borsh-derive	0.10.4	registry+https://github.com/rust-lang/crates.io-index	registry/cache/index.crates.io-6f17d22bba15001f/borsh-derive-0.10.4.crate	3081	831213f80d9423998dd696e2c5345aba6be7a0bd8cd19e31c5243e13df1cef89	registry/src/index.crates.io-6f17d22bba15001f/borsh-derive-0.10.4	6	8418:29e5f0a4677a48aedb8679d969a27751b984b788bf61a218d6bab75a3ca44d4d
borsh-derive	1.5.7	registry+https://github.com/rust-lang/crates.io-index	registry/cache/index.crates.io-6f17d22bba15001f/borsh-derive-1.5.7.crate	27246	fdd1d3c0c2f5833f22386f252fe8ed005c7f59fdcddeef025c01b4c3b9fd9ac3	registry/src/index.crates.io-6f17d22bba15001f/borsh-derive-1.5.7	30	172175:2053da1fb6bb935f20186e63d8b2fad90ac83a185a0319e288816e42f22a89de
borsh-derive	1.8.1	registry+https://github.com/rust-lang/crates.io-index	registry/cache/index.crates.io-6f17d22bba15001f/borsh-derive-1.8.1.crate	33529	12cdfe656708a01f89b451a7d36466e6fe6c414de0aa18fc54f864f6f9ca9f56	registry/src/index.crates.io-6f17d22bba15001f/borsh-derive-1.8.1	32	192536:9c3a7576187173785dc74a640400e793a667de447dc18ec50850cccb909cd0ac
borsh-derive-internal	0.10.4	registry+https://github.com/rust-lang/crates.io-index	registry/cache/index.crates.io-6f17d22bba15001f/borsh-derive-internal-0.10.4.crate	5330	65d6ba50644c98714aa2a70d13d7df3cd75cd2b523a2b452bf010443800976b3	registry/src/index.crates.io-6f17d22bba15001f/borsh-derive-internal-0.10.4	13	24745:3c51d4f28f49ec1c7878b7f71848ce3dc9d2411682182557e9477606f0835d52
borsh-schema-derive-internal	0.10.4	registry+https://github.com/rust-lang/crates.io-index	registry/cache/index.crates.io-6f17d22bba15001f/borsh-schema-derive-internal-0.10.4.crate	6369	276691d96f063427be83e6692b86148e488ebba9f48f77788724ca027ba3b6d4	registry/src/index.crates.io-6f17d22bba15001f/borsh-schema-derive-internal-0.10.4	9	41309:40e06b040f6dbac6fb082fd0c5ba9232477d90dd7de7d1b4bb051f235c1e1536
bs58	0.5.1	registry+https://github.com/rust-lang/crates.io-index	registry/cache/index.crates.io-6f17d22bba15001f/bs58-0.5.1.crate	28483	bf88ba1141d185c399bee5288d850d63b8369520c1eafc32a0430b5b6c287bf4	registry/src/index.crates.io-6f17d22bba15001f/bs58-0.5.1	25	116921:68551bc8937a3bb0f8eb3205fdba56483e057776465b386a75b00ca7153fe760
bv	0.11.1	registry+https://github.com/rust-lang/crates.io-index	registry/cache/index.crates.io-6f17d22bba15001f/bv-0.11.1.crate	42061	8834bb1d8ee5dc048ee3124f2c7c1afcc6bc9aed03f11e9dfd8c69470a5db340	registry/src/index.crates.io-6f17d22bba15001f/bv-0.11.1	42	205971:15ed705d3221db8a7d27c7097ebdb37d1e9d6353de2ea882807b0eb83284f985
bytemuck	1.25.0	registry+https://github.com/rust-lang/crates.io-index	registry/cache/index.crates.io-6f17d22bba15001f/bytemuck-1.25.0.crate	53466	c8efb64bd706a16a1bdde310ae86b351e4d21550d98d056f22f8a7f7a2183fec	registry/src/index.crates.io-6f17d22bba15001f/bytemuck-1.25.0	39	228552:16dec78de624bd0ee096539b4e8b3654a56bd65e6e148aab9c304f4c528da247
bytemuck	1.25.2	registry+https://github.com/rust-lang/crates.io-index	registry/cache/index.crates.io-6f17d22bba15001f/bytemuck-1.25.2.crate	54075	95832e849adfb21180ccb6826a99da14e5d266ae5c2e668e1602cf234f153797	registry/src/index.crates.io-6f17d22bba15001f/bytemuck-1.25.2	39	231583:fd1f1b2f59cd708e5482107fa236439f834a90e8f58dd847996a63f10ce49e3c
bytemuck_derive	1.10.2	registry+https://github.com/rust-lang/crates.io-index	registry/cache/index.crates.io-6f17d22bba15001f/bytemuck_derive-1.10.2.crate	25678	f9abbd1bc6865053c427f7198e6af43bfdedc55ab791faed4fbd361d789575ff	registry/src/index.crates.io-6f17d22bba15001f/bytemuck_derive-1.10.2	13	107616:c0a7b6550bd07982d85a95ac86e564021afd8900c31b47e9491eda0d31cfb9a7
bytemuck_derive	1.12.0	registry+https://github.com/rust-lang/crates.io-index	registry/cache/index.crates.io-6f17d22bba15001f/bytemuck_derive-1.12.0.crate	26352	fc0e56a716f1e132ff6bf4bdac1c944a3fcdc1cae65f70a4a2a1ac3b401d2d1f	registry/src/index.crates.io-6f17d22bba15001f/bytemuck_derive-1.12.0	14	112062:3ae3d51c811c02d2becfc6976ed3042af957d335b106c9a95c61cb00d39e208e
cc	1.2.65	registry+https://github.com/rust-lang/crates.io-index	registry/cache/index.crates.io-6f17d22bba15001f/cc-1.2.65.crate	95435	e228eec9be7c17ccb640b59b36a5cd805ea2a564a4c5e162c2f659fea30d3b96	registry/src/index.crates.io-6f17d22bba15001f/cc-1.2.65	28	392919:555078df432874774a81130bfee45ded9ffb17aa1529c0a6d2b83f2334339175
cc	1.4.4	registry+https://github.com/rust-lang/crates.io-index	registry/cache/index.crates.io-6f17d22bba15001f/cc-1.4.4.crate	100602	0ad534f4357a5264cce5019c989cf66a4f0dc4e0d1b1d15f8aacec0ff7360273	registry/src/index.crates.io-6f17d22bba15001f/cc-1.4.4	29	414689:bc7b61fdcc4c10207ba319b7ad541a0be5e96cbe137ed58661d2263648a9ce2a
cfg-if	1.0.4	registry+https://github.com/rust-lang/crates.io-index	registry/cache/index.crates.io-6f17d22bba15001f/cfg-if-1.0.4.crate	9360	9330f8b2ff13f34540b44e946ef35111825727b38d33286ef986142615121801	registry/src/index.crates.io-6f17d22bba15001f/cfg-if-1.0.4	15	25728:6bd0c485ca12f466119f7de1440247633935b18ec1e3ab5751f64effe7c80b17
cfg_aliases	0.2.1	registry+https://github.com/rust-lang/crates.io-index	registry/cache/index.crates.io-6f17d22bba15001f/cfg_aliases-0.2.1.crate	6355	613afe47fcd5fac7ccf1db93babcb082c5994d996f20b8b159f2ad1658eb5724	registry/src/index.crates.io-6f17d22bba15001f/cfg_aliases-0.2.1	10	22447:463a41593f2adec9b0250b8d42ca4049cbd38a779459dcc49e0956fb7a22035e
cfg_aliases	0.2.2	registry+https://github.com/rust-lang/crates.io-index	registry/cache/index.crates.io-6f17d22bba15001f/cfg_aliases-0.2.2.crate	6527	f079e83a288787bcd14a6aea84cee5c87a67c5a3e660c30f557a3d24761b3527	registry/src/index.crates.io-6f17d22bba15001f/cfg_aliases-0.2.2	11	22846:d26f460daf53430d109c7867df171e3e87ceb4f92004ff9341b92eef86103611
constant_time_eq	0.3.1	registry+https://github.com/rust-lang/crates.io-index	registry/cache/index.crates.io-6f17d22bba15001f/constant_time_eq-0.3.1.crate	11561	7c74b8349d32d297c9134b8c88677813a227df8f779daa29bfc29c183fe3dca6	registry/src/index.crates.io-6f17d22bba15001f/constant_time_eq-0.3.1	14	37799:9ebed640956be742e5147250385f00f10dd12f26653ca1edc1c49faad748ae49
cpufeatures	0.2.17	registry+https://github.com/rust-lang/crates.io-index	registry/cache/index.crates.io-6f17d22bba15001f/cpufeatures-0.2.17.crate	13466	59ed5838eebb26a2bb2e58f6d5b5316989ae9d08bab10e0e6d103e656d1b0280	registry/src/index.crates.io-6f17d22bba15001f/cpufeatures-0.2.17	17	44350:cdeed89c4e79d842082a4dc8a0f9c7a67a549eaf019befaae482f65d28e93a37
cpufeatures	0.3.1	registry+https://github.com/rust-lang/crates.io-index	registry/cache/index.crates.io-6f17d22bba15001f/cpufeatures-0.3.1.crate	14272	5ca28b0ae3115b884660db4118d803791fd6756b6e88f39c0f3f7859060d7566	registry/src/index.crates.io-6f17d22bba15001f/cpufeatures-0.3.1	17	46889:d5b88c75334bfcbc4cd1f603b677111afdf12f12117496385c9191a75d6fff32
crunchy	0.2.4	registry+https://github.com/rust-lang/crates.io-index	registry/cache/index.crates.io-6f17d22bba15001f/crunchy-0.2.4.crate	3887	460fbee9c2c2f33933d720630a6a0bac33ba7053db5344fac858d4b8952d77d5	registry/src/index.crates.io-6f17d22bba15001f/crunchy-0.2.4	10	11952:b8be9ce5febea16246cc5f8d7a6af2d9c3b3506e5397bbef0a20dc21d1228266
crypto-common	0.1.7	registry+https://github.com/rust-lang/crates.io-index	registry/cache/index.crates.io-6f17d22bba15001f/crypto-common-0.1.7.crate	9619	78c8292055d1c1df0cce5d180393dc8cce0abec0a7102adb6c7b1eef6016d60a	registry/src/index.crates.io-6f17d22bba15001f/crypto-common-0.1.7	10	28572:54049414275bba79403dd09e8b21a69bcc189ffd2819bb9c83bd678f8e3c4f09
curve25519-dalek	4.1.3	registry+https://github.com/rust-lang/crates.io-index	registry/cache/index.crates.io-6f17d22bba15001f/curve25519-dalek-4.1.3.crate	306017	97fb8b7c4503de7d6ae7b42ab72a5a59857b4c937ec27a3d4539dba95b5ab2be	registry/src/index.crates.io-6f17d22bba15001f/curve25519-dalek-4.1.3	64	1289398:72f94af930b84647e2e9037704a0cbd815ab31c5add96b37b65edf7d61a15ec6
curve25519-dalek-derive	0.1.1	registry+https://github.com/rust-lang/crates.io-index	registry/cache/index.crates.io-6f17d22bba15001f/curve25519-dalek-derive-0.1.1.crate	11723	f46882e17999c6cc590af592290432be3bce0428cb0d5f8b6715e4dc7b383eb3	registry/src/index.crates.io-6f17d22bba15001f/curve25519-dalek-derive-0.1.1	10	41386:6df11a3d1243b0f3b10dc116b4e61ab476498e8716c56f5d04495228dc485f79
digest	0.10.7	registry+https://github.com/rust-lang/crates.io-index	registry/cache/index.crates.io-6f17d22bba15001f/digest-0.10.7.crate	19557	9ed9a281f7bc9b7576e61468ba615a66a5c8cfdff42420a70aa82701a3b1e292	registry/src/index.crates.io-6f17d22bba15001f/digest-0.10.7	22	87402:28e0b19817715e438c92ef12555786fa85e47236e347de560d87b6801fb5d33d
digest	0.9.0	registry+https://github.com/rust-lang/crates.io-index	registry/cache/index.crates.io-6f17d22bba15001f/digest-0.9.0.crate	13247	d3dd60d1080a57a05ab032377049e0591415d2b31afd7028356dbf3cc6dcb066	registry/src/index.crates.io-6f17d22bba15001f/digest-0.9.0	16	45163:0db53e3d4ae78ee4227f21679194278d2226ffde2a5d40d50adfcdec84b11b6a
equivalent	1.0.2	registry+https://github.com/rust-lang/crates.io-index	registry/cache/index.crates.io-6f17d22bba15001f/equivalent-1.0.2.crate	7419	877a4ace8713b0bcf2a4e7eec82529c029f1d0619886d18145fea96c3ffe5c0f	registry/src/index.crates.io-6f17d22bba15001f/equivalent-1.0.2	11	19230:7c303b03d4668a4b5b96a1912ee7ecbe84818515fd0b512b4cc8ec4659d97e96
feature-probe	0.1.1	registry+https://github.com/rust-lang/crates.io-index	registry/cache/index.crates.io-6f17d22bba15001f/feature-probe-0.1.1.crate	7622	835a3dc7d1ec9e75e2b5fb4ba75396837112d2060b03f7d43bc1897c7f7211da	registry/src/index.crates.io-6f17d22bba15001f/feature-probe-0.1.1	11	21035:356d2380e35917288c1fb8e4db47ae1a1279d174a626873ae8a8dbd9531802d3
find-msvc-tools	0.1.11	registry+https://github.com/rust-lang/crates.io-index	registry/cache/index.crates.io-6f17d22bba15001f/find-msvc-tools-0.1.11.crate	31517	d45db016d36b838f563236e9193d0ee6ce38f3f68b6c94e914b4929c96bbb890	registry/src/index.crates.io-6f17d22bba15001f/find-msvc-tools-0.1.11	19	116594:4048814beab8c250ccabe4f18664b2f354f0ca896963807648d032674166a48c
find-msvc-tools	0.1.9	registry+https://github.com/rust-lang/crates.io-index	registry/cache/index.crates.io-6f17d22bba15001f/find-msvc-tools-0.1.9.crate	31493	5baebc0774151f905a1a2cc41989300b1e6fbb29aff0ceffa1064fdd3088d582	registry/src/index.crates.io-6f17d22bba15001f/find-msvc-tools-0.1.9	19	116373:52ea068d7fe7ab173f9433d394968d976a2d8cef3f378d16f9f2a5f9cde0a562
five8	0.2.1	registry+https://github.com/rust-lang/crates.io-index	registry/cache/index.crates.io-6f17d22bba15001f/five8-0.2.1.crate	19809	a75b8549488b4715defcb0d8a8a1c1c76a80661b5fa106b4ca0e7fce59d7d875	registry/src/index.crates.io-6f17d22bba15001f/five8-0.2.1	12	80836:d35b54ac3cb49bbb66433880d28bb6e9ec958d9f8497320f3dec288a2f3e779c
five8_const	0.1.4	registry+https://github.com/rust-lang/crates.io-index	registry/cache/index.crates.io-6f17d22bba15001f/five8_const-0.1.4.crate	3698	26dec3da8bc3ef08f2c04f61eab298c3ab334523e55f076354d6d6f613799a7b	registry/src/index.crates.io-6f17d22bba15001f/five8_const-0.1.4	7	11033:3dead275d17760a172eca5002032c6a2d60cde0a8372b996506bcae7de5cbd34
five8_core	0.1.2	registry+https://github.com/rust-lang/crates.io-index	registry/cache/index.crates.io-6f17d22bba15001f/five8_core-0.1.2.crate	3332	2551bf44bc5f776c15044b9b94153a00198be06743e262afaaa61f11ac7523a5	registry/src/index.crates.io-6f17d22bba15001f/five8_core-0.1.2	8	7818:536a6c6a4be90ab06511a1cc593f21edfabf494aae41d5e9f7d6192c34b5ee41
generic-array	0.14.7	registry+https://github.com/rust-lang/crates.io-index	registry/cache/index.crates.io-6f17d22bba15001f/generic-array-0.14.7.crate	15950	85649ca51fd72272d7821adaf274ad91c288277713d9c18820d8499a7ff69e9a	registry/src/index.crates.io-6f17d22bba15001f/generic-array-0.14.7	17	67829:11eaaa3456bfbdecf5572644f13545a3e0478fdfab9453fc30d75bf50de1a932
getrandom	0.1.16	registry+https://github.com/rust-lang/crates.io-index	registry/cache/index.crates.io-6f17d22bba15001f/getrandom-0.1.16.crate	25077	8fc3cb4d91f53b50155bdcfd23f6a4c39ae1969c2ae85982b135750cccaf5fce	registry/src/index.crates.io-6f17d22bba15001f/getrandom-0.1.16	33	85465:fe07f6fb8dcdd79a3a21d3d02a3b42e41c45825a1e26258bad0089a90a13f43e
getrandom	0.2.17	registry+https://github.com/rust-lang/crates.io-index	registry/cache/index.crates.io-6f17d22bba15001f/getrandom-0.2.17.crate	40780	ff2abc00be7fca6ebc474524697ae276ad847ad0a6b3faa4bcb027e9a4614ad0	registry/src/index.crates.io-6f17d22bba15001f/getrandom-0.2.17	39	129672:637ec03023cf24b22daaa6be0af7c0e916bdfafbbdbabbb8bbcf3da3a8f85f28
hashbrown	0.13.2	registry+https://github.com/rust-lang/crates.io-index	registry/cache/index.crates.io-6f17d22bba15001f/hashbrown-0.13.2.crate	105265	43a3c133739dddd0d2990f9a4bdf8eb4b21ef50e4851ca85ab661199821d510e	registry/src/index.crates.io-6f17d22bba15001f/hashbrown-0.13.2	36	606599:50b5e16324c5c3f4c4ef93763cb6ea7bc6eca54f4d461db3e4e879e632747507
hashbrown	0.15.5	registry+https://github.com/rust-lang/crates.io-index	registry/cache/index.crates.io-6f17d22bba15001f/hashbrown-0.15.5.crate	140908	9229cfe53dfd69f0609a49f65461bd93001ea1ef889cd5529dd176593f5338a1	registry/src/index.crates.io-6f17d22bba15001f/hashbrown-0.15.5	47	819662:9079ba82767d10f21e7e7ac490c57b4d94d9ac5fe33c99009c6748f5a7885cda
indexmap	2.14.0	registry+https://github.com/rust-lang/crates.io-index	registry/cache/index.crates.io-6f17d22bba15001f/indexmap-2.14.0.crate	104085	d466e9454f08e4a911e14806c24e16fba1b4c121d1ea474396f396069cf949d9	registry/src/index.crates.io-6f17d22bba15001f/indexmap-2.14.0	43	533236:ecb6564a9a5fcb021cd43b43cad6d50a6edbe5dc446ba1fb42458d554d4db333
indexmap	2.7.1	registry+https://github.com/rust-lang/crates.io-index	registry/cache/index.crates.io-6f17d22bba15001f/indexmap-2.7.1.crate	88644	8c9c992b02b5b4c94ea26e32fe5bccb7aa7d9f390ab5c1221ff895bc7ea8b652	registry/src/index.crates.io-6f17d22bba15001f/indexmap-2.7.1	42	457297:f0c7b7312b0a376f9a5af72a36fae1362e59ce7ba085dcfaa62fd9106a6e196b
itoa	1.0.18	registry+https://github.com/rust-lang/crates.io-index	registry/cache/index.crates.io-6f17d22bba15001f/itoa-1.0.18.crate	15935	8f42a60cbdf9a97f5d2305f08a87dc4e09308d1276d28c869c684d7777685682	registry/src/index.crates.io-6f17d22bba15001f/itoa-1.0.18	15	51103:b8e558e25b09802c726f1a70b1f128c309e802375f8f51b57543dbd2c548ef50
keccak	0.1.6	registry+https://github.com/rust-lang/crates.io-index	registry/cache/index.crates.io-6f17d22bba15001f/keccak-0.1.6.crate	13529	cb26cec98cce3a3d96cbb7bced3c4b16e3d13f27ec56dbd62cbc8f39cfb9d653	registry/src/index.crates.io-6f17d22bba15001f/keccak-0.1.6	13	44966:573aaeb23ea643b6bdbba70db133d18ed9fa52d5ce4dadee8d75e6375f24d3c2
lazy_static	1.5.0	registry+https://github.com/rust-lang/crates.io-index	registry/cache/index.crates.io-6f17d22bba15001f/lazy_static-1.5.0.crate	14025	bbd2bcb4c963f2ddae06a2efc7e9f3591312473c50c6685e1f298068316e66fe	registry/src/index.crates.io-6f17d22bba15001f/lazy_static-1.5.0	22	43558:e316c1df78fd76fa4c511deef0717754ae3312ebc745afefe1b7b60c09d97804
libc	0.2.186	registry+https://github.com/rust-lang/crates.io-index	registry/cache/index.crates.io-6f17d22bba15001f/libc-0.2.186.crate	821883	68ab91017fe16c622486840e4c83c9a37afeff978bd239b5293d61ece587de66	registry/src/index.crates.io-6f17d22bba15001f/libc-0.2.186	361	4372804:2fe3e16b62acc06fe9b874a7f5150e425edc32117d480066d12f3b27fd726fcd
libc	0.2.189	registry+https://github.com/rust-lang/crates.io-index	registry/cache/index.crates.io-6f17d22bba15001f/libc-0.2.189.crate	851502	3eaf3ede3fee6db1a4c2ee091bf8a8b4dccdc6d17f656fb07896ee72867612f2	registry/src/index.crates.io-6f17d22bba15001f/libc-0.2.189	405	4503691:0a1530167dcf57f07ac6a6bebf3c6a7bbdf1249db3a0f0384256b860512251dd
libsecp256k1	0.6.0	registry+https://github.com/rust-lang/crates.io-index	registry/cache/index.crates.io-6f17d22bba15001f/libsecp256k1-0.6.0.crate	20690	c9d220bc1feda2ac231cb78c3d26f27676b8cf82c96971f7aeef3d0cf2797c73	registry/src/index.crates.io-6f17d22bba15001f/libsecp256k1-0.6.0	24	83437:98126d587f3d46305380eab914f935c72280e96b6ae47f1f1c07b9bb495fa421
libsecp256k1-core	0.2.2	registry+https://github.com/rust-lang/crates.io-index	registry/cache/index.crates.io-6f17d22bba15001f/libsecp256k1-core-0.2.2.crate	25052	d0f6ab710cec28cef759c5f18671a27dae2a5f952cdaaee1d8e2908cb2478a80	registry/src/index.crates.io-6f17d22bba15001f/libsecp256k1-core-0.2.2	13	151996:badec93a177d1367b46f43ccbb2548eeeea1396cd9504391766f71ee03541b3c
libsecp256k1-gen-ecmult	0.2.1	registry+https://github.com/rust-lang/crates.io-index	registry/cache/index.crates.io-6f17d22bba15001f/libsecp256k1-gen-ecmult-0.2.1.crate	1215	ccab96b584d38fac86a83f07e659f0deafd0253dc096dab5a36d53efe653c5c3	registry/src/index.crates.io-6f17d22bba15001f/libsecp256k1-gen-ecmult-0.2.1	5	2238:545be4ea17b9f5bac492e48b3e57274a7d7d2fc34d76c1ed04f87138bc07a97e
libsecp256k1-gen-genmult	0.2.1	registry+https://github.com/rust-lang/crates.io-index	registry/cache/index.crates.io-6f17d22bba15001f/libsecp256k1-gen-genmult-0.2.1.crate	1275	67abfe149395e3aa1c48a2beb32b068e2334402df8181f818d3aee2b304c4f5d	registry/src/index.crates.io-6f17d22bba15001f/libsecp256k1-gen-genmult-0.2.1	5	2427:6aa95f6a931281e53d831330e870651eb7ba65b83420fdd42024a7110a6baf06
log	0.4.33	registry+https://github.com/rust-lang/crates.io-index	registry/cache/index.crates.io-6f17d22bba15001f/log-0.4.33.crate	52997	0ceec5bc11778974d1bcb055b18002eba7f4b3518b6a0081b3af5f21666da9ad	registry/src/index.crates.io-6f17d22bba15001f/log-0.4.33	24	250340:004422558d71635d2e0c968fb1129775069ebf06da41ec07a0181ee2de548974
log	0.4.34	registry+https://github.com/rust-lang/crates.io-index	registry/cache/index.crates.io-6f17d22bba15001f/log-0.4.34.crate	53395	f9f8bd3e56ce4dfc153cf470fffbfa98c7620958b312ca5c3a4b8d5181fd13c6	registry/src/index.crates.io-6f17d22bba15001f/log-0.4.34	24	252098:6ae97b5d2f3880db0f53c0b386b8333d0d75bb7a0e3b81c9f61144308374e6f9
memchr	2.8.2	registry+https://github.com/rust-lang/crates.io-index	registry/cache/index.crates.io-6f17d22bba15001f/memchr-2.8.2.crate	99069	88904434abc2901f197fe8cc55f0445e7ded921dba5911dad2e2b39b48e663c4	registry/src/index.crates.io-6f17d22bba15001f/memchr-2.8.2	60	588385:1307cf8f8fedf3c67eb22aeb6594d74e221c439598c1f3653aab59288d6e0a3f
memchr	2.8.3	registry+https://github.com/rust-lang/crates.io-index	registry/cache/index.crates.io-6f17d22bba15001f/memchr-2.8.3.crate	99165	cf8baf1c55e62ffcace7a9f06f4bd9cd3f0c4beb022d3b367256b91b87513d98	registry/src/index.crates.io-6f17d22bba15001f/memchr-2.8.3	60	588689:b40c334dd29692d4d8f469f9a0a099b8bc037b4b24855be50418e28a57da12be
memoffset	0.9.1	registry+https://github.com/rust-lang/crates.io-index	registry/cache/index.crates.io-6f17d22bba15001f/memoffset-0.9.1.crate	9032	488016bfae457b036d996092f6cb448677611ce4449e970ceaf42695203f218a	registry/src/index.crates.io-6f17d22bba15001f/memoffset-0.9.1	14	39359:ee8606f35ea6817dc4956dacbcd5f6cf073663589767bb3a8ecd574c7740258d
num-bigint	0.4.7	registry+https://github.com/rust-lang/crates.io-index	registry/cache/index.crates.io-6f17d22bba15001f/num-bigint-0.4.7.crate	108308	c863e9ab5e7bf9c99ba75e1050f1e4d624ae87ed3532d6238ffbdc7b585dbbe6	registry/src/index.crates.io-6f17d22bba15001f/num-bigint-0.4.7	54	516793:4f1d9a125202b658bb16d75f362d29dcc4cc735126c3d476de200ba67cd5b215
num-bigint	0.4.8	registry+https://github.com/rust-lang/crates.io-index	registry/cache/index.crates.io-6f17d22bba15001f/num-bigint-0.4.8.crate	109961	c89e69e7e0f03bea5ef08013795c25018e101932225a656383bd384495ecc367	registry/src/index.crates.io-6f17d22bba15001f/num-bigint-0.4.8	54	521806:e3019fb3a5841d8c344f1a30860c5e2bc639bbf94b88d3aa0940dae381ce9b02
num-derive	0.4.2	registry+https://github.com/rust-lang/crates.io-index	registry/cache/index.crates.io-6f17d22bba15001f/num-derive-0.4.2.crate	14709	ed3955f1a9c7c0c15e092f9c887db08b1fc683305fdf6eb6684f22555355e202	registry/src/index.crates.io-6f17d22bba15001f/num-derive-0.4.2	23	62887:37aa693fd7663d6c9d8aab2f15e75c52f84ea7001493ef124801648b796e23c4
num-integer	0.1.46	registry+https://github.com/rust-lang/crates.io-index	registry/cache/index.crates.io-6f17d22bba15001f/num-integer-0.1.46.crate	22331	7969661fd2958a5cb096e56c8e1ad0444ac2bbcd0061bd28660485a44879858f	registry/src/index.crates.io-6f17d22bba15001f/num-integer-0.1.46	17	109885:a82a68a12add398dba13cec6636e1ac891eee9fffb8101cc1b5daebf3892af4c
num-integer	0.1.47	registry+https://github.com/rust-lang/crates.io-index	registry/cache/index.crates.io-6f17d22bba15001f/num-integer-0.1.47.crate	23502	7ce2d95d4b3734dc35aa2f45e1aa22cd416814592a4f9d9205e11affd5b8e10b	registry/src/index.crates.io-6f17d22bba15001f/num-integer-0.1.47	18	112739:f4c246c4cc19d6b811e485e5b43a7a1c8c4de44b31064b5bfa4c831f7faebc27
num-traits	0.2.19	registry+https://github.com/rust-lang/crates.io-index	registry/cache/index.crates.io-6f17d22bba15001f/num-traits-0.2.19.crate	51631	071dfc062690e90b734c0b2273ce72ad0ffa95f0c74596bc250dcfd960262841	registry/src/index.crates.io-6f17d22bba15001f/num-traits-0.2.19	30	273988:71a40b3ddd73600c908885d6ea88f616251d39dbde4f3281195f65e7679b1192
once_cell	1.21.4	registry+https://github.com/rust-lang/crates.io-index	registry/cache/index.crates.io-6f17d22bba15001f/once_cell-1.21.4.crate	35010	9f7c3e4beb33f85d45ae3e3a1792185706c8e16d043238c593331cc7cd313b50	registry/src/index.crates.io-6f17d22bba15001f/once_cell-1.21.4	30	151149:eb748ac446d69848f170ff5159410d274d3b0873f1b76359015140ac6c0818e4
opaque-debug	0.3.1	registry+https://github.com/rust-lang/crates.io-index	registry/cache/index.crates.io-6f17d22bba15001f/opaque-debug-0.3.1.crate	7066	c08d65885ee38876c4f86fa503fb49d7b507c2b62552df7c70b2fce627e06381	registry/src/index.crates.io-6f17d22bba15001f/opaque-debug-0.3.1	10	18637:921b6cbb3848d09a41497a6492acae8bc8e21359b22d5ce714c0546101937af3
ppv-lite86	0.2.21	registry+https://github.com/rust-lang/crates.io-index	registry/cache/index.crates.io-6f17d22bba15001f/ppv-lite86-0.2.21.crate	22522	85eae3c4ed2f50dcfe72643da4befc30deadb458a9b590d720cde2f2b1e97da9	registry/src/index.crates.io-6f17d22bba15001f/ppv-lite86-0.2.21	13	132648:1616f3b5bf709d6a2124ff0e191df8f28745313c05488bc9a52d5463a1cd01bb
proc-macro-crate	0.1.5	registry+https://github.com/rust-lang/crates.io-index	registry/cache/index.crates.io-6f17d22bba15001f/proc-macro-crate-0.1.5.crate	8096	1d6ea3c4595b96363c13943497db34af4460fb474a95c43f4446ad341b8c9785	registry/src/index.crates.io-6f17d22bba15001f/proc-macro-crate-0.1.5	10	24410:43cc267fa67dd51ed10157efbde896c7df201b3d08a3c63468eddde2d08aa9a9
proc-macro-crate	3.2.0	registry+https://github.com/rust-lang/crates.io-index	registry/cache/index.crates.io-6f17d22bba15001f/proc-macro-crate-3.2.0.crate	11164	8ecf48c7ca261d60b74ab1a7b20da18bede46776b2e55535cb958eb595c5fa7b	registry/src/index.crates.io-6f17d22bba15001f/proc-macro-crate-3.2.0	13	36875:764bb01aa2584e46d51bc23b1f642fd00e468f8cd75493d296512a39290e2fde
proc-macro-crate	3.5.0	registry+https://github.com/rust-lang/crates.io-index	registry/cache/index.crates.io-6f17d22bba15001f/proc-macro-crate-3.5.0.crate	12709	e67ba7e9b2b56446f1d419b1d807906278ffa1a658a8a5d8a39dcb1f5a78614f	registry/src/index.crates.io-6f17d22bba15001f/proc-macro-crate-3.5.0	15	41585:22d317fb73d238d3015fa38d9a910c1a68694f14f15ec4a85f72b62b72a64c60
proc-macro2	1.0.106	registry+https://github.com/rust-lang/crates.io-index	registry/cache/index.crates.io-6f17d22bba15001f/proc-macro2-1.0.106.crate	59765	8fd00f0bb2e90d81d1044c2b32617f68fcb9fa3bb7640c23e9c748e53fb30934	registry/src/index.crates.io-6f17d22bba15001f/proc-macro2-1.0.106	34	270859:a7ebd6750f8c98c70b2e4abdaacb4be58e96b9cd52d00ca119889d2b46cc2814
proc-macro2	1.0.107	registry+https://github.com/rust-lang/crates.io-index	registry/cache/index.crates.io-6f17d22bba15001f/proc-macro2-1.0.107.crate	59588	985e7ec9bb745e6ce6535b544d84d6cd6f7ad8bd711c398938ae983b91a766d9	registry/src/index.crates.io-6f17d22bba15001f/proc-macro2-1.0.107	34	270290:71a16e3db1b52a34d1b5447d4873685f03882d5a38e018d825b92e408fdd624f
quote	1.0.46	registry+https://github.com/rust-lang/crates.io-index	registry/cache/index.crates.io-6f17d22bba15001f/quote-1.0.46.crate	31628	dfbc457d0c7a0759a614551b11a6409e5951f6c7537be1f1b7682b9ae9230368	registry/src/index.crates.io-6f17d22bba15001f/quote-1.0.46	36	137015:c75009bbdc6ee1ad56ffdf1e1c5d464585ba9d4f5f7c1daa7ccf3503a739cb8f
quote	1.0.47	registry+https://github.com/rust-lang/crates.io-index	registry/cache/index.crates.io-6f17d22bba15001f/quote-1.0.47.crate	31622	1fbf4db142a473a8d80c26bbf18454ed458bf8d26c8219c331daecfdbd079001	registry/src/index.crates.io-6f17d22bba15001f/quote-1.0.47	36	136867:2af373de458df0e4be6a357596388a379a20284dd85aa8bc8d29edea4a6a3b51
rand	0.7.3	registry+https://github.com/rust-lang/crates.io-index	registry/cache/index.crates.io-6f17d22bba15001f/rand-0.7.3.crate	112246	6a6b1679d49b24bbfe0c803429aa1874472f50d9b363131f0e89fc356b544d03	registry/src/index.crates.io-6f17d22bba15001f/rand-0.7.3	56	425361:91513c29b6b341140e33099dc49b19379c3245eb9bb65fa7a7891fe3b636a6c1
rand	0.8.6	registry+https://github.com/rust-lang/crates.io-index	registry/cache/index.crates.io-6f17d22bba15001f/rand-0.8.6.crate	83339	5ca0ecfa931c29007047d1bc58e623ab12e5590e8c7cc53200d5202b69266d8a	registry/src/index.crates.io-6f17d22bba15001f/rand-0.8.6	36	331749:af35961762945d32c5bd1b2094574d64047973dde3e46100f322338993e5abad
rand	0.8.8	registry+https://github.com/rust-lang/crates.io-index	registry/cache/index.crates.io-6f17d22bba15001f/rand-0.8.8.crate	84217	e058c7de0b26af77780c769414d6257830bb240f3c38477dbc2c16e5f54d6d4c	registry/src/index.crates.io-6f17d22bba15001f/rand-0.8.8	36	334757:894fc92444ac587cd0b6cde276723d371402e5b8aed0042d3718a8c8cc88c3c9
rand_chacha	0.2.2	registry+https://github.com/rust-lang/crates.io-index	registry/cache/index.crates.io-6f17d22bba15001f/rand_chacha-0.2.2.crate	13267	f4c8ed856279c9737206bf725bf36935d8666ead7aa69b52be55af369d193402	registry/src/index.crates.io-6f17d22bba15001f/rand_chacha-0.2.2	12	43832:3dfe56fa3c649ac389d58b84e4e18a7cbcd3604573e61c65739f192f8190900b
rand_chacha	0.3.1	registry+https://github.com/rust-lang/crates.io-index	registry/cache/index.crates.io-6f17d22bba15001f/rand_chacha-0.3.1.crate	15251	e6c10a63a0fa32252be49d21e7709d4d4baf8d231c2dbce1eaa8141b9b127d88	registry/src/index.crates.io-6f17d22bba15001f/rand_chacha-0.3.1	12	52354:a77848257f5faac06f634a329c08739b928f32994882fb416ba844382de8153b
rand_core	0.5.1	registry+https://github.com/rust-lang/crates.io-index	registry/cache/index.crates.io-6f17d22bba15001f/rand_core-0.5.1.crate	21116	90bde5296fc891b0cef12a6d03ddccc162ce7b2aff54160af9338f8d40df6d19	registry/src/index.crates.io-6f17d22bba15001f/rand_core-0.5.1	15	71027:f57daafa445433af0f3ab505af52491b368831764dacfbe3689cdc65ce491aa0
rand_core	0.6.4	registry+https://github.com/rust-lang/crates.io-index	registry/cache/index.crates.io-6f17d22bba15001f/rand_core-0.6.4.crate	22666	ec0be4795e2f6a28069bec0b5ff3e2ac9bafc99e6a9a7dc3547996c5c816922c	registry/src/index.crates.io-6f17d22bba15001f/rand_core-0.6.4	15	78669:372b1fba3b77b73ae4e2c537af23d57ea252874763110c6d2aee6b49b9593c25
rustc_version	0.4.1	registry+https://github.com/rust-lang/crates.io-index	registry/cache/index.crates.io-6f17d22bba15001f/rustc_version-0.4.1.crate	12245	cfcb3a22ef46e85b45de6ee7e79d063319ebb6594faafcf1c225ea92ab6e9b92	registry/src/index.crates.io-6f17d22bba15001f/rustc_version-0.4.1	14	43771:db9fed2581e59428b0c6f9ad9729dbffe2111eac707b39e288b4800614a7be05
semver	1.0.28	registry+https://github.com/rust-lang/crates.io-index	registry/cache/index.crates.io-6f17d22bba15001f/semver-1.0.28.crate	33064	8a7852d02fc848982e0c167ef163aaff9cd91dc640ba85e263cb1ce46fae51cd	registry/src/index.crates.io-6f17d22bba15001f/semver-1.0.28	26	131039:fcc15db822db5a891f837037e3ed1cf3567537ae40068102dbfe1d929ee57913
serde	1.0.228	registry+https://github.com/rust-lang/crates.io-index	registry/cache/index.crates.io-6f17d22bba15001f/serde-1.0.228.crate	83652	9a8e94ea7f378bd32cbbd37198a4a91436180c5bb472411e48b5ec2e2124ae9e	registry/src/index.crates.io-6f17d22bba15001f/serde-1.0.228	34	561558:64e34cfb5838d416410f09c97d40e1ec498eb47b1ec2f7881a17f65cb1c09e41
serde	1.0.229	registry+https://github.com/rust-lang/crates.io-index	registry/cache/index.crates.io-6f17d22bba15001f/serde-1.0.229.crate	83669	4148590afebada386688f18773da617792bf2ef03ffc1e4cbd2b1d45b023e0ba	registry/src/index.crates.io-6f17d22bba15001f/serde-1.0.229	34	561562:d2097b630fa477822b11fc7fbd0732fee7680e98cb3143e0e048247950ae0fa5
serde_bytes	0.11.19	registry+https://github.com/rust-lang/crates.io-index	registry/cache/index.crates.io-6f17d22bba15001f/serde_bytes-0.11.19.crate	13427	a5d440709e79d88e51ac01c4b72fc6cb7314017bb7da9eeff678aa94c10e3ea8	registry/src/index.crates.io-6f17d22bba15001f/serde_bytes-0.11.19	19	59000:d909ba7d7c959b8852d00b0d5a7b1b5915620f908266b3a4aea615f3aabab8ed
serde_core	1.0.228	registry+https://github.com/rust-lang/crates.io-index	registry/cache/index.crates.io-6f17d22bba15001f/serde_core-1.0.228.crate	63111	41d385c7d4ca58e59fc732af25c3983b67ac852c1a25000afe1175de458b67ad	registry/src/index.crates.io-6f17d22bba15001f/serde_core-1.0.228	28	392887:d4dd7c7ed0c4019bc41cdfdfa5bbe12355606d5778e33a45765566f39c9c5797
serde_core	1.0.229	registry+https://github.com/rust-lang/crates.io-index	registry/cache/index.crates.io-6f17d22bba15001f/serde_core-1.0.229.crate	63100	67dca2c9c51e58a4791a4b1ed58308b39c64224d349a935ab5039aa360942a48	registry/src/index.crates.io-6f17d22bba15001f/serde_core-1.0.229	28	392885:aae05f82697173e39b1582e787b1dd3fc3178ebe4d153fed35778cf6935512dd
serde_derive	1.0.228	registry+https://github.com/rust-lang/crates.io-index	registry/cache/index.crates.io-6f17d22bba15001f/serde_derive-1.0.228.crate	59605	d540f220d3187173da220f885ab66608367b6574e925011a9353e4badda91d79	registry/src/index.crates.io-6f17d22bba15001f/serde_derive-1.0.228	37	333328:d81d1510bec9c11bcf156e97848ad04bbd079150e54cfac55f011f87fb4ceba5
serde_derive	1.0.229	registry+https://github.com/rust-lang/crates.io-index	registry/cache/index.crates.io-6f17d22bba15001f/serde_derive-1.0.229.crate	59864	e7a5d71263a5a7d47b41f6b3f06ba276f10cc18b0931f1799f710578e2309348	registry/src/index.crates.io-6f17d22bba15001f/serde_derive-1.0.229	37	333938:bd48d98ca1176f63a2115a0f342a5e2819afde4ef5cfa0fc441e9af5598d1e96
serde_json	1.0.150	registry+https://github.com/rust-lang/crates.io-index	registry/cache/index.crates.io-6f17d22bba15001f/serde_json-1.0.150.crate	155574	e8014e44b4736ed0538adeecded0fce2a272f22dc9578a7eb6b2d9993c74cfb9	registry/src/index.crates.io-6f17d22bba15001f/serde_json-1.0.150	90	746165:aa6b49ef53385198853a6baf3dd44ad182744f2df234f7ad22db9fe9159a124b
serde_json	1.0.151	registry+https://github.com/rust-lang/crates.io-index	registry/cache/index.crates.io-6f17d22bba15001f/serde_json-1.0.151.crate	156556	c841b55ecdae098c80dcae9cf767f6f8a0c2cdb3416bbef72181df4d0fe73f14	registry/src/index.crates.io-6f17d22bba15001f/serde_json-1.0.151	90	750035:b53debf56e8a50a3c5b4800141e0263af532f3059cd58d6a979868791c1500a9
sha2	0.10.9	registry+https://github.com/rust-lang/crates.io-index	registry/cache/index.crates.io-6f17d22bba15001f/sha2-0.10.9.crate	29271	a7507d819769d01a365ab707794a4084392c824f54a7a6a7862f8c3d0892b283	registry/src/index.crates.io-6f17d22bba15001f/sha2-0.10.9	32	114057:abbe7a1e71749754edc810b84d810fdb75d2e975e812e0c2b6eab0dce62f52da
sha2	0.9.9	registry+https://github.com/rust-lang/crates.io-index	registry/cache/index.crates.io-6f17d22bba15001f/sha2-0.9.9.crate	22247	4d58a1e1bf39749807d89cf2d98ac2dfa0ff1cb3faa38fbb64dd88ac8013d800	registry/src/index.crates.io-6f17d22bba15001f/sha2-0.9.9	31	76779:9aef3817e527ed302aad9e212d3e1f49637c47c955ea904f700e99c37745d9b3
sha3	0.10.9	registry+https://github.com/rust-lang/crates.io-index	registry/cache/index.crates.io-6f17d22bba15001f/sha3-0.10.9.crate	859930	77fd7028345d415a4034cf8777cd4f8ab1851274233b45f84e3d955502d93874	registry/src/index.crates.io-6f17d22bba15001f/sha3-0.10.9	32	898095:3aedebfde056339efc1dd42f836213d44ac844ae6a3d194d5518d332f2bc5daf
shlex	2.0.1	registry+https://github.com/rust-lang/crates.io-index	registry/cache/index.crates.io-6f17d22bba15001f/shlex-2.0.1.crate	19332	f8fadd59c855ef2080decdef8ff161eb6661b86933c9d82e5ba29dc602a55aba	registry/src/index.crates.io-6f17d22bba15001f/shlex-2.0.1	14	57770:45f0aab393c54171a5b2c63438614336cec1b13cb9e6f9633b1f4fcd39f62e5f
solana-account	2.2.1	registry+https://github.com/rust-lang/crates.io-index	registry/cache/index.crates.io-6f17d22bba15001f/solana-account-2.2.1.crate	16282	0f949fe4edaeaea78c844023bfc1c898e0b1f5a100f8a8d2d0f85d0a7b090258	registry/src/index.crates.io-6f17d22bba15001f/solana-account-2.2.1	7	79013:607e57e660e6eb6c1ff393cb98ee30accda4c691aa7438ca4678de5e64f1c90e
solana-account-info	2.3.0	registry+https://github.com/rust-lang/crates.io-index	registry/cache/index.crates.io-6f17d22bba15001f/solana-account-info-2.3.0.crate	9374	c8f5152a288ef1912300fc6efa6c2d1f9bb55d9398eb6c72326360b8063987da	registry/src/index.crates.io-6f17d22bba15001f/solana-account-info-2.3.0	7	35297:37e37756e3850842bfdcbf3ce753da0784632c4bdd853cb47532aa7553ead9dc
solana-address-lookup-table-interface	2.2.2	registry+https://github.com/rust-lang/crates.io-index	registry/cache/index.crates.io-6f17d22bba15001f/solana-address-lookup-table-interface-2.2.2.crate	13503	d1673f67efe870b64a65cb39e6194be5b26527691ce5922909939961a6e6b395	registry/src/index.crates.io-6f17d22bba15001f/solana-address-lookup-table-interface-2.2.2	9	55125:6468dab2792b704bbce62362905706696ea8ae01559507b642a63ff7d0530f7e
solana-atomic-u64	2.2.1	registry+https://github.com/rust-lang/crates.io-index	registry/cache/index.crates.io-6f17d22bba15001f/solana-atomic-u64-2.2.1.crate	2544	d52e52720efe60465b052b9e7445a01c17550666beec855cce66f44766697bc2	registry/src/index.crates.io-6f17d22bba15001f/solana-atomic-u64-2.2.1	6	7040:76f2e5e64e5e19e0ba7dfd37ffb81d138184784c87816f0a184e6e30f682b057
solana-big-mod-exp	2.2.1	registry+https://github.com/rust-lang/crates.io-index	registry/cache/index.crates.io-6f17d22bba15001f/solana-big-mod-exp-2.2.1.crate	3658	75db7f2bbac3e62cfd139065d15bcda9e2428883ba61fc8d27ccb251081e7567	registry/src/index.crates.io-6f17d22bba15001f/solana-big-mod-exp-2.2.1	6	12539:0aea68fc30b72ba3ccd66e79b6831852b6a6d0e21866bcc8c8f35526467f5a5f
solana-bincode	2.2.1	registry+https://github.com/rust-lang/crates.io-index	registry/cache/index.crates.io-6f17d22bba15001f/solana-bincode-2.2.1.crate	5626	19a3787b8cf9c9fe3dd360800e8b70982b9e5a8af9e11c354b6665dd4a003adc	registry/src/index.crates.io-6f17d22bba15001f/solana-bincode-2.2.1	6	18190:14c89b3e95a9c495d4aad8f96b40bd8ddb745a00c20938ccb876347154084ff5
solana-blake3-hasher	2.2.1	registry+https://github.com/rust-lang/crates.io-index	registry/cache/index.crates.io-6f17d22bba15001f/solana-blake3-hasher-2.2.1.crate	8786	a1a0801e25a1b31a14494fc80882a036be0ffd290efc4c2d640bfcca120a4672	registry/src/index.crates.io-6f17d22bba15001f/solana-blake3-hasher-2.2.1	6	30335:c8ce8187db8e69feebf44ecd466b72326b6758e22dd5c01456b95d62287fb271
solana-borsh	2.2.1	registry+https://github.com/rust-lang/crates.io-index	registry/cache/index.crates.io-6f17d22bba15001f/solana-borsh-2.2.1.crate	6518	718333bcd0a1a7aed6655aa66bef8d7fb047944922b2d3a18f49cbc13e73d004	registry/src/index.crates.io-6f17d22bba15001f/solana-borsh-2.2.1	10	26237:99450cdcdd87df544b1e25bfcfc34f64bb164246813d83adf696f2d5d108a149
solana-clock	2.2.3	registry+https://github.com/rust-lang/crates.io-index	registry/cache/index.crates.io-6f17d22bba15001f/solana-clock-2.2.3.crate	8260	f8584296123df8fe229b95e2ebfd37ae637fe9db9b7d4dd677ac5a78e80dbfce	registry/src/index.crates.io-6f17d22bba15001f/solana-clock-2.2.3	7	26811:1d173efa4e61f64867268c1235f043066f7f568aef7d034db3d2360e2a3e9e55
solana-cpi	2.2.1	registry+https://github.com/rust-lang/crates.io-index	registry/cache/index.crates.io-6f17d22bba15001f/solana-cpi-2.2.1.crate	10716	8dc71126edddc2ba014622fc32d0f5e2e78ec6c5a1e0eb511b85618c09e9ea11	registry/src/index.crates.io-6f17d22bba15001f/solana-cpi-2.2.1	7	38041:91070c12cad4f4ada49553386f8c026e71407afcbc8a18851e30b5442ec72f41
solana-decode-error	2.3.0	registry+https://github.com/rust-lang/crates.io-index	registry/cache/index.crates.io-6f17d22bba15001f/solana-decode-error-2.3.0.crate	2347	8c781686a18db2f942e70913f7ca15dc120ec38dcab42ff7557db2c70c625a35	registry/src/index.crates.io-6f17d22bba15001f/solana-decode-error-2.3.0	6	5633:78770edc08573adc63e2111464c8b11d35cfc9b9b2f00095190d36883e8c6974
solana-define-syscall	2.3.0	registry+https://github.com/rust-lang/crates.io-index	registry/cache/index.crates.io-6f17d22bba15001f/solana-define-syscall-2.3.0.crate	2653	2ae3e2abcf541c8122eafe9a625d4d194b4023c20adde1e251f94e056bb1aee2	registry/src/index.crates.io-6f17d22bba15001f/solana-define-syscall-2.3.0	7	8229:d8c86e008fd563570de012e06eee96f329ddfcc195bb43302e3f13796b9ac713
solana-epoch-rewards	2.2.1	registry+https://github.com/rust-lang/crates.io-index	registry/cache/index.crates.io-6f17d22bba15001f/solana-epoch-rewards-2.2.1.crate	7551	86b575d3dd323b9ea10bb6fe89bf6bf93e249b215ba8ed7f68f1a3633f384db7	registry/src/index.crates.io-6f17d22bba15001f/solana-epoch-rewards-2.2.1	7	26220:97eebcd477aa51376e4de0a2d63400a912346cc4135be2393d4dc73fd3fd85d3
solana-epoch-schedule	2.2.1	registry+https://github.com/rust-lang/crates.io-index	registry/cache/index.crates.io-6f17d22bba15001f/solana-epoch-schedule-2.2.1.crate	9188	3fce071fbddecc55d727b1d7ed16a629afe4f6e4c217bc8d00af3b785f6f67ed	registry/src/index.crates.io-6f17d22bba15001f/solana-epoch-schedule-2.2.1	7	33755:d5d9c4663cbcdb51214ff0ff379a09712b63eee72436d1110eee7efba4e62f77
solana-example-mocks	2.2.1	registry+https://github.com/rust-lang/crates.io-index	registry/cache/index.crates.io-6f17d22bba15001f/solana-example-mocks-2.2.1.crate	8657	84461d56cbb8bb8d539347151e0525b53910102e4bced875d49d5139708e39d3	registry/src/index.crates.io-6f17d22bba15001f/solana-example-mocks-2.2.1	6	31984:d526c0f009012a40968aee1c4f3add4ac424a1adf00ffbda9bc165d7eaa1a55d
solana-feature-gate-interface	2.2.2	registry+https://github.com/rust-lang/crates.io-index	registry/cache/index.crates.io-6f17d22bba15001f/solana-feature-gate-interface-2.2.2.crate	7482	43f5c5382b449e8e4e3016fb05e418c53d57782d8b5c30aa372fc265654b956d	registry/src/index.crates.io-6f17d22bba15001f/solana-feature-gate-interface-2.2.2	6	27527:673c69ce382d42f934afa5ddb8454a0b8c6b2ac2b6b0b3d65e70f230fc3f8c44
solana-fee-calculator	2.2.1	registry+https://github.com/rust-lang/crates.io-index	registry/cache/index.crates.io-6f17d22bba15001f/solana-fee-calculator-2.2.1.crate	7622	d89bc408da0fb3812bc3008189d148b4d3e08252c79ad810b245482a3f70cd8d	registry/src/index.crates.io-6f17d22bba15001f/solana-fee-calculator-2.2.1	6	28680:144fab443f25bf61e25b2cd190d3ffe235e0158b7aea534589758a0e8ffe1074
solana-hash	2.3.0	registry+https://github.com/rust-lang/crates.io-index	registry/cache/index.crates.io-6f17d22bba15001f/solana-hash-2.3.0.crate	9232	b5b96e9f0300fa287b545613f007dfe20043d7812bee255f418c1eb649c93b63	registry/src/index.crates.io-6f17d22bba15001f/solana-hash-2.3.0	6	31577:cb10b03924eaad6b54db91f64ded01c7e64a525a5079163830fb9add73f6e940
solana-instruction	2.3.3	registry+https://github.com/rust-lang/crates.io-index	registry/cache/index.crates.io-6f17d22bba15001f/solana-instruction-2.3.3.crate	21318	bab5682934bd1f65f8d2c16f21cb532526fcc1a09f796e2cacdb091eee5774ad	registry/src/index.crates.io-6f17d22bba15001f/solana-instruction-2.3.3	10	109222:fd128ef40fb6511fb3267e3d036f280d9ff5477ec63f1fe847decf89812106f8
solana-instructions-sysvar	2.2.2	registry+https://github.com/rust-lang/crates.io-index	registry/cache/index.crates.io-6f17d22bba15001f/solana-instructions-sysvar-2.2.2.crate	9332	e0e85a6fad5c2d0c4f5b91d34b8ca47118fc593af706e523cdbedf846a954f57	registry/src/index.crates.io-6f17d22bba15001f/solana-instructions-sysvar-2.2.2	6	41715:1911a5f553157157838d3381b73a917012abded8dab3c0f760b188dafec7496e
solana-keccak-hasher	2.2.1	registry+https://github.com/rust-lang/crates.io-index	registry/cache/index.crates.io-6f17d22bba15001f/solana-keccak-hasher-2.2.1.crate	8077	c7aeb957fbd42a451b99235df4942d96db7ef678e8d5061ef34c9b34cae12f79	registry/src/index.crates.io-6f17d22bba15001f/solana-keccak-hasher-2.2.1	6	27490:d7e0220437608c1810b2340a8dc387453de429a31a796fad84ea0ab06ff31c27
solana-last-restart-slot	2.2.1	registry+https://github.com/rust-lang/crates.io-index	registry/cache/index.crates.io-6f17d22bba15001f/solana-last-restart-slot-2.2.1.crate	5302	4a6360ac2fdc72e7463565cd256eedcf10d7ef0c28a1249d261ec168c1b55cdd	registry/src/index.crates.io-6f17d22bba15001f/solana-last-restart-slot-2.2.1	7	17661:d337e76c86f5075e47e09e2de8b75639e77c4b4cecdd0b36c560977e30c983fc
solana-loader-v2-interface	2.2.1	registry+https://github.com/rust-lang/crates.io-index	registry/cache/index.crates.io-6f17d22bba15001f/solana-loader-v2-interface-2.2.1.crate	5796	d8ab08006dad78ae7cd30df8eea0539e207d08d91eaefb3e1d49a446e1c49654	registry/src/index.crates.io-6f17d22bba15001f/solana-loader-v2-interface-2.2.1	6	19252:9dfbf59eebc548c212e9339de038c6100a28d5d700959d694f21463db4f5d1f4
solana-loader-v3-interface	5.0.0	registry+https://github.com/rust-lang/crates.io-index	registry/cache/index.crates.io-6f17d22bba15001f/solana-loader-v3-interface-5.0.0.crate	11987	6f7162a05b8b0773156b443bccd674ea78bb9aa406325b467ea78c06c99a63a2	registry/src/index.crates.io-6f17d22bba15001f/solana-loader-v3-interface-5.0.0	8	53479:eb406892feb30774a38200b4d23752fdaccd76666d5efe09b9e9ca9ef8d29a64
solana-loader-v4-interface	2.2.1	registry+https://github.com/rust-lang/crates.io-index	registry/cache/index.crates.io-6f17d22bba15001f/solana-loader-v4-interface-2.2.1.crate	9824	706a777242f1f39a83e2a96a2a6cb034cb41169c6ecbee2cf09cb873d9659e7e	registry/src/index.crates.io-6f17d22bba15001f/solana-loader-v4-interface-2.2.1	8	44127:436e3ed1a7aa01da598459649c0a4b8cf6abfc3d795631d06b3d1b0b08aab062
solana-message	2.4.0	registry+https://github.com/rust-lang/crates.io-index	registry/cache/index.crates.io-6f17d22bba15001f/solana-message-2.4.0.crate	42004	1796aabce376ff74bf89b78d268fa5e683d7d7a96a0a4e4813ec34de49d5314b	registry/src/index.crates.io-6f17d22bba15001f/solana-message-2.4.0	17	220518:7bc764f460e07b0d8945f43ec16c778b26e33e00cdd870db4ca40aa83ccefd46
solana-msg	2.2.1	registry+https://github.com/rust-lang/crates.io-index	registry/cache/index.crates.io-6f17d22bba15001f/solana-msg-2.2.1.crate	1979	f36a1a14399afaabc2781a1db09cb14ee4cc4ee5c7a5a3cfcc601811379a8092	registry/src/index.crates.io-6f17d22bba15001f/solana-msg-2.2.1	7	3804:fdfa02428b7d92d5341e06018ead8bc21c73945d066b1fdbbe7b970bcae87b1b
solana-native-token	2.3.0	registry+https://github.com/rust-lang/crates.io-index	registry/cache/index.crates.io-6f17d22bba15001f/solana-native-token-2.3.0.crate	2471	61515b880c36974053dd499c0510066783f0cc6ac17def0c7ef2a244874cf4a9	registry/src/index.crates.io-6f17d22bba15001f/solana-native-token-2.3.0	6	8328:672222cef54aa8f8e0a8b56e82253a3ac0a321e3053348dd68d44197598df08f
solana-nonce	2.2.1	registry+https://github.com/rust-lang/crates.io-index	registry/cache/index.crates.io-6f17d22bba15001f/solana-nonce-2.2.1.crate	7530	703e22eb185537e06204a5bd9d509b948f0066f2d1d814a6f475dafb3ddf1325	registry/src/index.crates.io-6f17d22bba15001f/solana-nonce-2.2.1	8	29412:7fef94215c68c5dd13ecd807bdc0a4bf02455455f07b993c50e9e1a9f7c98ce8
solana-program	2.3.0	registry+https://github.com/rust-lang/crates.io-index	registry/cache/index.crates.io-6f17d22bba15001f/solana-program-2.3.0.crate	35371	98eca145bd3545e2fbb07166e895370576e47a00a7d824e325390d33bf467210	registry/src/index.crates.io-6f17d22bba15001f/solana-program-2.3.0	37	142411:a6fd7473ca4a08a60cd19d6b6c6d6e1e7e0388a7dab5818f79c73aa5271faa9f
solana-program-entrypoint	2.3.0	registry+https://github.com/rust-lang/crates.io-index	registry/cache/index.crates.io-6f17d22bba15001f/solana-program-entrypoint-2.3.0.crate	10807	32ce041b1a0ed275290a5008ee1a4a6c48f5054c8a3d78d313c08958a06aedbd	registry/src/index.crates.io-6f17d22bba15001f/solana-program-entrypoint-2.3.0	6	39097:844151a04c0ea01d395d6722361f6ad26a0959affa095e686f2d65f8e1591b52
solana-program-error	2.2.2	registry+https://github.com/rust-lang/crates.io-index	registry/cache/index.crates.io-6f17d22bba15001f/solana-program-error-2.2.2.crate	9230	9ee2e0217d642e2ea4bee237f37bd61bb02aec60da3647c48ff88f6556ade775	registry/src/index.crates.io-6f17d22bba15001f/solana-program-error-2.2.2	6	37351:4995a122754ef7d5396d703ba69999a69536066ddffb96076f288e629371b875
solana-program-memory	2.3.1	registry+https://github.com/rust-lang/crates.io-index	registry/cache/index.crates.io-6f17d22bba15001f/solana-program-memory-2.3.1.crate	2935	3a5426090c6f3fd6cfdc10685322fede9ca8e5af43cd6a59e98bfe4e91671712	registry/src/index.crates.io-6f17d22bba15001f/solana-program-memory-2.3.1	6	8931:1a6268b7d7fd922629dac7779bde10d077bcd7c4b09ab390fed195be049cfd98
solana-program-option	2.2.1	registry+https://github.com/rust-lang/crates.io-index	registry/cache/index.crates.io-6f17d22bba15001f/solana-program-option-2.2.1.crate	6463	dc677a2e9bc616eda6dbdab834d463372b92848b2bfe4a1ed4e4b4adba3397d0	registry/src/index.crates.io-6f17d22bba15001f/solana-program-option-2.2.1	6	32691:71b195c28b9c3e1a7d52596eed2d6ea5dba3d7b6b52cd7c45df680754aa5e596
solana-program-pack	2.2.1	registry+https://github.com/rust-lang/crates.io-index	registry/cache/index.crates.io-6f17d22bba15001f/solana-program-pack-2.2.1.crate	5304	319f0ef15e6e12dc37c597faccb7d62525a509fec5f6975ecb9419efddeb277b	registry/src/index.crates.io-6f17d22bba15001f/solana-program-pack-2.2.1	6	17196:58feb5f8aca157ad3720712e4a6da258ef733fe74393f1b9f8d1cd53d710647b
solana-pubkey	2.4.0	registry+https://github.com/rust-lang/crates.io-index	registry/cache/index.crates.io-6f17d22bba15001f/solana-pubkey-2.4.0.crate	23485	9b62adb9c3261a052ca1f999398c388f1daf558a1b492f60a6d9e64857db4ff1	registry/src/index.crates.io-6f17d22bba15001f/solana-pubkey-2.4.0	7	92398:d0fcae1b79f28a11305839a71d7b0ff964ff36ee185bd0359fa673f6bb0e95da
solana-rent	2.2.1	registry+https://github.com/rust-lang/crates.io-index	registry/cache/index.crates.io-6f17d22bba15001f/solana-rent-2.2.1.crate	8662	d1aea8fdea9de98ca6e8c2da5827707fb3842833521b528a713810ca685d2480	registry/src/index.crates.io-6f17d22bba15001f/solana-rent-2.2.1	7	30337:737271673973f11682e607ae4665f8101fe24ed23eb48434a0893cdf7980e112
solana-sanitize	2.2.1	registry+https://github.com/rust-lang/crates.io-index	registry/cache/index.crates.io-6f17d22bba15001f/solana-sanitize-2.2.1.crate	1565	61f1bc1357b8188d9c4a3af3fc55276e56987265eb7ad073ae6f8180ee54cecf	registry/src/index.crates.io-6f17d22bba15001f/solana-sanitize-2.2.1	6	3052:c7e2489463d1985cf5485e7bb8fbbfbcab560784915682347538c3ad3b033c47
solana-sdk-ids	2.2.1	registry+https://github.com/rust-lang/crates.io-index	registry/cache/index.crates.io-6f17d22bba15001f/solana-sdk-ids-2.2.1.crate	5199	5c5d8b9cc68d5c88b062a33e23a6466722467dde0035152d8fb1afbcdf350a5f	registry/src/index.crates.io-6f17d22bba15001f/solana-sdk-ids-2.2.1	6	18298:6b955c8074f40daa7fb66557f9d8137911bf3031a36e6207c1b243ba50cebbc5
solana-sdk-macro	2.2.1	registry+https://github.com/rust-lang/crates.io-index	registry/cache/index.crates.io-6f17d22bba15001f/solana-sdk-macro-2.2.1.crate	4026	86280da8b99d03560f6ab5aca9de2e38805681df34e0bb8f238e69b29433b9df	registry/src/index.crates.io-6f17d22bba15001f/solana-sdk-macro-2.2.1	6	14507:6cc7f961ffef512d5aa9f40ad3185ff7b385f3cef51d429b219c87c6987d41a6
solana-secp256k1-recover	2.2.1	registry+https://github.com/rust-lang/crates.io-index	registry/cache/index.crates.io-6f17d22bba15001f/solana-secp256k1-recover-2.2.1.crate	11857	baa3120b6cdaa270f39444f5093a90a7b03d296d362878f7a6991d6de3bbe496	registry/src/index.crates.io-6f17d22bba15001f/solana-secp256k1-recover-2.2.1	6	39524:046ad6c2a04cca1f567453d1559ba015da5c4399e386d013b02caafa5b786ed8
solana-serde-varint	2.2.2	registry+https://github.com/rust-lang/crates.io-index	registry/cache/index.crates.io-6f17d22bba15001f/solana-serde-varint-2.2.2.crate	4434	2a7e155eba458ecfb0107b98236088c3764a09ddf0201ec29e52a0be40857113	registry/src/index.crates.io-6f17d22bba15001f/solana-serde-varint-2.2.2	6	15485:a9ed5d4c250eba29069c1eae5e8f0e3ace1d58931c2b2477ec669e993f99f641
solana-serialize-utils	2.2.1	registry+https://github.com/rust-lang/crates.io-index	registry/cache/index.crates.io-6f17d22bba15001f/solana-serialize-utils-2.2.1.crate	8094	817a284b63197d2b27afdba829c5ab34231da4a9b4e763466a003c40ca4f535e	registry/src/index.crates.io-6f17d22bba15001f/solana-serialize-utils-2.2.1	7	29602:4c6ef27946b3418ff2435439ab7b939a5d311fe865f403fdf4cd41489821e639
solana-sha256-hasher	2.3.0	registry+https://github.com/rust-lang/crates.io-index	registry/cache/index.crates.io-6f17d22bba15001f/solana-sha256-hasher-2.3.0.crate	4913	5aa3feb32c28765f6aa1ce8f3feac30936f16c5c3f7eb73d63a5b8f6f8ecdc44	registry/src/index.crates.io-6f17d22bba15001f/solana-sha256-hasher-2.3.0	6	15378:70478c857991de8401bac5eb4661f15f069743b06aa2ce7a9cd77af1ca9c11bc
solana-short-vec	2.2.1	registry+https://github.com/rust-lang/crates.io-index	registry/cache/index.crates.io-6f17d22bba15001f/solana-short-vec-2.2.1.crate	7347	5c54c66f19b9766a56fa0057d060de8378676cb64987533fa088861858fc5a69	registry/src/index.crates.io-6f17d22bba15001f/solana-short-vec-2.2.1	6	25385:6b0f5dbab8383f500f9203ebd8173ffb4e3250c94726ff5cd8739775b53be553
solana-slot-hashes	2.2.1	registry+https://github.com/rust-lang/crates.io-index	registry/cache/index.crates.io-6f17d22bba15001f/solana-slot-hashes-2.2.1.crate	6177	0c8691982114513763e88d04094c9caa0376b867a29577939011331134c301ce	registry/src/index.crates.io-6f17d22bba15001f/solana-slot-hashes-2.2.1	7	19889:79e859df35b4413404398a4a42264925fec521184b23ca3401190cfd4ec6a6fc
solana-slot-history	2.2.1	registry+https://github.com/rust-lang/crates.io-index	registry/cache/index.crates.io-6f17d22bba15001f/solana-slot-history-2.2.1.crate	6555	97ccc1b2067ca22754d5283afb2b0126d61eae734fc616d23871b0943b0d935e	registry/src/index.crates.io-6f17d22bba15001f/solana-slot-history-2.2.1	7	23583:ffaa89f65308d61392807b48161f1e26178b1260f0af299b4ce0f20f693ad15e
solana-stable-layout	2.2.1	registry+https://github.com/rust-lang/crates.io-index	registry/cache/index.crates.io-6f17d22bba15001f/solana-stable-layout-2.2.1.crate	7891	9f14f7d02af8f2bc1b5efeeae71bc1c2b7f0f65cd75bcc7d8180f2c762a57f54	registry/src/index.crates.io-6f17d22bba15001f/solana-stable-layout-2.2.1	11	27397:7e1fd3aed9038176fbc36aa0597652e228ec77187c812c7e7a73613a45331b31
solana-stake-interface	1.2.1	registry+https://github.com/rust-lang/crates.io-index	registry/cache/index.crates.io-6f17d22bba15001f/solana-stake-interface-1.2.1.crate	19553	5269e89fde216b4d7e1d1739cf5303f8398a1ff372a81232abbee80e554a838c	registry/src/index.crates.io-6f17d22bba15001f/solana-stake-interface-1.2.1	14	135384:299075ac0e4a829ae88370fc48b67a5dd7be5a70a09bba3c3c597c29757accef
solana-system-interface	1.0.0	registry+https://github.com/rust-lang/crates.io-index	registry/cache/index.crates.io-6f17d22bba15001f/solana-system-interface-1.0.0.crate	13227	94d7c18cb1a91c6be5f5a8ac9276a1d7c737e39a21beba9ea710ab4b9c63bc90	registry/src/index.crates.io-6f17d22bba15001f/solana-system-interface-1.0.0	9	78093:cba04172b21514daaea213ccd365cf1d64fd2766161bebae4a71971d2525a31c
solana-sysvar	2.3.0	registry+https://github.com/rust-lang/crates.io-index	registry/cache/index.crates.io-6f17d22bba15001f/solana-sysvar-2.3.0.crate	24260	b8c3595f95069f3d90f275bb9bd235a1973c4d059028b0a7f81baca2703815db	registry/src/index.crates.io-6f17d22bba15001f/solana-sysvar-2.3.0	18	113278:d1c2e8ecfa524829d63f2ea66b77da1f647b43adba2b104d3ea492dbe2f2da05
solana-sysvar-id	2.2.1	registry+https://github.com/rust-lang/crates.io-index	registry/cache/index.crates.io-6f17d22bba15001f/solana-sysvar-id-2.2.1.crate	5501	5762b273d3325b047cfda250787f8d796d781746860d5d0a746ee29f3e8812c1	registry/src/index.crates.io-6f17d22bba15001f/solana-sysvar-id-2.2.1	6	17834:a63fd002ba4ef45f16f30962ead3dee002035b32a8b9580bdd6002832baca8f7
solana-transaction-error	2.2.1	registry+https://github.com/rust-lang/crates.io-index	registry/cache/index.crates.io-6f17d22bba15001f/solana-transaction-error-2.2.1.crate	9597	222a9dc8fdb61c6088baab34fc3a8b8473a03a7a5fd404ed8dd502fa79b67cb1	registry/src/index.crates.io-6f17d22bba15001f/solana-transaction-error-2.2.1	6	37956:339f9fe1ffd3768cdd9f2425a82d366904908d0d2a39576c4122fb10b651fd17
solana-vote-interface	2.2.6	registry+https://github.com/rust-lang/crates.io-index	registry/cache/index.crates.io-6f17d22bba15001f/solana-vote-interface-2.2.6.crate	31570	b80d57478d6599d30acc31cc5ae7f93ec2361a06aefe8ea79bc81739a08af4c3	registry/src/index.crates.io-6f17d22bba15001f/solana-vote-interface-2.2.6	15	153345:731805d921030445a9533a4f9b755d50a760f9a77eae5795f9e4ecb1879b87e1
subtle	2.6.1	registry+https://github.com/rust-lang/crates.io-index	registry/cache/index.crates.io-6f17d22bba15001f/subtle-2.6.1.crate	14562	13c2bddecc57b384dee18652358fb23172facb8a2c51ccc10d74c157bdea3292	registry/src/index.crates.io-6f17d22bba15001f/subtle-2.6.1	11	57069:8f474b6995d6df0c5e93cd1ecc755efc277bcddd2b5d68f95c93191d7c91bdff
syn	1.0.109	registry+https://github.com/rust-lang/crates.io-index	registry/cache/index.crates.io-6f17d22bba15001f/syn-1.0.109.crate	237611	72b64191b275b66ffe2469e8af2c1cfe3bafa67b529ead792a6d0160888b4237	registry/src/index.crates.io-6f17d22bba15001f/syn-1.0.109	99	1898673:09b573c56bea24d3a6c9289963af22e9ce08beb162c7ca33552d5df5e091f4e2
syn	2.0.118	registry+https://github.com/rust-lang/crates.io-index	registry/cache/index.crates.io-6f17d22bba15001f/syn-2.0.118.crate	305533	1b9ae57f904213ebb649ce6895b8a66c66f0203b9319718f69a5612a065b1422	registry/src/index.crates.io-6f17d22bba15001f/syn-2.0.118	106	2291628:93d6798524616100fc1648717e3636ca3e5633278e0c60feff4a3581b576036d
syn	2.0.119	registry+https://github.com/rust-lang/crates.io-index	registry/cache/index.crates.io-6f17d22bba15001f/syn-2.0.119.crate	307407	872831b642d1a07999a962a351ed35b955ea2cfc8f3862091e2a240a84f17297	registry/src/index.crates.io-6f17d22bba15001f/syn-2.0.119	106	2306630:2ff7a1c4abbe7b1dbab98ff5a4e9ad73cc86022073507c3cecbafca965abb124
syn	3.0.4	registry+https://github.com/rust-lang/crates.io-index	registry/cache/index.crates.io-6f17d22bba15001f/syn-3.0.4.crate	313047	e6275cddf4610d1775e6d1fe9469b2e77d0f39fd98fb7450901b821e0c53649f	registry/src/index.crates.io-6f17d22bba15001f/syn-3.0.4	105	2360912:53cf285f8d690012f48faa7d331f519c38ef91dbef71a3b519e28c27e8398225
thiserror	2.0.18	registry+https://github.com/rust-lang/crates.io-index	registry/cache/index.crates.io-6f17d22bba15001f/thiserror-2.0.18.crate	28875	4288b5bcbc7920c07a1149a35cf9590a2aa808e0bc1eafaade0b80947865fbc4	registry/src/index.crates.io-6f17d22bba15001f/thiserror-2.0.18	106	116836:ae8b2f0852a63f8e28218819d266a7f5ff7a58d3ac93af5fe3a31d65d496f506
thiserror	2.0.20	registry+https://github.com/rust-lang/crates.io-index	registry/cache/index.crates.io-6f17d22bba15001f/thiserror-2.0.20.crate	28969	ec86235f5fcc2a73650310756d2ac5b138a5780bbbdfae3eeccec992c435ba4f	registry/src/index.crates.io-6f17d22bba15001f/thiserror-2.0.20	106	118404:de62c4be7e8a1a930fd76793838d731595b19131c38f99b066b98b49c28d8fe6
thiserror-impl	2.0.18	registry+https://github.com/rust-lang/crates.io-index	registry/cache/index.crates.io-6f17d22bba15001f/thiserror-impl-2.0.18.crate	21413	ebc4ee7f67670e9b64d05fa4253e753e016c6c95ff35b89b7941d6b856dec1d5	registry/src/index.crates.io-6f17d22bba15001f/thiserror-impl-2.0.18	18	96188:36359847998f64bd7e67344a8a2e97b6376bf0cad69d672255bc1e17f44598bd
thiserror-impl	2.0.20	registry+https://github.com/rust-lang/crates.io-index	registry/cache/index.crates.io-6f17d22bba15001f/thiserror-impl-2.0.20.crate	21436	bc04cd3e1236dd4a98afca4569f2deb3f120e5422a4023be2cb683f8486292af	registry/src/index.crates.io-6f17d22bba15001f/thiserror-impl-2.0.20	18	96258:7a0c2e40aab58f7538da059d81f8907898b026f5fb0b2097f321a3a2a3fec2f1
tinyvec	1.11.0	registry+https://github.com/rust-lang/crates.io-index	registry/cache/index.crates.io-6f17d22bba15001f/tinyvec-1.11.0.crate	53096	3e61e67053d25a4e82c844e8424039d9745781b3fc4f32b8d55ed50f5f667ef3	registry/src/index.crates.io-6f17d22bba15001f/tinyvec-1.11.0	27	237258:957f60bea217f3444a38921dde6e780bbac95c416c5be63be890b91220c2fca7
tinyvec	1.12.0	registry+https://github.com/rust-lang/crates.io-index	registry/cache/index.crates.io-6f17d22bba15001f/tinyvec-1.12.0.crate	56568	bb4ebadaa0af04fab11ae01eb5f9fdb5f9c5b875506e210e71c07873528baa7f	registry/src/index.crates.io-6f17d22bba15001f/tinyvec-1.12.0	27	251131:adfa55a6e17a3d65e1bfd2a7b627a93134ec1ed9121832c2c47bf7c0ae990bbc
tinyvec_macros	0.1.1	registry+https://github.com/rust-lang/crates.io-index	registry/cache/index.crates.io-6f17d22bba15001f/tinyvec_macros-0.1.1.crate	5865	1f3ccbac311fea05f86f61904b462b55fb3df8837a366dfc601a0161d0532f20	registry/src/index.crates.io-6f17d22bba15001f/tinyvec_macros-0.1.1	9	14987:2c00ded0d5c01afdce0eb06afb8a4ac667da17343350f6d9f95e7cb33bcd61f4
toml	0.5.11	registry+https://github.com/rust-lang/crates.io-index	registry/cache/index.crates.io-6f17d22bba15001f/toml-0.5.11.crate	54910	f4f7f0dd8d50a853a531c426359045b1998f04219d88799810762cd4ad314234	registry/src/index.crates.io-6f17d22bba15001f/toml-0.5.11	21	274807:c99d5750bfe855c787adcdcb02639378e8e3ca07cdb1954f95394f28eedeb9e9
toml_datetime	0.6.11	registry+https://github.com/rust-lang/crates.io-index	registry/cache/index.crates.io-6f17d22bba15001f/toml_datetime-0.6.11.crate	16125	22cddaf88f4fbc13c51aebbf5f8eceb5c7c5a9da2ac40a13519eb5b0a0e8f11c	registry/src/index.crates.io-6f17d22bba15001f/toml_datetime-0.6.11	10	58594:89504aebff5da32488addf186fa2db270a036b21d17405df7490e63cd5e2170d
toml_datetime-1.1.1+spec	1.1.0	registry+https://github.com/rust-lang/crates.io-index	registry/cache/index.crates.io-6f17d22bba15001f/toml_datetime-1.1.1+spec-1.1.0.crate	17982	3165f65f62e28e0115a00b2ebdd37eb6f3b641855f9d636d3cd4103767159ad7	registry/src/index.crates.io-6f17d22bba15001f/toml_datetime-1.1.1+spec-1.1.0	12	70949:f7cf943e8294d6f7f31d45feef99de5afd30cc445c37aebd4652bcc23280c11c
toml_edit	0.22.27	registry+https://github.com/rust-lang/crates.io-index	registry/cache/index.crates.io-6f17d22bba15001f/toml_edit-0.22.27.crate	78602	41fe8c660ae4257887cf66394862d21dbca4a6ddd26f04a3560410406a2f819a	registry/src/index.crates.io-6f17d22bba15001f/toml_edit-0.22.27	53	395305:83238acb374b17f014da93a655c83250c347b7b7b1f5bf9bdb425630d74125c0
toml_write	0.1.2	registry+https://github.com/rust-lang/crates.io-index	registry/cache/index.crates.io-6f17d22bba15001f/toml_write-0.1.2.crate	15660	5d99f8c9a7727884afe522e9bd5edbfc91a3312b36a77b5fb8926e4c31a41801	registry/src/index.crates.io-6f17d22bba15001f/toml_write-0.1.2	13	58345:8b730cdf4f64ad2e3a576143914e3c64f90d9fe216a86ecd88e6d8247462b3a5
typenum	1.20.1	registry+https://github.com/rust-lang/crates.io-index	registry/cache/index.crates.io-6f17d22bba15001f/typenum-1.20.1.crate	105479	b6f5e870be6c3b371b77fe0ee0bafb859fa4964b4404c27de1d380043c4dda20	registry/src/index.crates.io-6f17d22bba15001f/typenum-1.20.1	27	1231434:039eaecf01bdf1b0db02d228ff8346fc2be2645ddd3fca3e6db590e6d3b9492d
unicode-ident	1.0.24	registry+https://github.com/rust-lang/crates.io-index	registry/cache/index.crates.io-6f17d22bba15001f/unicode-ident-1.0.24.crate	49298	e6e4313cd5fcd3dad5cafa179702e2b244f760991f45397d14d4ebf38247da75	registry/src/index.crates.io-6f17d22bba15001f/unicode-ident-1.0.24	27	336830:ac23a5a39adb7533ce64991280ae9eba85dbcc9f15f983e5b484d94c409c4026
version_check	0.9.5	registry+https://github.com/rust-lang/crates.io-index	registry/cache/index.crates.io-6f17d22bba15001f/version_check-0.9.5.crate	15554	0b928f33d975fc6ad9f86c8f283853ad26bdd5b10b7f1542aa2fa15e2289105a	registry/src/index.crates.io-6f17d22bba15001f/version_check-0.9.5	14	60157:efc0aadd1b66e9edfc881f67d53c9bc22c9168cfedfc235d80bd85aea4f6afeb
winnow	0.7.15	registry+https://github.com/rust-lang/crates.io-index	registry/cache/index.crates.io-6f17d22bba15001f/winnow-0.7.15.crate	187092	df79d97927682d2fd8adb29682d1140b343be4ac0f08fd68b7765d9c059d3945	registry/src/index.crates.io-6f17d22bba15001f/winnow-0.7.15	106	1339603:e325192a070db929603984b890ecb2484bfc8420ac414ed6d04ddae89a02dee6
zerocopy	0.8.52	registry+https://github.com/rust-lang/crates.io-index	registry/cache/index.crates.io-6f17d22bba15001f/zerocopy-0.8.52.crate	284102	ce1022995ff5ff5d841ad7d994facc23098cd40152f2c1d11cd607c6f530653f	registry/src/index.crates.io-6f17d22bba15001f/zerocopy-0.8.52	316	1662437:0c89d86a4ea0bc4be6bad3bb53b10d21dc0fa8437534733f3726902c14f5b31a
zerocopy	0.8.56	registry+https://github.com/rust-lang/crates.io-index	registry/cache/index.crates.io-6f17d22bba15001f/zerocopy-0.8.56.crate	284907	556764e583adb45a9f8d413c2a147fa7e8d821e48e12b14fd560b607998b75eb	registry/src/index.crates.io-6f17d22bba15001f/zerocopy-0.8.56	316	1671156:4c5827182be3624ea609164d6b2cc8d0a6f72bd5b72c0e5509c9748df0d600ba
zeroize	1.8.1	registry+https://github.com/rust-lang/crates.io-index	registry/cache/index.crates.io-6f17d22bba15001f/zeroize-1.8.1.crate	20029	ced3678a2879b30306d323f4542626697a464a97c0a07c9aebf7ebca65cd4dde	registry/src/index.crates.io-6f17d22bba15001f/zeroize-1.8.1	13	67628:eb57aeb7faa2a96fffb91a0f15c56b8cc956585f61afca693c5480ce0cfd824f
zeroize	1.9.0	registry+https://github.com/rust-lang/crates.io-index	registry/cache/index.crates.io-6f17d22bba15001f/zeroize-1.9.0.crate	24480	e13c156562582aa81c60cb29407084cdb54c4164760106ab78e6c5b0858cf64e	registry/src/index.crates.io-6f17d22bba15001f/zeroize-1.9.0	17	81782:77aa372e31ded0cf39b1b80444f0c1e26541c0b69c22d71277dbb5e21dd713e4
zmij	1.0.21	registry+https://github.com/rust-lang/crates.io-index	registry/cache/index.crates.io-6f17d22bba15001f/zmij-1.0.21.crate	26665	b8848ee67ecc8aedbaf3e4122217aff892639231befc6a1b58d29fff4c2cabaa	registry/src/index.crates.io-6f17d22bba15001f/zmij-1.0.21	19	92707:03a154a07541628c78d78e2b5962653fc7c8b77dae9dd8c7f09ae4cfca1fdabe
zmij	1.0.23	registry+https://github.com/rust-lang/crates.io-index	registry/cache/index.crates.io-6f17d22bba15001f/zmij-1.0.23.crate	28612	29666d0abbfad1e3dc4dcf6144730dd3a3ab225bbbdac83319345b1b44ccfc1b	registry/src/index.crates.io-6f17d22bba15001f/zmij-1.0.23	18	106139:79c63b533dfe6d2c0c3cc1da3618e061ba106693bf86aed6f5c0f42e7959622e
