V7CallerCurrentReleaseR26.TypesExternal	generated/V7CallerCurrentReleaseR26/TypesExternal.lean
V7CallerCurrentReleaseR26.Types	generated/V7CallerCurrentReleaseR26/Types.lean
V7ProductionSnapshotObserverR28.TypesExternal	generated/V7ProductionSnapshotObserverR28/TypesExternal.lean
V7ProductionSnapshotObserverR28.Types	generated/V7ProductionSnapshotObserverR28/Types.lean
V7CallerCurrentReleaseR26.FunsExternal	generated/V7CallerCurrentReleaseR26/FunsExternal.lean
V7CallerCurrentReleaseR26.MutableIteratorCompat	generated/V7CallerCurrentReleaseR26/MutableIteratorCompat.lean
V7CallerCurrentReleaseR26.Funs	generated/V7CallerCurrentReleaseR26/Funs.lean
V7ProductionCallbacksR29.TypesExternalBase	staged-r29/V7ProductionCallbacksR29/TypesExternalBase.lean
V7ProductionCallbacksR29.TypesExternal	staged-r29/V7ProductionCallbacksR29/TypesExternal.lean
V7ProductionCallbacksR29.Types	staged-r29/V7ProductionCallbacksR29/Types.lean
V7ProductionCallbacksR29.FunsExternalBase	staged-r29/V7ProductionCallbacksR29/FunsExternalBase.lean
V7GammaSlotMajorLiteral.Types	staged-r29/V7GammaSlotMajorLiteral/Types.lean
V7GammaSlotMajorLiteral.Funs	staged-r29/V7GammaSlotMajorLiteral/Funs.lean
V7Qm31Dot3Reduced.TypesExternal	staged-r29/V7Qm31Dot3Reduced/TypesExternal.lean
V7Qm31Dot3Reduced.Types	staged-r29/V7Qm31Dot3Reduced/Types.lean
V7Qm31Dot3Reduced.FunsExternal	staged-r29/V7Qm31Dot3Reduced/FunsExternal.lean
V7Qm31Dot3Reduced.Funs	staged-r29/V7Qm31Dot3Reduced/Funs.lean
V7ProductionCallbacksR29.FunsExternal	staged-r29/V7ProductionCallbacksR29/FunsExternal.lean
V7ProductionCallbacksR29.CircleTableSupport	staged-r29/V7ProductionCallbacksR29/CircleTableSupport.lean
V7ProductionCallbacksR29.CircleTable_RATE512_CIRCLE_LOW8_WINDOW_Chunk00	staged-r29/V7ProductionCallbacksR29/CircleTable_RATE512_CIRCLE_LOW8_WINDOW_Chunk00.lean
V7ProductionCallbacksR29.CircleTable_RATE512_CIRCLE_LOW8_WINDOW_Chunk01	staged-r29/V7ProductionCallbacksR29/CircleTable_RATE512_CIRCLE_LOW8_WINDOW_Chunk01.lean
V7ProductionCallbacksR29.CircleTable_RATE512_CIRCLE_LOW8_WINDOW_Chunk02	staged-r29/V7ProductionCallbacksR29/CircleTable_RATE512_CIRCLE_LOW8_WINDOW_Chunk02.lean
V7ProductionCallbacksR29.CircleTable_RATE512_CIRCLE_LOW8_WINDOW_Chunk03	staged-r29/V7ProductionCallbacksR29/CircleTable_RATE512_CIRCLE_LOW8_WINDOW_Chunk03.lean
V7ProductionCallbacksR29.CircleTable_RATE512_CIRCLE_LOW8_WINDOW_Chunk04	staged-r29/V7ProductionCallbacksR29/CircleTable_RATE512_CIRCLE_LOW8_WINDOW_Chunk04.lean
V7ProductionCallbacksR29.CircleTable_RATE512_CIRCLE_LOW8_WINDOW_Chunk05	staged-r29/V7ProductionCallbacksR29/CircleTable_RATE512_CIRCLE_LOW8_WINDOW_Chunk05.lean
V7ProductionCallbacksR29.CircleTable_RATE512_CIRCLE_LOW8_WINDOW_Chunk06	staged-r29/V7ProductionCallbacksR29/CircleTable_RATE512_CIRCLE_LOW8_WINDOW_Chunk06.lean
V7ProductionCallbacksR29.CircleTable_RATE512_CIRCLE_LOW8_WINDOW_Chunk07	staged-r29/V7ProductionCallbacksR29/CircleTable_RATE512_CIRCLE_LOW8_WINDOW_Chunk07.lean
V7ProductionCallbacksR29.CircleTable_RATE512_CIRCLE_LOW8_WINDOW_Chunk08	staged-r29/V7ProductionCallbacksR29/CircleTable_RATE512_CIRCLE_LOW8_WINDOW_Chunk08.lean
V7ProductionCallbacksR29.CircleTable_RATE512_CIRCLE_LOW8_WINDOW_Chunk09	staged-r29/V7ProductionCallbacksR29/CircleTable_RATE512_CIRCLE_LOW8_WINDOW_Chunk09.lean
V7ProductionCallbacksR29.CircleTable_RATE512_CIRCLE_LOW8_WINDOW_Chunk10	staged-r29/V7ProductionCallbacksR29/CircleTable_RATE512_CIRCLE_LOW8_WINDOW_Chunk10.lean
V7ProductionCallbacksR29.CircleTable_RATE512_CIRCLE_LOW8_WINDOW_Chunk11	staged-r29/V7ProductionCallbacksR29/CircleTable_RATE512_CIRCLE_LOW8_WINDOW_Chunk11.lean
V7ProductionCallbacksR29.CircleTable_RATE512_CIRCLE_LOW8_WINDOW_Chunk12	staged-r29/V7ProductionCallbacksR29/CircleTable_RATE512_CIRCLE_LOW8_WINDOW_Chunk12.lean
V7ProductionCallbacksR29.CircleTable_RATE512_CIRCLE_LOW8_WINDOW_Chunk13	staged-r29/V7ProductionCallbacksR29/CircleTable_RATE512_CIRCLE_LOW8_WINDOW_Chunk13.lean
V7ProductionCallbacksR29.CircleTable_RATE512_CIRCLE_LOW8_WINDOW_Chunk14	staged-r29/V7ProductionCallbacksR29/CircleTable_RATE512_CIRCLE_LOW8_WINDOW_Chunk14.lean
V7ProductionCallbacksR29.CircleTable_RATE512_CIRCLE_LOW8_WINDOW_Chunk15	staged-r29/V7ProductionCallbacksR29/CircleTable_RATE512_CIRCLE_LOW8_WINDOW_Chunk15.lean
V7ProductionCallbacksR29.AtomicPatternSupport	staged-r29/V7ProductionCallbacksR29/AtomicPatternSupport.lean
V7ProductionCallbacksR29.AtomicPatternChunk00	staged-r29/V7ProductionCallbacksR29/AtomicPatternChunk00.lean
V7ProductionCallbacksR29.AtomicPatternChunk01	staged-r29/V7ProductionCallbacksR29/AtomicPatternChunk01.lean
V7ProductionCallbacksR29.AtomicPatternChunk02	staged-r29/V7ProductionCallbacksR29/AtomicPatternChunk02.lean
V7ProductionCallbacksR29.AtomicPatternChunk03	staged-r29/V7ProductionCallbacksR29/AtomicPatternChunk03.lean
V7ProductionCallbacksR29.AtomicPatternChunk04	staged-r29/V7ProductionCallbacksR29/AtomicPatternChunk04.lean
V7ProductionCallbacksR29.AtomicPatternChunk05	staged-r29/V7ProductionCallbacksR29/AtomicPatternChunk05.lean
V7ProductionCallbacksR29.AtomicPatternChunk06	staged-r29/V7ProductionCallbacksR29/AtomicPatternChunk06.lean
V7ProductionCallbacksR29.AtomicPatternChunk07	staged-r29/V7ProductionCallbacksR29/AtomicPatternChunk07.lean
V7ProductionCallbacksR29.AtomicPatternChunk08	staged-r29/V7ProductionCallbacksR29/AtomicPatternChunk08.lean
V7ProductionCallbacksR29.AtomicPatternChunk09	staged-r29/V7ProductionCallbacksR29/AtomicPatternChunk09.lean
V7ProductionCallbacksR29.AtomicPatternChunk10	staged-r29/V7ProductionCallbacksR29/AtomicPatternChunk10.lean
V7ProductionCallbacksR29.AtomicPatternChunk11	staged-r29/V7ProductionCallbacksR29/AtomicPatternChunk11.lean
V7ProductionCallbacksR29.AtomicPatternChunk12	staged-r29/V7ProductionCallbacksR29/AtomicPatternChunk12.lean
V7ProductionCallbacksR29.AtomicPatternChunk13	staged-r29/V7ProductionCallbacksR29/AtomicPatternChunk13.lean
V7ProductionCallbacksR29.AtomicPatternChunk14	staged-r29/V7ProductionCallbacksR29/AtomicPatternChunk14.lean
V7ProductionCallbacksR29.LateScalarExternal	staged-r29/V7ProductionCallbacksR29/LateScalarExternal.lean
V7ProductionCallbacksR29.FunsChunk00	staged-r29/V7ProductionCallbacksR29/FunsChunk00.lean
V7ProductionCallbacksR29.CircleTable_RATE512_CIRCLE_HIGH9_WINDOW_Chunk00	staged-r29/V7ProductionCallbacksR29/CircleTable_RATE512_CIRCLE_HIGH9_WINDOW_Chunk00.lean
V7ProductionCallbacksR29.CircleTable_RATE512_CIRCLE_HIGH9_WINDOW_Chunk01	staged-r29/V7ProductionCallbacksR29/CircleTable_RATE512_CIRCLE_HIGH9_WINDOW_Chunk01.lean
V7ProductionCallbacksR29.CircleTable_RATE512_CIRCLE_HIGH9_WINDOW_Chunk02	staged-r29/V7ProductionCallbacksR29/CircleTable_RATE512_CIRCLE_HIGH9_WINDOW_Chunk02.lean
V7ProductionCallbacksR29.CircleTable_RATE512_CIRCLE_HIGH9_WINDOW_Chunk03	staged-r29/V7ProductionCallbacksR29/CircleTable_RATE512_CIRCLE_HIGH9_WINDOW_Chunk03.lean
V7ProductionCallbacksR29.CircleTable_RATE512_CIRCLE_HIGH9_WINDOW_Chunk04	staged-r29/V7ProductionCallbacksR29/CircleTable_RATE512_CIRCLE_HIGH9_WINDOW_Chunk04.lean
V7ProductionCallbacksR29.CircleTable_RATE512_CIRCLE_HIGH9_WINDOW_Chunk05	staged-r29/V7ProductionCallbacksR29/CircleTable_RATE512_CIRCLE_HIGH9_WINDOW_Chunk05.lean
V7ProductionCallbacksR29.CircleTable_RATE512_CIRCLE_HIGH9_WINDOW_Chunk06	staged-r29/V7ProductionCallbacksR29/CircleTable_RATE512_CIRCLE_HIGH9_WINDOW_Chunk06.lean
V7ProductionCallbacksR29.CircleTable_RATE512_CIRCLE_HIGH9_WINDOW_Chunk07	staged-r29/V7ProductionCallbacksR29/CircleTable_RATE512_CIRCLE_HIGH9_WINDOW_Chunk07.lean
V7ProductionCallbacksR29.CircleTable_RATE512_CIRCLE_HIGH9_WINDOW_Chunk08	staged-r29/V7ProductionCallbacksR29/CircleTable_RATE512_CIRCLE_HIGH9_WINDOW_Chunk08.lean
V7ProductionCallbacksR29.CircleTable_RATE512_CIRCLE_HIGH9_WINDOW_Chunk09	staged-r29/V7ProductionCallbacksR29/CircleTable_RATE512_CIRCLE_HIGH9_WINDOW_Chunk09.lean
V7ProductionCallbacksR29.CircleTable_RATE512_CIRCLE_HIGH9_WINDOW_Chunk10	staged-r29/V7ProductionCallbacksR29/CircleTable_RATE512_CIRCLE_HIGH9_WINDOW_Chunk10.lean
V7ProductionCallbacksR29.CircleTable_RATE512_CIRCLE_HIGH9_WINDOW_Chunk11	staged-r29/V7ProductionCallbacksR29/CircleTable_RATE512_CIRCLE_HIGH9_WINDOW_Chunk11.lean
V7ProductionCallbacksR29.CircleTable_RATE512_CIRCLE_HIGH9_WINDOW_Chunk12	staged-r29/V7ProductionCallbacksR29/CircleTable_RATE512_CIRCLE_HIGH9_WINDOW_Chunk12.lean
V7ProductionCallbacksR29.CircleTable_RATE512_CIRCLE_HIGH9_WINDOW_Chunk13	staged-r29/V7ProductionCallbacksR29/CircleTable_RATE512_CIRCLE_HIGH9_WINDOW_Chunk13.lean
V7ProductionCallbacksR29.CircleTable_RATE512_CIRCLE_HIGH9_WINDOW_Chunk14	staged-r29/V7ProductionCallbacksR29/CircleTable_RATE512_CIRCLE_HIGH9_WINDOW_Chunk14.lean
V7ProductionCallbacksR29.CircleTable_RATE512_CIRCLE_HIGH9_WINDOW_Chunk15	staged-r29/V7ProductionCallbacksR29/CircleTable_RATE512_CIRCLE_HIGH9_WINDOW_Chunk15.lean
V7ProductionCallbacksR29.CircleTable_RATE512_CIRCLE_HIGH9_WINDOW_Chunk16	staged-r29/V7ProductionCallbacksR29/CircleTable_RATE512_CIRCLE_HIGH9_WINDOW_Chunk16.lean
V7ProductionCallbacksR29.CircleTable_RATE512_CIRCLE_HIGH9_WINDOW_Chunk17	staged-r29/V7ProductionCallbacksR29/CircleTable_RATE512_CIRCLE_HIGH9_WINDOW_Chunk17.lean
V7ProductionCallbacksR29.CircleTable_RATE512_CIRCLE_HIGH9_WINDOW_Chunk18	staged-r29/V7ProductionCallbacksR29/CircleTable_RATE512_CIRCLE_HIGH9_WINDOW_Chunk18.lean
V7ProductionCallbacksR29.CircleTable_RATE512_CIRCLE_HIGH9_WINDOW_Chunk19	staged-r29/V7ProductionCallbacksR29/CircleTable_RATE512_CIRCLE_HIGH9_WINDOW_Chunk19.lean
V7ProductionCallbacksR29.CircleTable_RATE512_CIRCLE_HIGH9_WINDOW_Chunk20	staged-r29/V7ProductionCallbacksR29/CircleTable_RATE512_CIRCLE_HIGH9_WINDOW_Chunk20.lean
V7ProductionCallbacksR29.CircleTable_RATE512_CIRCLE_HIGH9_WINDOW_Chunk21	staged-r29/V7ProductionCallbacksR29/CircleTable_RATE512_CIRCLE_HIGH9_WINDOW_Chunk21.lean
V7ProductionCallbacksR29.CircleTable_RATE512_CIRCLE_HIGH9_WINDOW_Chunk22	staged-r29/V7ProductionCallbacksR29/CircleTable_RATE512_CIRCLE_HIGH9_WINDOW_Chunk22.lean
V7ProductionCallbacksR29.CircleTable_RATE512_CIRCLE_HIGH9_WINDOW_Chunk23	staged-r29/V7ProductionCallbacksR29/CircleTable_RATE512_CIRCLE_HIGH9_WINDOW_Chunk23.lean
V7ProductionCallbacksR29.CircleTable_RATE512_CIRCLE_HIGH9_WINDOW_Chunk24	staged-r29/V7ProductionCallbacksR29/CircleTable_RATE512_CIRCLE_HIGH9_WINDOW_Chunk24.lean
V7ProductionCallbacksR29.CircleTable_RATE512_CIRCLE_HIGH9_WINDOW_Chunk25	staged-r29/V7ProductionCallbacksR29/CircleTable_RATE512_CIRCLE_HIGH9_WINDOW_Chunk25.lean
V7ProductionCallbacksR29.CircleTable_RATE512_CIRCLE_HIGH9_WINDOW_Chunk26	staged-r29/V7ProductionCallbacksR29/CircleTable_RATE512_CIRCLE_HIGH9_WINDOW_Chunk26.lean
V7ProductionCallbacksR29.CircleTable_RATE512_CIRCLE_HIGH9_WINDOW_Chunk27	staged-r29/V7ProductionCallbacksR29/CircleTable_RATE512_CIRCLE_HIGH9_WINDOW_Chunk27.lean
V7ProductionCallbacksR29.CircleTable_RATE512_CIRCLE_HIGH9_WINDOW_Chunk28	staged-r29/V7ProductionCallbacksR29/CircleTable_RATE512_CIRCLE_HIGH9_WINDOW_Chunk28.lean
V7ProductionCallbacksR29.CircleTable_RATE512_CIRCLE_HIGH9_WINDOW_Chunk29	staged-r29/V7ProductionCallbacksR29/CircleTable_RATE512_CIRCLE_HIGH9_WINDOW_Chunk29.lean
V7ProductionCallbacksR29.CircleTable_RATE512_CIRCLE_HIGH9_WINDOW_Chunk30	staged-r29/V7ProductionCallbacksR29/CircleTable_RATE512_CIRCLE_HIGH9_WINDOW_Chunk30.lean
V7ProductionCallbacksR29.CircleTable_RATE512_CIRCLE_HIGH9_WINDOW_Chunk31	staged-r29/V7ProductionCallbacksR29/CircleTable_RATE512_CIRCLE_HIGH9_WINDOW_Chunk31.lean
V7ProductionCallbacksR29.FunsChunk01	staged-r29/V7ProductionCallbacksR29/FunsChunk01.lean
V7ProductionCallbacksR29.CircleTable_V6_CIRCLE_LOW6_WINDOW_Chunk00	staged-r29/V7ProductionCallbacksR29/CircleTable_V6_CIRCLE_LOW6_WINDOW_Chunk00.lean
V7ProductionCallbacksR29.CircleTable_V6_CIRCLE_LOW6_WINDOW_Chunk01	staged-r29/V7ProductionCallbacksR29/CircleTable_V6_CIRCLE_LOW6_WINDOW_Chunk01.lean
V7ProductionCallbacksR29.CircleTable_V6_CIRCLE_LOW6_WINDOW_Chunk02	staged-r29/V7ProductionCallbacksR29/CircleTable_V6_CIRCLE_LOW6_WINDOW_Chunk02.lean
V7ProductionCallbacksR29.CircleTable_V6_CIRCLE_LOW6_WINDOW_Chunk03	staged-r29/V7ProductionCallbacksR29/CircleTable_V6_CIRCLE_LOW6_WINDOW_Chunk03.lean
V7ProductionCallbacksR29.FunsChunk02	staged-r29/V7ProductionCallbacksR29/FunsChunk02.lean
V7ProductionCallbacksR29.CircleTable_V6_CIRCLE_MIDDLE6_WINDOW_Chunk00	staged-r29/V7ProductionCallbacksR29/CircleTable_V6_CIRCLE_MIDDLE6_WINDOW_Chunk00.lean
V7ProductionCallbacksR29.CircleTable_V6_CIRCLE_MIDDLE6_WINDOW_Chunk01	staged-r29/V7ProductionCallbacksR29/CircleTable_V6_CIRCLE_MIDDLE6_WINDOW_Chunk01.lean
V7ProductionCallbacksR29.CircleTable_V6_CIRCLE_MIDDLE6_WINDOW_Chunk02	staged-r29/V7ProductionCallbacksR29/CircleTable_V6_CIRCLE_MIDDLE6_WINDOW_Chunk02.lean
V7ProductionCallbacksR29.CircleTable_V6_CIRCLE_MIDDLE6_WINDOW_Chunk03	staged-r29/V7ProductionCallbacksR29/CircleTable_V6_CIRCLE_MIDDLE6_WINDOW_Chunk03.lean
V7ProductionCallbacksR29.FunsChunk03	staged-r29/V7ProductionCallbacksR29/FunsChunk03.lean
V7ProductionCallbacksR29.CircleTable_V6_CIRCLE_HIGH6_WINDOW_Chunk00	staged-r29/V7ProductionCallbacksR29/CircleTable_V6_CIRCLE_HIGH6_WINDOW_Chunk00.lean
V7ProductionCallbacksR29.CircleTable_V6_CIRCLE_HIGH6_WINDOW_Chunk01	staged-r29/V7ProductionCallbacksR29/CircleTable_V6_CIRCLE_HIGH6_WINDOW_Chunk01.lean
V7ProductionCallbacksR29.CircleTable_V6_CIRCLE_HIGH6_WINDOW_Chunk02	staged-r29/V7ProductionCallbacksR29/CircleTable_V6_CIRCLE_HIGH6_WINDOW_Chunk02.lean
V7ProductionCallbacksR29.CircleTable_V6_CIRCLE_HIGH6_WINDOW_Chunk03	staged-r29/V7ProductionCallbacksR29/CircleTable_V6_CIRCLE_HIGH6_WINDOW_Chunk03.lean
V7ProductionCallbacksR29.FunsChunk04	staged-r29/V7ProductionCallbacksR29/FunsChunk04.lean
V7ProductionCallbacksR29.FunsChunk05	staged-r29/V7ProductionCallbacksR29/FunsChunk05.lean
V7ProductionCallbacksR29.FunsChunk06	staged-r29/V7ProductionCallbacksR29/FunsChunk06.lean
V7ProductionCallbacksR29.FunsChunk07	staged-r29/V7ProductionCallbacksR29/FunsChunk07.lean
V7ProductionCallbacksR29.FunsChunk08	staged-r29/V7ProductionCallbacksR29/FunsChunk08.lean
V7ProductionCallbacksR29.FunsChunk09	staged-r29/V7ProductionCallbacksR29/FunsChunk09.lean
V7ProductionCallbacksR29.FunsChunk10	staged-r29/V7ProductionCallbacksR29/FunsChunk10.lean
V7ProductionCallbacksR29.FunsChunk11	staged-r29/V7ProductionCallbacksR29/FunsChunk11.lean
V7ProductionCallbacksR29.FunsChunk12	staged-r29/V7ProductionCallbacksR29/FunsChunk12.lean
V7ProductionCallbacksR29.FunsChunk13	staged-r29/V7ProductionCallbacksR29/FunsChunk13.lean
V7ProductionCallbacksR29.FunsChunk14	staged-r29/V7ProductionCallbacksR29/FunsChunk14.lean
V7ProductionCallbacksR29.FunsChunk15	staged-r29/V7ProductionCallbacksR29/FunsChunk15.lean
V7ProductionCallbacksR29.FunsChunk16	staged-r29/V7ProductionCallbacksR29/FunsChunk16.lean
V7ProductionCallbacksR29.FunsChunk17	staged-r29/V7ProductionCallbacksR29/FunsChunk17.lean
V7ProductionCallbacksR29.FunsChunk18	staged-r29/V7ProductionCallbacksR29/FunsChunk18.lean
V7ProductionCallbacksR29.LateIteratorExternal	staged-r29/V7ProductionCallbacksR29/LateIteratorExternal.lean
V7ProductionCallbacksR29.FunsChunk19	staged-r29/V7ProductionCallbacksR29/FunsChunk19.lean
V7ProductionCallbacksR29.FunsChunk20	staged-r29/V7ProductionCallbacksR29/FunsChunk20.lean
V7ProductionCallbacksR29.FunsChunk21	staged-r29/V7ProductionCallbacksR29/FunsChunk21.lean
V7ProductionCallbacksR29.FunsChunk22	staged-r29/V7ProductionCallbacksR29/FunsChunk22.lean
V7ProductionCallbacksR29.FunsChunk23	staged-r29/V7ProductionCallbacksR29/FunsChunk23.lean
V7ProductionCallbacksR29.FunsChunk24	staged-r29/V7ProductionCallbacksR29/FunsChunk24.lean
V7ProductionCallbacksR29.FunsChunk25	staged-r29/V7ProductionCallbacksR29/FunsChunk25.lean
V7ProductionCallbacksR29.FunsChunk26	staged-r29/V7ProductionCallbacksR29/FunsChunk26.lean
V7ProductionCallbacksR29.FunsChunk27	staged-r29/V7ProductionCallbacksR29/FunsChunk27.lean
V7ProductionCallbacksR29.FunsChunk28	staged-r29/V7ProductionCallbacksR29/FunsChunk28.lean
V7ProductionCallbacksR29.FunsChunk29	staged-r29/V7ProductionCallbacksR29/FunsChunk29.lean
V7ProductionCallbacksR29.FunsChunk30	staged-r29/V7ProductionCallbacksR29/FunsChunk30.lean
V7ProductionCallbacksR29.FunsChunk31	staged-r29/V7ProductionCallbacksR29/FunsChunk31.lean
V7ProductionCallbacksR29.FunsChunk32	staged-r29/V7ProductionCallbacksR29/FunsChunk32.lean
V7ProductionCallbacksR29.FunsChunk33	staged-r29/V7ProductionCallbacksR29/FunsChunk33.lean
V7ProductionCallbacksR29.FunsChunk34	staged-r29/V7ProductionCallbacksR29/FunsChunk34.lean
V7ProductionCallbacksR29.FunsChunk35	staged-r29/V7ProductionCallbacksR29/FunsChunk35.lean
V7ProductionCallbacksR29.FunsChunk36	staged-r29/V7ProductionCallbacksR29/FunsChunk36.lean
V7ProductionCallbacksR29.FunsChunk37	staged-r29/V7ProductionCallbacksR29/FunsChunk37.lean
V7ProductionCallbacksR29.FunsChunk38	staged-r29/V7ProductionCallbacksR29/FunsChunk38.lean
V7ProductionCallbacksR29.FunsChunk39	staged-r29/V7ProductionCallbacksR29/FunsChunk39.lean
V7ProductionCallbacksR29.FunsChunk40	staged-r29/V7ProductionCallbacksR29/FunsChunk40.lean
V7ProductionCallbacksR29.FunsChunk41	staged-r29/V7ProductionCallbacksR29/FunsChunk41.lean
V7ProductionCallbacksR29.FunsChunk42	staged-r29/V7ProductionCallbacksR29/FunsChunk42.lean
V7ProductionCallbacksR29.FunsChunk43	staged-r29/V7ProductionCallbacksR29/FunsChunk43.lean
V7ProductionCallbacksR29.FunsChunk44	staged-r29/V7ProductionCallbacksR29/FunsChunk44.lean
V7ProductionSnapshotObserverR28.FunsExternal	generated/V7ProductionSnapshotObserverR28/FunsExternal.lean
V7CallerCurrentReleaseR26FieldBridge	proof-r26/V7CallerCurrentReleaseR26FieldBridge.lean
V7ProductionCallbacksR30FieldCanonical	proof-r30/V7ProductionCallbacksR30FieldCanonical.lean
V7CallerCurrentReleaseR26HalfBridge	proof-r26/V7CallerCurrentReleaseR26HalfBridge.lean
V7ProductionCallbacksR30Qm31Canonical	proof-r30/V7ProductionCallbacksR30Qm31Canonical.lean
V7ProductionCallbacksR30KaratsubaCanonical	proof-r30/V7ProductionCallbacksR30KaratsubaCanonical.lean
V7ProductionCallbacksR30MutableCanonical	proof-r30/V7ProductionCallbacksR30MutableCanonical.lean
V7ProductionCallbacksR30ArrayCanonical	proof-r30/V7ProductionCallbacksR30ArrayCanonical.lean
V7ProductionCallbacksR30FromFnCanonical	proof-r30/V7ProductionCallbacksR30FromFnCanonical.lean
V7CallerCurrentReleaseR26QueryBatchInsertion	proof-r26/V7CallerCurrentReleaseR26QueryBatchInsertion.lean
V7CallerCurrentReleaseR26AcceptedTailDispatch	proof-r26/V7CallerCurrentReleaseR26AcceptedTailDispatch.lean
V7CallerCurrentReleaseR26AcceptedTailSnapshot	proof-r26/V7CallerCurrentReleaseR26AcceptedTailSnapshot.lean
V7CallerCurrentReleaseR26AcceptedTailTrace	proof-r26/V7CallerCurrentReleaseR26AcceptedTailTrace.lean
V7ProductionCallbacksR30DecoderCanonical	proof-r30/V7ProductionCallbacksR30DecoderCanonical.lean
V7ProductionCallbacksR30PackedDecoderCanonical	proof-r30/V7ProductionCallbacksR30PackedDecoderCanonical.lean
V7ProductionCallbacksR30GammaC1Canonical	proof-r30/V7ProductionCallbacksR30GammaC1Canonical.lean
V7ProductionCallbacksR30GammaHelpersCanonical	proof-r30/V7ProductionCallbacksR30GammaHelpersCanonical.lean
V7ProductionCallbacksR30PackedGammaCanonical	proof-r30/V7ProductionCallbacksR30PackedGammaCanonical.lean
V7ProductionCallbacksR30QueryGammaCanonical	proof-r30/V7ProductionCallbacksR30QueryGammaCanonical.lean
V7ProductionCallbacksR30NormalizedFoldCanonical	proof-r30/V7ProductionCallbacksR30NormalizedFoldCanonical.lean
V7ProductionCallbacksR30FoldQueriesCanonical	proof-r30/V7ProductionCallbacksR30FoldQueriesCanonical.lean
V7ProductionCallbacksR30CircleTableCanonical	proof-r30/V7ProductionCallbacksR30CircleTableCanonical.lean
V7ProductionCallbacksR30CirclePointCanonical	proof-r30/V7ProductionCallbacksR30CirclePointCanonical.lean
V7ProductionCallbacksR29.FunsChunk45	staged-r29/V7ProductionCallbacksR29/FunsChunk45.lean
V7ProductionSnapshotObserverR28.Funs	generated/V7ProductionSnapshotObserverR28/Funs.lean
V7ProductionCallbacksR30CoordinatesCanonical	proof-r30/V7ProductionCallbacksR30CoordinatesCanonical.lean
V7ProductionCallbacksR30QueryValuesCanonical	proof-r30/V7ProductionCallbacksR30QueryValuesCanonical.lean
V7ProductionSnapshotObserverR28SourceBridge	proof-r28/V7ProductionSnapshotObserverR28SourceBridge.lean
V7CallerCurrentReleaseR26PreparedSumSemantics	proof-r26/V7CallerCurrentReleaseR26PreparedSumSemantics.lean
V7CallerCurrentReleaseR26PreparedSum3Semantics	proof-r26/V7CallerCurrentReleaseR26PreparedSum3Semantics.lean
V7CallerCurrentReleaseR26Qm31SumProducts4Semantics	proof-r26/V7CallerCurrentReleaseR26Qm31SumProducts4Semantics.lean
V7CallerCurrentReleaseR26Qm31DotReconstruction	proof-r26/V7CallerCurrentReleaseR26Qm31DotReconstruction.lean
V7CallerCurrentReleaseR26Qm31DotReductionLoop	proof-r26/V7CallerCurrentReleaseR26Qm31DotReductionLoop.lean
V7CallerCurrentReleaseR26Qm31DotRawArithmetic	proof-r26/V7CallerCurrentReleaseR26Qm31DotRawArithmetic.lean
V7CallerCurrentReleaseR26AcceptedTailSemantics	proof-r26/V7CallerCurrentReleaseR26AcceptedTailSemantics.lean
V7CallerCurrentReleaseR26TailWeightFoldTrace	proof-r26/V7CallerCurrentReleaseR26TailWeightFoldTrace.lean
V7CallerCurrentReleaseR26Qm31M31SumProducts3Semantics	proof-r26/V7CallerCurrentReleaseR26Qm31M31SumProducts3Semantics.lean
V7CallerCurrentReleaseR26LineBatchFoldStep	proof-r26/V7CallerCurrentReleaseR26LineBatchFoldStep.lean
V7CallerCurrentReleaseR26LineBatchFoldLoop	proof-r26/V7CallerCurrentReleaseR26LineBatchFoldLoop.lean
V7CallerCurrentReleaseR26LineBatchFold	proof-r26/V7CallerCurrentReleaseR26LineBatchFold.lean
V7CallerCurrentReleaseR26MultilinearFoldSemantics	proof-r26/V7CallerCurrentReleaseR26MultilinearFoldSemantics.lean
V7CallerCurrentReleaseR26TensorFoldSemantics	proof-r26/V7CallerCurrentReleaseR26TensorFoldSemantics.lean
V7CallerCurrentReleaseR26LineBatchFactorLoop	proof-r26/V7CallerCurrentReleaseR26LineBatchFactorLoop.lean
V7CallerCurrentReleaseR26LineBatchLoop	proof-r26/V7CallerCurrentReleaseR26LineBatchLoop.lean
V7CallerCurrentReleaseR26QueryWeightSemantics	proof-r26/V7CallerCurrentReleaseR26QueryWeightSemantics.lean
V7CallerCurrentReleaseR26K1QueryWeightBridge	proof-r26/V7CallerCurrentReleaseR26K1QueryWeightBridge.lean
V7CallerCurrentReleaseR26K1StructuredWeightBridge	proof-r26/V7CallerCurrentReleaseR26K1StructuredWeightBridge.lean
V7CallerCurrentReleaseR26K1LineBatchFoldBridge	proof-r26/V7CallerCurrentReleaseR26K1LineBatchFoldBridge.lean
V7CallerCurrentReleaseR26WeightFoldLoopTrace	proof-r26/V7CallerCurrentReleaseR26WeightFoldLoopTrace.lean
V7CallerCurrentReleaseR26FirstFoldComponentTrace	proof-r26/V7CallerCurrentReleaseR26FirstFoldComponentTrace.lean
V7CallerCurrentReleaseR26FirstFoldTraversal	proof-r26/V7CallerCurrentReleaseR26FirstFoldTraversal.lean
V7CallerCurrentReleaseR26GroupedFold	proof-r26/V7CallerCurrentReleaseR26GroupedFold.lean
V7CallerCurrentReleaseR26GroupedRows	proof-r26/V7CallerCurrentReleaseR26GroupedRows.lean
V7CallerCurrentReleaseR26FirstFoldSevenSource	proof-r26/V7CallerCurrentReleaseR26FirstFoldSevenSource.lean
V7CallerCurrentReleaseR26FirstFoldSevenOutput	proof-r26/V7CallerCurrentReleaseR26FirstFoldSevenOutput.lean
V7CallerCurrentReleaseR26FirstFoldMergeSource	proof-r26/V7CallerCurrentReleaseR26FirstFoldMergeSource.lean
V7CallerCurrentReleaseR26GroupedLowSemantics	proof-r26/V7CallerCurrentReleaseR26GroupedLowSemantics.lean
V7CallerCurrentReleaseR26GroupedLowTraceTotal	proof-r26/V7CallerCurrentReleaseR26GroupedLowTraceTotal.lean
V7CallerCurrentReleaseR26GroupedDeferredLog8Source	proof-r26/V7CallerCurrentReleaseR26GroupedDeferredLog8Source.lean
V7CallerCurrentReleaseR26GroupedFoldDenominator	proof-r26/V7CallerCurrentReleaseR26GroupedFoldDenominator.lean
V7CallerCurrentReleaseR26GroupedMaskFormulas	proof-r26/V7CallerCurrentReleaseR26GroupedMaskFormulas.lean
V7CallerCurrentReleaseR26GroupedInitialSemantics	proof-r26/V7CallerCurrentReleaseR26GroupedInitialSemantics.lean
V7CallerCurrentReleaseR26GroupedDeferredLog8	proof-r26/V7CallerCurrentReleaseR26GroupedDeferredLog8.lean
V7CallerCurrentReleaseR26FirstFoldLineSemantics	proof-r26/V7CallerCurrentReleaseR26FirstFoldLineSemantics.lean
V7CallerCurrentReleaseR26FirstFoldSevenSemantics	proof-r26/V7CallerCurrentReleaseR26FirstFoldSevenSemantics.lean
V7CallerCurrentReleaseR26FirstFoldMergeSemantics	proof-r26/V7CallerCurrentReleaseR26FirstFoldMergeSemantics.lean
V7CallerCurrentReleaseR26TailComponentTrace	proof-r26/V7CallerCurrentReleaseR26TailComponentTrace.lean
V7CallerCurrentReleaseR26TailTraversal	proof-r26/V7CallerCurrentReleaseR26TailTraversal.lean
V7CallerCurrentReleaseR26TailSixSource	proof-r26/V7CallerCurrentReleaseR26TailSixSource.lean
V7CallerCurrentReleaseR26TailSixDispatch	proof-r26/V7CallerCurrentReleaseR26TailSixDispatch.lean
V7CallerCurrentReleaseR26TailTwoFoldSemantics	proof-r26/V7CallerCurrentReleaseR26TailTwoFoldSemantics.lean
V7CallerCurrentReleaseR26GroupedRowsTwiceTrace	proof-r26/V7CallerCurrentReleaseR26GroupedRowsTwiceTrace.lean
V7CallerCurrentReleaseR26GroupedRowsTwiceBasis	proof-r26/V7CallerCurrentReleaseR26GroupedRowsTwiceBasis.lean
V7CallerCurrentReleaseR26GroupedRowsTwiceChunks	proof-r26/V7CallerCurrentReleaseR26GroupedRowsTwiceChunks.lean
V7CallerCurrentReleaseR26GroupedRowsTwiceChunkTrace	proof-r26/V7CallerCurrentReleaseR26GroupedRowsTwiceChunkTrace.lean
V7CallerCurrentReleaseR26GroupedRowsTwiceFourTrace	proof-r26/V7CallerCurrentReleaseR26GroupedRowsTwiceFourTrace.lean
V7CallerCurrentReleaseR26GroupedRowsTwiceAggregationStep	proof-r26/V7CallerCurrentReleaseR26GroupedRowsTwiceAggregationStep.lean
V7CallerCurrentReleaseR26GroupedRowsTwiceChunk0	proof-r26/V7CallerCurrentReleaseR26GroupedRowsTwiceChunk0.lean
V7CallerCurrentReleaseR26GroupedRowsTwiceChunk1	proof-r26/V7CallerCurrentReleaseR26GroupedRowsTwiceChunk1.lean
V7CallerCurrentReleaseR26GroupedRowsTwiceChunk2	proof-r26/V7CallerCurrentReleaseR26GroupedRowsTwiceChunk2.lean
V7CallerCurrentReleaseR26GroupedRowsTwiceChunk3	proof-r26/V7CallerCurrentReleaseR26GroupedRowsTwiceChunk3.lean
V7CallerCurrentReleaseR26GroupedRowsTwiceContributionStep	proof-r26/V7CallerCurrentReleaseR26GroupedRowsTwiceContributionStep.lean
V7CallerCurrentReleaseR26GroupedRowsTwiceContributions	proof-r26/V7CallerCurrentReleaseR26GroupedRowsTwiceContributions.lean
V7CallerCurrentReleaseR26GroupedRowsTwiceChunkOutput	proof-r26/V7CallerCurrentReleaseR26GroupedRowsTwiceChunkOutput.lean
V7CallerCurrentReleaseR26GroupedRowsTwiceCanonicalOps	proof-r26/V7CallerCurrentReleaseR26GroupedRowsTwiceCanonicalOps.lean
V7CallerCurrentReleaseR26GroupedRowsTwiceChunk0Evaluation	proof-r26/V7CallerCurrentReleaseR26GroupedRowsTwiceChunk0Evaluation.lean
V7CallerCurrentReleaseR26GroupedRowsTwiceChunk1Evaluation	proof-r26/V7CallerCurrentReleaseR26GroupedRowsTwiceChunk1Evaluation.lean
V7CallerCurrentReleaseR26GroupedRowsTwiceChunk2Evaluation	proof-r26/V7CallerCurrentReleaseR26GroupedRowsTwiceChunk2Evaluation.lean
V7CallerCurrentReleaseR26GroupedRowsTwiceChunk3Evaluation	proof-r26/V7CallerCurrentReleaseR26GroupedRowsTwiceChunk3Evaluation.lean
V7CallerCurrentReleaseR26GroupedRowsTwiceCanonicalBasis	proof-r26/V7CallerCurrentReleaseR26GroupedRowsTwiceCanonicalBasis.lean
V7CallerCurrentReleaseR26GroupedAllSame	proof-r26/V7CallerCurrentReleaseR26GroupedAllSame.lean
V7CallerCurrentReleaseR26GroupedPairPair	proof-r26/V7CallerCurrentReleaseR26GroupedPairPair.lean
V7CallerCurrentReleaseR26GroupedTripleFirst	proof-r26/V7CallerCurrentReleaseR26GroupedTripleFirst.lean
V7CallerCurrentReleaseR26GroupedOneThree	proof-r26/V7CallerCurrentReleaseR26GroupedOneThree.lean
V7CallerCurrentReleaseR26GroupedThreeAround	proof-r26/V7CallerCurrentReleaseR26GroupedThreeAround.lean
V7CallerCurrentReleaseR26GroupedLastPair	proof-r26/V7CallerCurrentReleaseR26GroupedLastPair.lean
V7CallerCurrentReleaseR26GroupedSplitPair	proof-r26/V7CallerCurrentReleaseR26GroupedSplitPair.lean
V7CallerCurrentReleaseR26GroupedFirstPair	proof-r26/V7CallerCurrentReleaseR26GroupedFirstPair.lean
V7CallerCurrentReleaseR26GroupedAllDifferent	proof-r26/V7CallerCurrentReleaseR26GroupedAllDifferent.lean
V7CallerCurrentReleaseR26GroupedRowsStaged	proof-r26/V7CallerCurrentReleaseR26GroupedRowsStaged.lean
V7CallerCurrentReleaseR26GroupedRowsSemantics	proof-r26/V7CallerCurrentReleaseR26GroupedRowsSemantics.lean
V7CallerCurrentReleaseR26GroupedRowsTwiceFourOutputs	proof-r26/V7CallerCurrentReleaseR26GroupedRowsTwiceFourOutputs.lean
V7CallerCurrentReleaseR26GroupedRowsTwiceSemantics	proof-r26/V7CallerCurrentReleaseR26GroupedRowsTwiceSemantics.lean
V7CallerCurrentReleaseR26TailGroupedTwoFoldSemantics	proof-r26/V7CallerCurrentReleaseR26TailGroupedTwoFoldSemantics.lean
V7CallerCurrentReleaseR26TailSixSemantics	proof-r26/V7CallerCurrentReleaseR26TailSixSemantics.lean
V7CallerCurrentReleaseR26AcceptedWeightFoldSemantics	proof-r26/V7CallerCurrentReleaseR26AcceptedWeightFoldSemantics.lean
V7CallerCurrentReleaseR26AcceptedWeightVectorSemantics	proof-r26/V7CallerCurrentReleaseR26AcceptedWeightVectorSemantics.lean
V7CallerCurrentReleaseR26TerminalStructuredComponents	proof-r26/V7CallerCurrentReleaseR26TerminalStructuredComponents.lean
V7CallerCurrentReleaseR26TerminalGroupedComponent	proof-r26/V7CallerCurrentReleaseR26TerminalGroupedComponent.lean
V7CallerCurrentReleaseR26TerminalLineHalving	proof-r26/V7CallerCurrentReleaseR26TerminalLineHalving.lean
V7CallerCurrentReleaseR26TerminalLineClaim	proof-r26/V7CallerCurrentReleaseR26TerminalLineClaim.lean
V7CallerCurrentReleaseR26TerminalLineReconstruction	proof-r26/V7CallerCurrentReleaseR26TerminalLineReconstruction.lean
V7CallerCurrentReleaseR26TerminalLineAccumulator	proof-r26/V7CallerCurrentReleaseR26TerminalLineAccumulator.lean
V7CallerCurrentReleaseR26TerminalLineRawLoop	proof-r26/V7CallerCurrentReleaseR26TerminalLineRawLoop.lean
V7CallerCurrentReleaseR26TerminalLineLimbLoop	proof-r26/V7CallerCurrentReleaseR26TerminalLineLimbLoop.lean
V7CallerCurrentReleaseR26TerminalLineFlushLimb	proof-r26/V7CallerCurrentReleaseR26TerminalLineFlushLimb.lean
V7CallerCurrentReleaseR26TerminalLineFlush	proof-r26/V7CallerCurrentReleaseR26TerminalLineFlush.lean
V7CallerCurrentReleaseR26TerminalLineStep	proof-r26/V7CallerCurrentReleaseR26TerminalLineStep.lean
V7CallerCurrentReleaseR26TerminalLineBatch	proof-r26/V7CallerCurrentReleaseR26TerminalLineBatch.lean
V7CallerCurrentReleaseR26TerminalLineBatchZero	proof-r26/V7CallerCurrentReleaseR26TerminalLineBatchZero.lean
V7CallerCurrentReleaseR26TerminalLineCoefficients	proof-r26/V7CallerCurrentReleaseR26TerminalLineCoefficients.lean
V7CallerCurrentReleaseR26TerminalLineArithmetic	proof-r26/V7CallerCurrentReleaseR26TerminalLineArithmetic.lean
V7CallerCurrentReleaseR26TerminalLineCoefficientIdentity	proof-r26/V7CallerCurrentReleaseR26TerminalLineCoefficientIdentity.lean
V7CallerCurrentReleaseR26TerminalLineModel	proof-r26/V7CallerCurrentReleaseR26TerminalLineModel.lean
V7CallerCurrentReleaseR26TerminalLineSource	proof-r26/V7CallerCurrentReleaseR26TerminalLineSource.lean
V7CallerCurrentReleaseR26TerminalDotLineTraversal	proof-r26/V7CallerCurrentReleaseR26TerminalDotLineTraversal.lean
V7CallerCurrentReleaseR26TerminalDotComponents	proof-r26/V7CallerCurrentReleaseR26TerminalDotComponents.lean
V7CallerCurrentReleaseR26TerminalDotModelIdentity	proof-r26/V7CallerCurrentReleaseR26TerminalDotModelIdentity.lean
V7CallerCurrentReleaseR26TerminalDotSource	proof-r26/V7CallerCurrentReleaseR26TerminalDotSource.lean
V7CallerCurrentReleaseR26RelationEvaluatorSemantics	proof-r26/V7CallerCurrentReleaseR26RelationEvaluatorSemantics.lean
V7CallerCurrentReleaseR26RelationDecodeSemantics	proof-r26/V7CallerCurrentReleaseR26RelationDecodeSemantics.lean
V7CallerCurrentReleaseR26AcceptedTailArithmetic	proof-r26/V7CallerCurrentReleaseR26AcceptedTailArithmetic.lean
V7CallerCurrentReleaseR26AcceptedTailComposition	proof-r26/V7CallerCurrentReleaseR26AcceptedTailComposition.lean
V7CallerCurrentReleaseR26FoldValuesPrefixSemantics	proof-r26/V7CallerCurrentReleaseR26FoldValuesPrefixSemantics.lean
V7CallerCurrentReleaseR26K1FoldValuesPrefixBridge	proof-r26/V7CallerCurrentReleaseR26K1FoldValuesPrefixBridge.lean
V7CallerCurrentReleaseR26AcceptedRelationRoundsSemantics	proof-r26/V7CallerCurrentReleaseR26AcceptedRelationRoundsSemantics.lean
V7CallerCurrentReleaseR26TerminalPrefixSemantics	proof-r26/V7CallerCurrentReleaseR26TerminalPrefixSemantics.lean
V7CallerCurrentReleaseR26AcceptedRelationWeightSemantics	proof-r26/V7CallerCurrentReleaseR26AcceptedRelationWeightSemantics.lean
V7CallerCurrentReleaseR26AcceptedTerminalEndToEnd	proof-r26/V7CallerCurrentReleaseR26AcceptedTerminalEndToEnd.lean
V7CallerCurrentReleaseR26AcceptedInnerDispatch	proof-r26/V7CallerCurrentReleaseR26AcceptedInnerDispatch.lean
V7CallerCurrentReleaseR26AcceptedOnefoldPrefix	proof-r26/V7CallerCurrentReleaseR26AcceptedOnefoldPrefix.lean
V7CallerCurrentReleaseR26AcceptedOuterLoop	proof-r26/V7CallerCurrentReleaseR26AcceptedOuterLoop.lean
V7CallerCurrentReleaseR26AcceptedCircleOrigin	proof-r26/V7CallerCurrentReleaseR26AcceptedCircleOrigin.lean
V7CallerCurrentReleaseR26AcceptedCircleExhausted	proof-r26/V7CallerCurrentReleaseR26AcceptedCircleExhausted.lean
V7CallerCurrentReleaseR26AcceptedPrechallengeDispatch	proof-r26/V7CallerCurrentReleaseR26AcceptedPrechallengeDispatch.lean
V7CallerCurrentReleaseR26AcceptedInnerToPrechallenge	proof-r26/V7CallerCurrentReleaseR26AcceptedInnerToPrechallenge.lean
V7ProductionSnapshotObserverR28ToR26Prechallenge	proof-r28/V7ProductionSnapshotObserverR28ToR26Prechallenge.lean
V7CallerCurrentReleaseR30FixedFieldCanonical	proof-r30/V7CallerCurrentReleaseR30FixedFieldCanonical.lean
V7CallerCurrentReleaseR30PointClaimsCanonical	proof-r30/V7CallerCurrentReleaseR30PointClaimsCanonical.lean
V7CallerCurrentReleaseR30ChallengeInnerCanonical	proof-r30/V7CallerCurrentReleaseR30ChallengeInnerCanonical.lean
V7CallerCurrentReleaseR30ChallengeCanonical	proof-r30/V7CallerCurrentReleaseR30ChallengeCanonical.lean
V7CallerCurrentReleaseR30SemanticPointCanonical	proof-r30/V7CallerCurrentReleaseR30SemanticPointCanonical.lean
V7CallerCurrentReleaseR30StatementPointsCanonical	proof-r30/V7CallerCurrentReleaseR30StatementPointsCanonical.lean
V7CallerCurrentReleaseR30ChallengeNonzeroCanonical	proof-r30/V7CallerCurrentReleaseR30ChallengeNonzeroCanonical.lean
V7CallerCurrentReleaseR30SumProducts3Canonical	proof-r30/V7CallerCurrentReleaseR30SumProducts3Canonical.lean
V7CallerCurrentReleaseR26AcceptedPrechallengeComposition	proof-r26/V7CallerCurrentReleaseR26AcceptedPrechallengeComposition.lean
V7ProductionSnapshotObserverR28AcceptedTail	proof-r28/V7ProductionSnapshotObserverR28AcceptedTail.lean
V7ProductionSnapshotObserverR30InitialClaimCanonical	proof-r30/V7ProductionSnapshotObserverR30InitialClaimCanonical.lean
V7CallerCurrentReleaseR30OuterAccumulator	proof-r30/V7CallerCurrentReleaseR30OuterAccumulator.lean
V7CallerCurrentReleaseR30CircleAccumulator	proof-r30/V7CallerCurrentReleaseR30CircleAccumulator.lean
V7CallerCurrentReleaseR30InitialFoldOrigin	proof-r30/V7CallerCurrentReleaseR30InitialFoldOrigin.lean
V7CallerCurrentReleaseR30InitialPrechallengeDispatch	proof-r30/V7CallerCurrentReleaseR30InitialPrechallengeDispatch.lean
V7CallerCurrentReleaseR30InitialFoldSixSource	proof-r30/V7CallerCurrentReleaseR30InitialFoldSixSource.lean
V7ProductionSnapshotObserverR30InitialFoldSource	proof-r30/V7ProductionSnapshotObserverR30InitialFoldSource.lean
V7CallerCurrentReleaseR30InitialFoldSixSemantics	proof-r30/V7CallerCurrentReleaseR30InitialFoldSixSemantics.lean
V7CallerCurrentReleaseR30CircleArithmeticCanonical	proof-r30/V7CallerCurrentReleaseR30CircleArithmeticCanonical.lean
V7CallerCurrentReleaseR30SecureCircleCanonical	proof-r30/V7CallerCurrentReleaseR30SecureCircleCanonical.lean
V7CallerCurrentReleaseR30CircleFactorsCanonical	proof-r30/V7CallerCurrentReleaseR30CircleFactorsCanonical.lean
V7CallerCurrentReleaseR30CircleFactorsTerminalBridge	proof-r30/V7CallerCurrentReleaseR30CircleFactorsTerminalBridge.lean
V7ProductionSnapshotObserverR30InitialFoldSemantics	proof-r30/V7ProductionSnapshotObserverR30InitialFoldSemantics.lean
V7ProductionSnapshotObserverR30InitialFoldTail	proof-r30/V7ProductionSnapshotObserverR30InitialFoldTail.lean
V7CallerCurrentReleaseR30Final256Canonical	proof-r30/V7CallerCurrentReleaseR30Final256Canonical.lean
V7CallerCurrentReleaseR30RelationFieldInnerCanonical	proof-r30/V7CallerCurrentReleaseR30RelationFieldInnerCanonical.lean
V7CallerCurrentReleaseR30RelationFieldsCanonical	proof-r30/V7CallerCurrentReleaseR30RelationFieldsCanonical.lean
V7ProductionSnapshotObserverR30RelationRowsCanonical	proof-r30/V7ProductionSnapshotObserverR30RelationRowsCanonical.lean
V7ProductionSnapshotObserverR30ChallengesCanonical	proof-r30/V7ProductionSnapshotObserverR30ChallengesCanonical.lean
V7ProductionSnapshotObserverR30CurrentTailCanonical	proof-r30/V7ProductionSnapshotObserverR30CurrentTailCanonical.lean
V7CallerCurrentReleaseR26QueryScaleLoop	proof-r26/V7CallerCurrentReleaseR26QueryScaleLoop.lean
V7CallerCurrentReleaseR26QueryScaleExactStep	proof-r26/V7CallerCurrentReleaseR26QueryScaleExactStep.lean
V7CallerCurrentReleaseR26QueryScaleExactLoop	proof-r26/V7CallerCurrentReleaseR26QueryScaleExactLoop.lean
V7CallerCurrentReleaseR26Qm31DotInnerIterator	proof-r26/V7CallerCurrentReleaseR26Qm31DotInnerIterator.lean
V7CallerCurrentReleaseR26Qm31DotRawComponent	proof-r26/V7CallerCurrentReleaseR26Qm31DotRawComponent.lean
V7CallerCurrentReleaseR26Qm31DotRawComponentSemantics	proof-r26/V7CallerCurrentReleaseR26Qm31DotRawComponentSemantics.lean
V7CallerCurrentReleaseR26Qm31DotRawInnerLoop	proof-r26/V7CallerCurrentReleaseR26Qm31DotRawInnerLoop.lean
V7CallerCurrentReleaseR26Qm31DotRawOuterBody	proof-r26/V7CallerCurrentReleaseR26Qm31DotRawOuterBody.lean
V7CallerCurrentReleaseR26Qm31DotRawChunkLoop	proof-r26/V7CallerCurrentReleaseR26Qm31DotRawChunkLoop.lean
V7CallerCurrentReleaseR26Qm31DotChunkReduction	proof-r26/V7CallerCurrentReleaseR26Qm31DotChunkReduction.lean
V7CallerCurrentReleaseR26Qm31DotShortOuterLoop	proof-r26/V7CallerCurrentReleaseR26Qm31DotShortOuterLoop.lean
V7ProductionSnapshotObserverR30RunningCanonical	proof-r30/V7ProductionSnapshotObserverR30RunningCanonical.lean
V7ProductionSnapshotObserverR30QueryFoldCanonical	proof-r30/V7ProductionSnapshotObserverR30QueryFoldCanonical.lean
V7CallerCurrentReleaseR26QueryBatchAppend	proof-r26/V7CallerCurrentReleaseR26QueryBatchAppend.lean
V7ProductionSnapshotObserverR30TerminalClosure	proof-r30/V7ProductionSnapshotObserverR30TerminalClosure.lean
V7ProductionSnapshotObserverR30ProductionClosure	proof-r30/V7ProductionSnapshotObserverR30ProductionClosure.lean
V7ProductionSnapshotObserverR30ClosureAxioms	proof-r30/V7ProductionSnapshotObserverR30ClosureAxioms.lean
