scenario_name,whir_fold_mode,merkle_proof_mode,security_target_bits,soundness_assumption,total_explicit_query_count,round_query_counts,commitment_ood_samples,proof_bytes,upload_chunk_size,upload_chunks,heap_frame_bytes_requested,heap_pages_32k,stage,repetition,actual_cu,elapsed_ns,status,error,sha_calls,sha_bytes,merkle_levels,m31_mul_ops,cm31_mul_ops,qm31_mul_ops,field_mul_projection,extension_mul_projection,field_inv_projection
whir_t100_capacity_full,raw_fibers,minimal_subtree,100.0,whir_capacity_full,28,18|10,2,5668,640,9,32768,1,host_verify,0,,5396625,ok,,255,16060,254,2313,180,18,2902,234,36
whir_t100_capacity_full,raw_fibers,minimal_subtree,100.0,whir_capacity_full,28,18|10,2,5668,640,9,0,0,upload_total,0,11537,,ok,,0,0,0,0,0,0,2902,234,36
whir_t100_capacity_full,raw_fibers,minimal_subtree,100.0,whir_capacity_full,28,18|10,2,5668,640,9,32768,1,verify_sbf,0,691373,,ok,,255,16060,254,2313,180,18,2902,234,36
whir_t100_capacity_full,raw_fibers,minimal_subtree,100.0,whir_capacity_full,28,18|10,2,5668,640,9,32768,1,total_sbf,0,702910,,ok,,255,16060,254,2313,180,18,2902,234,36
whir_t100_capacity_full,raw_fibers,minimal_subtree,100.0,whir_capacity_full,28,18|10,2,5668,640,9,32768,1,verify_sbf,1,691373,,ok,,255,16060,254,2313,180,18,2902,234,36
whir_t100_capacity_full,raw_fibers,minimal_subtree,100.0,whir_capacity_full,28,18|10,2,5668,640,9,32768,1,total_sbf,1,702910,,ok,,255,16060,254,2313,180,18,2902,234,36
whir_t100_capacity_full,raw_fibers,minimal_subtree,100.0,whir_capacity_full,28,18|10,2,5668,640,9,32768,1,verify_sbf,2,691373,,ok,,255,16060,254,2313,180,18,2902,234,36
whir_t100_capacity_full,raw_fibers,minimal_subtree,100.0,whir_capacity_full,28,18|10,2,5668,640,9,32768,1,total_sbf,2,702910,,ok,,255,16060,254,2313,180,18,2902,234,36
whir_t100_capacity_full,raw_fibers,minimal_subtree,100.0,whir_capacity_full,28,18|10,2,5668,640,9,32768,1,verify_sbf,3,691373,,ok,,255,16060,254,2313,180,18,2902,234,36
whir_t100_capacity_full,raw_fibers,minimal_subtree,100.0,whir_capacity_full,28,18|10,2,5668,640,9,32768,1,total_sbf,3,702910,,ok,,255,16060,254,2313,180,18,2902,234,36
whir_t100_capacity_full,raw_fibers,minimal_subtree,100.0,whir_capacity_full,28,18|10,2,5668,640,9,32768,1,verify_sbf,4,691373,,ok,,255,16060,254,2313,180,18,2902,234,36
whir_t100_capacity_full,raw_fibers,minimal_subtree,100.0,whir_capacity_full,28,18|10,2,5668,640,9,32768,1,total_sbf,4,702910,,ok,,255,16060,254,2313,180,18,2902,234,36
whir_t100_capacity_full,raw_fibers,minimal_subtree,100.0,whir_capacity_full,28,18|10,2,5668,640,9,32768,1,verify_sbf,5,691373,,ok,,255,16060,254,2313,180,18,2902,234,36
whir_t100_capacity_full,raw_fibers,minimal_subtree,100.0,whir_capacity_full,28,18|10,2,5668,640,9,32768,1,total_sbf,5,702910,,ok,,255,16060,254,2313,180,18,2902,234,36
whir_t100_capacity_full,raw_fibers,minimal_subtree,100.0,whir_capacity_full,28,18|10,2,5668,640,9,32768,1,verify_sbf,6,691373,,ok,,255,16060,254,2313,180,18,2902,234,36
whir_t100_capacity_full,raw_fibers,minimal_subtree,100.0,whir_capacity_full,28,18|10,2,5668,640,9,32768,1,total_sbf,6,702910,,ok,,255,16060,254,2313,180,18,2902,234,36
whir_t100_capacity_full,raw_fibers,minimal_subtree,100.0,whir_capacity_full,28,18|10,2,5668,640,9,32768,1,verify_sbf,7,691373,,ok,,255,16060,254,2313,180,18,2902,234,36
whir_t100_capacity_full,raw_fibers,minimal_subtree,100.0,whir_capacity_full,28,18|10,2,5668,640,9,32768,1,total_sbf,7,702910,,ok,,255,16060,254,2313,180,18,2902,234,36
whir_t100_capacity_full,raw_fibers,minimal_subtree,100.0,whir_capacity_full,28,18|10,2,5668,640,9,32768,1,verify_sbf,8,691373,,ok,,255,16060,254,2313,180,18,2902,234,36
whir_t100_capacity_full,raw_fibers,minimal_subtree,100.0,whir_capacity_full,28,18|10,2,5668,640,9,32768,1,total_sbf,8,702910,,ok,,255,16060,254,2313,180,18,2902,234,36
whir_t100_capacity_full,raw_fibers,minimal_subtree,100.0,whir_capacity_full,28,18|10,2,5668,640,9,32768,1,verify_sbf,9,691373,,ok,,255,16060,254,2313,180,18,2902,234,36
whir_t100_capacity_full,raw_fibers,minimal_subtree,100.0,whir_capacity_full,28,18|10,2,5668,640,9,32768,1,total_sbf,9,702910,,ok,,255,16060,254,2313,180,18,2902,234,36
whir_t100_capacity_full,raw_fibers,minimal_subtree,100.0,whir_capacity_full,28,18|10,2,5668,640,9,32768,1,phase_final_round,0,40531,,ok,,0,0,0,0,0,0,2902,234,36
whir_t100_capacity_full,raw_fibers,minimal_subtree,100.0,whir_capacity_full,28,18|10,2,5668,640,9,32768,1,phase_folding,0,8272,,ok,,0,0,0,0,0,0,2902,234,36
whir_t100_capacity_full,raw_fibers,minimal_subtree,100.0,whir_capacity_full,28,18|10,2,5668,640,9,32768,1,phase_ood,0,12144,,ok,,0,0,0,0,0,0,2902,234,36
whir_t100_capacity_full,raw_fibers,minimal_subtree,100.0,whir_capacity_full,28,18|10,2,5668,640,9,32768,1,phase_parse,0,1482,,ok,,0,0,0,0,0,0,2902,234,36
whir_t100_capacity_full,raw_fibers,minimal_subtree,100.0,whir_capacity_full,28,18|10,2,5668,640,9,32768,1,phase_per_round_queries,0,592782,,ok,,0,0,0,0,0,0,2902,234,36
whir_t100_capacity_full,raw_fibers,minimal_subtree,100.0,whir_capacity_full,28,18|10,2,5668,640,9,32768,1,phase_transcript_setup,0,38631,,ok,,0,0,0,0,0,0,2902,234,36
whir_t100_capacity_full,raw_fibers,minimal_subtree,100.0,whir_capacity_full,28,18|10,2,5668,640,9,32768,1,phase_final_round,1,40531,,ok,,0,0,0,0,0,0,2902,234,36
whir_t100_capacity_full,raw_fibers,minimal_subtree,100.0,whir_capacity_full,28,18|10,2,5668,640,9,32768,1,phase_folding,1,8272,,ok,,0,0,0,0,0,0,2902,234,36
whir_t100_capacity_full,raw_fibers,minimal_subtree,100.0,whir_capacity_full,28,18|10,2,5668,640,9,32768,1,phase_ood,1,12144,,ok,,0,0,0,0,0,0,2902,234,36
whir_t100_capacity_full,raw_fibers,minimal_subtree,100.0,whir_capacity_full,28,18|10,2,5668,640,9,32768,1,phase_parse,1,1482,,ok,,0,0,0,0,0,0,2902,234,36
whir_t100_capacity_full,raw_fibers,minimal_subtree,100.0,whir_capacity_full,28,18|10,2,5668,640,9,32768,1,phase_per_round_queries,1,592782,,ok,,0,0,0,0,0,0,2902,234,36
whir_t100_capacity_full,raw_fibers,minimal_subtree,100.0,whir_capacity_full,28,18|10,2,5668,640,9,32768,1,phase_transcript_setup,1,38631,,ok,,0,0,0,0,0,0,2902,234,36
whir_t100_capacity_full,raw_fibers,minimal_subtree,100.0,whir_capacity_full,28,18|10,2,5668,640,9,32768,1,phase_final_round,2,40531,,ok,,0,0,0,0,0,0,2902,234,36
whir_t100_capacity_full,raw_fibers,minimal_subtree,100.0,whir_capacity_full,28,18|10,2,5668,640,9,32768,1,phase_folding,2,8272,,ok,,0,0,0,0,0,0,2902,234,36
whir_t100_capacity_full,raw_fibers,minimal_subtree,100.0,whir_capacity_full,28,18|10,2,5668,640,9,32768,1,phase_ood,2,12144,,ok,,0,0,0,0,0,0,2902,234,36
whir_t100_capacity_full,raw_fibers,minimal_subtree,100.0,whir_capacity_full,28,18|10,2,5668,640,9,32768,1,phase_parse,2,1482,,ok,,0,0,0,0,0,0,2902,234,36
whir_t100_capacity_full,raw_fibers,minimal_subtree,100.0,whir_capacity_full,28,18|10,2,5668,640,9,32768,1,phase_per_round_queries,2,592782,,ok,,0,0,0,0,0,0,2902,234,36
whir_t100_capacity_full,raw_fibers,minimal_subtree,100.0,whir_capacity_full,28,18|10,2,5668,640,9,32768,1,phase_transcript_setup,2,38631,,ok,,0,0,0,0,0,0,2902,234,36
whir_t100_capacity_full,raw_fibers,minimal_subtree,100.0,whir_capacity_full,28,18|10,2,5668,640,9,32768,1,phase_final_round,3,40531,,ok,,0,0,0,0,0,0,2902,234,36
whir_t100_capacity_full,raw_fibers,minimal_subtree,100.0,whir_capacity_full,28,18|10,2,5668,640,9,32768,1,phase_folding,3,8272,,ok,,0,0,0,0,0,0,2902,234,36
whir_t100_capacity_full,raw_fibers,minimal_subtree,100.0,whir_capacity_full,28,18|10,2,5668,640,9,32768,1,phase_ood,3,12144,,ok,,0,0,0,0,0,0,2902,234,36
whir_t100_capacity_full,raw_fibers,minimal_subtree,100.0,whir_capacity_full,28,18|10,2,5668,640,9,32768,1,phase_parse,3,1482,,ok,,0,0,0,0,0,0,2902,234,36
whir_t100_capacity_full,raw_fibers,minimal_subtree,100.0,whir_capacity_full,28,18|10,2,5668,640,9,32768,1,phase_per_round_queries,3,592782,,ok,,0,0,0,0,0,0,2902,234,36
whir_t100_capacity_full,raw_fibers,minimal_subtree,100.0,whir_capacity_full,28,18|10,2,5668,640,9,32768,1,phase_transcript_setup,3,38631,,ok,,0,0,0,0,0,0,2902,234,36
whir_t100_capacity_full,raw_fibers,minimal_subtree,100.0,whir_capacity_full,28,18|10,2,5668,640,9,32768,1,phase_final_round,4,40531,,ok,,0,0,0,0,0,0,2902,234,36
whir_t100_capacity_full,raw_fibers,minimal_subtree,100.0,whir_capacity_full,28,18|10,2,5668,640,9,32768,1,phase_folding,4,8272,,ok,,0,0,0,0,0,0,2902,234,36
whir_t100_capacity_full,raw_fibers,minimal_subtree,100.0,whir_capacity_full,28,18|10,2,5668,640,9,32768,1,phase_ood,4,12144,,ok,,0,0,0,0,0,0,2902,234,36
whir_t100_capacity_full,raw_fibers,minimal_subtree,100.0,whir_capacity_full,28,18|10,2,5668,640,9,32768,1,phase_parse,4,1482,,ok,,0,0,0,0,0,0,2902,234,36
whir_t100_capacity_full,raw_fibers,minimal_subtree,100.0,whir_capacity_full,28,18|10,2,5668,640,9,32768,1,phase_per_round_queries,4,592782,,ok,,0,0,0,0,0,0,2902,234,36
whir_t100_capacity_full,raw_fibers,minimal_subtree,100.0,whir_capacity_full,28,18|10,2,5668,640,9,32768,1,phase_transcript_setup,4,38631,,ok,,0,0,0,0,0,0,2902,234,36
whir_t100_capacity_full,raw_fibers,minimal_subtree,100.0,whir_capacity_full,28,18|10,2,5668,640,9,32768,1,phase_final_round,5,40531,,ok,,0,0,0,0,0,0,2902,234,36
whir_t100_capacity_full,raw_fibers,minimal_subtree,100.0,whir_capacity_full,28,18|10,2,5668,640,9,32768,1,phase_folding,5,8272,,ok,,0,0,0,0,0,0,2902,234,36
whir_t100_capacity_full,raw_fibers,minimal_subtree,100.0,whir_capacity_full,28,18|10,2,5668,640,9,32768,1,phase_ood,5,12144,,ok,,0,0,0,0,0,0,2902,234,36
whir_t100_capacity_full,raw_fibers,minimal_subtree,100.0,whir_capacity_full,28,18|10,2,5668,640,9,32768,1,phase_parse,5,1482,,ok,,0,0,0,0,0,0,2902,234,36
whir_t100_capacity_full,raw_fibers,minimal_subtree,100.0,whir_capacity_full,28,18|10,2,5668,640,9,32768,1,phase_per_round_queries,5,592782,,ok,,0,0,0,0,0,0,2902,234,36
whir_t100_capacity_full,raw_fibers,minimal_subtree,100.0,whir_capacity_full,28,18|10,2,5668,640,9,32768,1,phase_transcript_setup,5,38631,,ok,,0,0,0,0,0,0,2902,234,36
whir_t100_capacity_full,raw_fibers,minimal_subtree,100.0,whir_capacity_full,28,18|10,2,5668,640,9,32768,1,phase_final_round,6,40531,,ok,,0,0,0,0,0,0,2902,234,36
whir_t100_capacity_full,raw_fibers,minimal_subtree,100.0,whir_capacity_full,28,18|10,2,5668,640,9,32768,1,phase_folding,6,8272,,ok,,0,0,0,0,0,0,2902,234,36
whir_t100_capacity_full,raw_fibers,minimal_subtree,100.0,whir_capacity_full,28,18|10,2,5668,640,9,32768,1,phase_ood,6,12144,,ok,,0,0,0,0,0,0,2902,234,36
whir_t100_capacity_full,raw_fibers,minimal_subtree,100.0,whir_capacity_full,28,18|10,2,5668,640,9,32768,1,phase_parse,6,1482,,ok,,0,0,0,0,0,0,2902,234,36
whir_t100_capacity_full,raw_fibers,minimal_subtree,100.0,whir_capacity_full,28,18|10,2,5668,640,9,32768,1,phase_per_round_queries,6,592782,,ok,,0,0,0,0,0,0,2902,234,36
whir_t100_capacity_full,raw_fibers,minimal_subtree,100.0,whir_capacity_full,28,18|10,2,5668,640,9,32768,1,phase_transcript_setup,6,38631,,ok,,0,0,0,0,0,0,2902,234,36
whir_t100_capacity_full,raw_fibers,minimal_subtree,100.0,whir_capacity_full,28,18|10,2,5668,640,9,32768,1,phase_final_round,7,40531,,ok,,0,0,0,0,0,0,2902,234,36
whir_t100_capacity_full,raw_fibers,minimal_subtree,100.0,whir_capacity_full,28,18|10,2,5668,640,9,32768,1,phase_folding,7,8272,,ok,,0,0,0,0,0,0,2902,234,36
whir_t100_capacity_full,raw_fibers,minimal_subtree,100.0,whir_capacity_full,28,18|10,2,5668,640,9,32768,1,phase_ood,7,12144,,ok,,0,0,0,0,0,0,2902,234,36
whir_t100_capacity_full,raw_fibers,minimal_subtree,100.0,whir_capacity_full,28,18|10,2,5668,640,9,32768,1,phase_parse,7,1482,,ok,,0,0,0,0,0,0,2902,234,36
whir_t100_capacity_full,raw_fibers,minimal_subtree,100.0,whir_capacity_full,28,18|10,2,5668,640,9,32768,1,phase_per_round_queries,7,592782,,ok,,0,0,0,0,0,0,2902,234,36
whir_t100_capacity_full,raw_fibers,minimal_subtree,100.0,whir_capacity_full,28,18|10,2,5668,640,9,32768,1,phase_transcript_setup,7,38631,,ok,,0,0,0,0,0,0,2902,234,36
whir_t100_capacity_full,raw_fibers,minimal_subtree,100.0,whir_capacity_full,28,18|10,2,5668,640,9,32768,1,phase_final_round,8,40531,,ok,,0,0,0,0,0,0,2902,234,36
whir_t100_capacity_full,raw_fibers,minimal_subtree,100.0,whir_capacity_full,28,18|10,2,5668,640,9,32768,1,phase_folding,8,8272,,ok,,0,0,0,0,0,0,2902,234,36
whir_t100_capacity_full,raw_fibers,minimal_subtree,100.0,whir_capacity_full,28,18|10,2,5668,640,9,32768,1,phase_ood,8,12144,,ok,,0,0,0,0,0,0,2902,234,36
whir_t100_capacity_full,raw_fibers,minimal_subtree,100.0,whir_capacity_full,28,18|10,2,5668,640,9,32768,1,phase_parse,8,1482,,ok,,0,0,0,0,0,0,2902,234,36
whir_t100_capacity_full,raw_fibers,minimal_subtree,100.0,whir_capacity_full,28,18|10,2,5668,640,9,32768,1,phase_per_round_queries,8,592782,,ok,,0,0,0,0,0,0,2902,234,36
whir_t100_capacity_full,raw_fibers,minimal_subtree,100.0,whir_capacity_full,28,18|10,2,5668,640,9,32768,1,phase_transcript_setup,8,38631,,ok,,0,0,0,0,0,0,2902,234,36
whir_t100_capacity_full,raw_fibers,minimal_subtree,100.0,whir_capacity_full,28,18|10,2,5668,640,9,32768,1,phase_final_round,9,40531,,ok,,0,0,0,0,0,0,2902,234,36
whir_t100_capacity_full,raw_fibers,minimal_subtree,100.0,whir_capacity_full,28,18|10,2,5668,640,9,32768,1,phase_folding,9,8272,,ok,,0,0,0,0,0,0,2902,234,36
whir_t100_capacity_full,raw_fibers,minimal_subtree,100.0,whir_capacity_full,28,18|10,2,5668,640,9,32768,1,phase_ood,9,12144,,ok,,0,0,0,0,0,0,2902,234,36
whir_t100_capacity_full,raw_fibers,minimal_subtree,100.0,whir_capacity_full,28,18|10,2,5668,640,9,32768,1,phase_parse,9,1482,,ok,,0,0,0,0,0,0,2902,234,36
whir_t100_capacity_full,raw_fibers,minimal_subtree,100.0,whir_capacity_full,28,18|10,2,5668,640,9,32768,1,phase_per_round_queries,9,592782,,ok,,0,0,0,0,0,0,2902,234,36
whir_t100_capacity_full,raw_fibers,minimal_subtree,100.0,whir_capacity_full,28,18|10,2,5668,640,9,32768,1,phase_transcript_setup,9,38631,,ok,,0,0,0,0,0,0,2902,234,36
whir_t100_capacity_full,local_interpolant,minimal_subtree,100.0,whir_capacity_full,28,18|10,2,5668,640,9,32768,1,host_verify,0,,5343083,ok,,255,16060,254,2385,180,18,2974,234,36
whir_t100_capacity_full,local_interpolant,minimal_subtree,100.0,whir_capacity_full,28,18|10,2,5668,640,9,0,0,upload_total,0,11537,,ok,,0,0,0,0,0,0,2974,234,36
whir_t100_capacity_full,local_interpolant,minimal_subtree,100.0,whir_capacity_full,28,18|10,2,5668,640,9,32768,1,verify_sbf,0,695119,,ok,,255,16060,254,2385,180,18,2974,234,36
whir_t100_capacity_full,local_interpolant,minimal_subtree,100.0,whir_capacity_full,28,18|10,2,5668,640,9,32768,1,total_sbf,0,706656,,ok,,255,16060,254,2385,180,18,2974,234,36
whir_t100_capacity_full,local_interpolant,minimal_subtree,100.0,whir_capacity_full,28,18|10,2,5668,640,9,32768,1,verify_sbf,1,695119,,ok,,255,16060,254,2385,180,18,2974,234,36
whir_t100_capacity_full,local_interpolant,minimal_subtree,100.0,whir_capacity_full,28,18|10,2,5668,640,9,32768,1,total_sbf,1,706656,,ok,,255,16060,254,2385,180,18,2974,234,36
whir_t100_capacity_full,local_interpolant,minimal_subtree,100.0,whir_capacity_full,28,18|10,2,5668,640,9,32768,1,verify_sbf,2,695119,,ok,,255,16060,254,2385,180,18,2974,234,36
whir_t100_capacity_full,local_interpolant,minimal_subtree,100.0,whir_capacity_full,28,18|10,2,5668,640,9,32768,1,total_sbf,2,706656,,ok,,255,16060,254,2385,180,18,2974,234,36
whir_t100_capacity_full,local_interpolant,minimal_subtree,100.0,whir_capacity_full,28,18|10,2,5668,640,9,32768,1,verify_sbf,3,695119,,ok,,255,16060,254,2385,180,18,2974,234,36
whir_t100_capacity_full,local_interpolant,minimal_subtree,100.0,whir_capacity_full,28,18|10,2,5668,640,9,32768,1,total_sbf,3,706656,,ok,,255,16060,254,2385,180,18,2974,234,36
whir_t100_capacity_full,local_interpolant,minimal_subtree,100.0,whir_capacity_full,28,18|10,2,5668,640,9,32768,1,verify_sbf,4,695119,,ok,,255,16060,254,2385,180,18,2974,234,36
whir_t100_capacity_full,local_interpolant,minimal_subtree,100.0,whir_capacity_full,28,18|10,2,5668,640,9,32768,1,total_sbf,4,706656,,ok,,255,16060,254,2385,180,18,2974,234,36
whir_t100_capacity_full,local_interpolant,minimal_subtree,100.0,whir_capacity_full,28,18|10,2,5668,640,9,32768,1,verify_sbf,5,695119,,ok,,255,16060,254,2385,180,18,2974,234,36
whir_t100_capacity_full,local_interpolant,minimal_subtree,100.0,whir_capacity_full,28,18|10,2,5668,640,9,32768,1,total_sbf,5,706656,,ok,,255,16060,254,2385,180,18,2974,234,36
whir_t100_capacity_full,local_interpolant,minimal_subtree,100.0,whir_capacity_full,28,18|10,2,5668,640,9,32768,1,verify_sbf,6,695119,,ok,,255,16060,254,2385,180,18,2974,234,36
whir_t100_capacity_full,local_interpolant,minimal_subtree,100.0,whir_capacity_full,28,18|10,2,5668,640,9,32768,1,total_sbf,6,706656,,ok,,255,16060,254,2385,180,18,2974,234,36
whir_t100_capacity_full,local_interpolant,minimal_subtree,100.0,whir_capacity_full,28,18|10,2,5668,640,9,32768,1,verify_sbf,7,695119,,ok,,255,16060,254,2385,180,18,2974,234,36
whir_t100_capacity_full,local_interpolant,minimal_subtree,100.0,whir_capacity_full,28,18|10,2,5668,640,9,32768,1,total_sbf,7,706656,,ok,,255,16060,254,2385,180,18,2974,234,36
whir_t100_capacity_full,local_interpolant,minimal_subtree,100.0,whir_capacity_full,28,18|10,2,5668,640,9,32768,1,verify_sbf,8,695119,,ok,,255,16060,254,2385,180,18,2974,234,36
whir_t100_capacity_full,local_interpolant,minimal_subtree,100.0,whir_capacity_full,28,18|10,2,5668,640,9,32768,1,total_sbf,8,706656,,ok,,255,16060,254,2385,180,18,2974,234,36
whir_t100_capacity_full,local_interpolant,minimal_subtree,100.0,whir_capacity_full,28,18|10,2,5668,640,9,32768,1,verify_sbf,9,695119,,ok,,255,16060,254,2385,180,18,2974,234,36
whir_t100_capacity_full,local_interpolant,minimal_subtree,100.0,whir_capacity_full,28,18|10,2,5668,640,9,32768,1,total_sbf,9,706656,,ok,,255,16060,254,2385,180,18,2974,234,36
whir_t100_capacity_full,local_interpolant,minimal_subtree,100.0,whir_capacity_full,28,18|10,2,5668,640,9,32768,1,phase_final_round,0,40540,,ok,,0,0,0,0,0,0,2974,234,36
whir_t100_capacity_full,local_interpolant,minimal_subtree,100.0,whir_capacity_full,28,18|10,2,5668,640,9,32768,1,phase_folding,0,8269,,ok,,0,0,0,0,0,0,2974,234,36
whir_t100_capacity_full,local_interpolant,minimal_subtree,100.0,whir_capacity_full,28,18|10,2,5668,640,9,32768,1,phase_ood,0,12147,,ok,,0,0,0,0,0,0,2974,234,36
whir_t100_capacity_full,local_interpolant,minimal_subtree,100.0,whir_capacity_full,28,18|10,2,5668,640,9,32768,1,phase_parse,0,1484,,ok,,0,0,0,0,0,0,2974,234,36
whir_t100_capacity_full,local_interpolant,minimal_subtree,100.0,whir_capacity_full,28,18|10,2,5668,640,9,32768,1,phase_per_round_queries,0,596515,,ok,,0,0,0,0,0,0,2974,234,36
whir_t100_capacity_full,local_interpolant,minimal_subtree,100.0,whir_capacity_full,28,18|10,2,5668,640,9,32768,1,phase_transcript_setup,0,38631,,ok,,0,0,0,0,0,0,2974,234,36
whir_t100_capacity_full,local_interpolant,minimal_subtree,100.0,whir_capacity_full,28,18|10,2,5668,640,9,32768,1,phase_final_round,1,40540,,ok,,0,0,0,0,0,0,2974,234,36
whir_t100_capacity_full,local_interpolant,minimal_subtree,100.0,whir_capacity_full,28,18|10,2,5668,640,9,32768,1,phase_folding,1,8269,,ok,,0,0,0,0,0,0,2974,234,36
whir_t100_capacity_full,local_interpolant,minimal_subtree,100.0,whir_capacity_full,28,18|10,2,5668,640,9,32768,1,phase_ood,1,12147,,ok,,0,0,0,0,0,0,2974,234,36
whir_t100_capacity_full,local_interpolant,minimal_subtree,100.0,whir_capacity_full,28,18|10,2,5668,640,9,32768,1,phase_parse,1,1484,,ok,,0,0,0,0,0,0,2974,234,36
whir_t100_capacity_full,local_interpolant,minimal_subtree,100.0,whir_capacity_full,28,18|10,2,5668,640,9,32768,1,phase_per_round_queries,1,596515,,ok,,0,0,0,0,0,0,2974,234,36
whir_t100_capacity_full,local_interpolant,minimal_subtree,100.0,whir_capacity_full,28,18|10,2,5668,640,9,32768,1,phase_transcript_setup,1,38631,,ok,,0,0,0,0,0,0,2974,234,36
whir_t100_capacity_full,local_interpolant,minimal_subtree,100.0,whir_capacity_full,28,18|10,2,5668,640,9,32768,1,phase_final_round,2,40540,,ok,,0,0,0,0,0,0,2974,234,36
whir_t100_capacity_full,local_interpolant,minimal_subtree,100.0,whir_capacity_full,28,18|10,2,5668,640,9,32768,1,phase_folding,2,8269,,ok,,0,0,0,0,0,0,2974,234,36
whir_t100_capacity_full,local_interpolant,minimal_subtree,100.0,whir_capacity_full,28,18|10,2,5668,640,9,32768,1,phase_ood,2,12147,,ok,,0,0,0,0,0,0,2974,234,36
whir_t100_capacity_full,local_interpolant,minimal_subtree,100.0,whir_capacity_full,28,18|10,2,5668,640,9,32768,1,phase_parse,2,1484,,ok,,0,0,0,0,0,0,2974,234,36
whir_t100_capacity_full,local_interpolant,minimal_subtree,100.0,whir_capacity_full,28,18|10,2,5668,640,9,32768,1,phase_per_round_queries,2,596515,,ok,,0,0,0,0,0,0,2974,234,36
whir_t100_capacity_full,local_interpolant,minimal_subtree,100.0,whir_capacity_full,28,18|10,2,5668,640,9,32768,1,phase_transcript_setup,2,38631,,ok,,0,0,0,0,0,0,2974,234,36
whir_t100_capacity_full,local_interpolant,minimal_subtree,100.0,whir_capacity_full,28,18|10,2,5668,640,9,32768,1,phase_final_round,3,40540,,ok,,0,0,0,0,0,0,2974,234,36
whir_t100_capacity_full,local_interpolant,minimal_subtree,100.0,whir_capacity_full,28,18|10,2,5668,640,9,32768,1,phase_folding,3,8269,,ok,,0,0,0,0,0,0,2974,234,36
whir_t100_capacity_full,local_interpolant,minimal_subtree,100.0,whir_capacity_full,28,18|10,2,5668,640,9,32768,1,phase_ood,3,12147,,ok,,0,0,0,0,0,0,2974,234,36
whir_t100_capacity_full,local_interpolant,minimal_subtree,100.0,whir_capacity_full,28,18|10,2,5668,640,9,32768,1,phase_parse,3,1484,,ok,,0,0,0,0,0,0,2974,234,36
whir_t100_capacity_full,local_interpolant,minimal_subtree,100.0,whir_capacity_full,28,18|10,2,5668,640,9,32768,1,phase_per_round_queries,3,596515,,ok,,0,0,0,0,0,0,2974,234,36
whir_t100_capacity_full,local_interpolant,minimal_subtree,100.0,whir_capacity_full,28,18|10,2,5668,640,9,32768,1,phase_transcript_setup,3,38631,,ok,,0,0,0,0,0,0,2974,234,36
whir_t100_capacity_full,local_interpolant,minimal_subtree,100.0,whir_capacity_full,28,18|10,2,5668,640,9,32768,1,phase_final_round,4,40540,,ok,,0,0,0,0,0,0,2974,234,36
whir_t100_capacity_full,local_interpolant,minimal_subtree,100.0,whir_capacity_full,28,18|10,2,5668,640,9,32768,1,phase_folding,4,8269,,ok,,0,0,0,0,0,0,2974,234,36
whir_t100_capacity_full,local_interpolant,minimal_subtree,100.0,whir_capacity_full,28,18|10,2,5668,640,9,32768,1,phase_ood,4,12147,,ok,,0,0,0,0,0,0,2974,234,36
whir_t100_capacity_full,local_interpolant,minimal_subtree,100.0,whir_capacity_full,28,18|10,2,5668,640,9,32768,1,phase_parse,4,1484,,ok,,0,0,0,0,0,0,2974,234,36
whir_t100_capacity_full,local_interpolant,minimal_subtree,100.0,whir_capacity_full,28,18|10,2,5668,640,9,32768,1,phase_per_round_queries,4,596515,,ok,,0,0,0,0,0,0,2974,234,36
whir_t100_capacity_full,local_interpolant,minimal_subtree,100.0,whir_capacity_full,28,18|10,2,5668,640,9,32768,1,phase_transcript_setup,4,38631,,ok,,0,0,0,0,0,0,2974,234,36
whir_t100_capacity_full,local_interpolant,minimal_subtree,100.0,whir_capacity_full,28,18|10,2,5668,640,9,32768,1,phase_final_round,5,40540,,ok,,0,0,0,0,0,0,2974,234,36
whir_t100_capacity_full,local_interpolant,minimal_subtree,100.0,whir_capacity_full,28,18|10,2,5668,640,9,32768,1,phase_folding,5,8269,,ok,,0,0,0,0,0,0,2974,234,36
whir_t100_capacity_full,local_interpolant,minimal_subtree,100.0,whir_capacity_full,28,18|10,2,5668,640,9,32768,1,phase_ood,5,12147,,ok,,0,0,0,0,0,0,2974,234,36
whir_t100_capacity_full,local_interpolant,minimal_subtree,100.0,whir_capacity_full,28,18|10,2,5668,640,9,32768,1,phase_parse,5,1484,,ok,,0,0,0,0,0,0,2974,234,36
whir_t100_capacity_full,local_interpolant,minimal_subtree,100.0,whir_capacity_full,28,18|10,2,5668,640,9,32768,1,phase_per_round_queries,5,596515,,ok,,0,0,0,0,0,0,2974,234,36
whir_t100_capacity_full,local_interpolant,minimal_subtree,100.0,whir_capacity_full,28,18|10,2,5668,640,9,32768,1,phase_transcript_setup,5,38631,,ok,,0,0,0,0,0,0,2974,234,36
whir_t100_capacity_full,local_interpolant,minimal_subtree,100.0,whir_capacity_full,28,18|10,2,5668,640,9,32768,1,phase_final_round,6,40540,,ok,,0,0,0,0,0,0,2974,234,36
whir_t100_capacity_full,local_interpolant,minimal_subtree,100.0,whir_capacity_full,28,18|10,2,5668,640,9,32768,1,phase_folding,6,8269,,ok,,0,0,0,0,0,0,2974,234,36
whir_t100_capacity_full,local_interpolant,minimal_subtree,100.0,whir_capacity_full,28,18|10,2,5668,640,9,32768,1,phase_ood,6,12147,,ok,,0,0,0,0,0,0,2974,234,36
whir_t100_capacity_full,local_interpolant,minimal_subtree,100.0,whir_capacity_full,28,18|10,2,5668,640,9,32768,1,phase_parse,6,1484,,ok,,0,0,0,0,0,0,2974,234,36
whir_t100_capacity_full,local_interpolant,minimal_subtree,100.0,whir_capacity_full,28,18|10,2,5668,640,9,32768,1,phase_per_round_queries,6,596515,,ok,,0,0,0,0,0,0,2974,234,36
whir_t100_capacity_full,local_interpolant,minimal_subtree,100.0,whir_capacity_full,28,18|10,2,5668,640,9,32768,1,phase_transcript_setup,6,38631,,ok,,0,0,0,0,0,0,2974,234,36
whir_t100_capacity_full,local_interpolant,minimal_subtree,100.0,whir_capacity_full,28,18|10,2,5668,640,9,32768,1,phase_final_round,7,40540,,ok,,0,0,0,0,0,0,2974,234,36
whir_t100_capacity_full,local_interpolant,minimal_subtree,100.0,whir_capacity_full,28,18|10,2,5668,640,9,32768,1,phase_folding,7,8269,,ok,,0,0,0,0,0,0,2974,234,36
whir_t100_capacity_full,local_interpolant,minimal_subtree,100.0,whir_capacity_full,28,18|10,2,5668,640,9,32768,1,phase_ood,7,12147,,ok,,0,0,0,0,0,0,2974,234,36
whir_t100_capacity_full,local_interpolant,minimal_subtree,100.0,whir_capacity_full,28,18|10,2,5668,640,9,32768,1,phase_parse,7,1484,,ok,,0,0,0,0,0,0,2974,234,36
whir_t100_capacity_full,local_interpolant,minimal_subtree,100.0,whir_capacity_full,28,18|10,2,5668,640,9,32768,1,phase_per_round_queries,7,596515,,ok,,0,0,0,0,0,0,2974,234,36
whir_t100_capacity_full,local_interpolant,minimal_subtree,100.0,whir_capacity_full,28,18|10,2,5668,640,9,32768,1,phase_transcript_setup,7,38631,,ok,,0,0,0,0,0,0,2974,234,36
whir_t100_capacity_full,local_interpolant,minimal_subtree,100.0,whir_capacity_full,28,18|10,2,5668,640,9,32768,1,phase_final_round,8,40540,,ok,,0,0,0,0,0,0,2974,234,36
whir_t100_capacity_full,local_interpolant,minimal_subtree,100.0,whir_capacity_full,28,18|10,2,5668,640,9,32768,1,phase_folding,8,8269,,ok,,0,0,0,0,0,0,2974,234,36
whir_t100_capacity_full,local_interpolant,minimal_subtree,100.0,whir_capacity_full,28,18|10,2,5668,640,9,32768,1,phase_ood,8,12147,,ok,,0,0,0,0,0,0,2974,234,36
whir_t100_capacity_full,local_interpolant,minimal_subtree,100.0,whir_capacity_full,28,18|10,2,5668,640,9,32768,1,phase_parse,8,1484,,ok,,0,0,0,0,0,0,2974,234,36
whir_t100_capacity_full,local_interpolant,minimal_subtree,100.0,whir_capacity_full,28,18|10,2,5668,640,9,32768,1,phase_per_round_queries,8,596515,,ok,,0,0,0,0,0,0,2974,234,36
whir_t100_capacity_full,local_interpolant,minimal_subtree,100.0,whir_capacity_full,28,18|10,2,5668,640,9,32768,1,phase_transcript_setup,8,38631,,ok,,0,0,0,0,0,0,2974,234,36
whir_t100_capacity_full,local_interpolant,minimal_subtree,100.0,whir_capacity_full,28,18|10,2,5668,640,9,32768,1,phase_final_round,9,40540,,ok,,0,0,0,0,0,0,2974,234,36
whir_t100_capacity_full,local_interpolant,minimal_subtree,100.0,whir_capacity_full,28,18|10,2,5668,640,9,32768,1,phase_folding,9,8269,,ok,,0,0,0,0,0,0,2974,234,36
whir_t100_capacity_full,local_interpolant,minimal_subtree,100.0,whir_capacity_full,28,18|10,2,5668,640,9,32768,1,phase_ood,9,12147,,ok,,0,0,0,0,0,0,2974,234,36
whir_t100_capacity_full,local_interpolant,minimal_subtree,100.0,whir_capacity_full,28,18|10,2,5668,640,9,32768,1,phase_parse,9,1484,,ok,,0,0,0,0,0,0,2974,234,36
whir_t100_capacity_full,local_interpolant,minimal_subtree,100.0,whir_capacity_full,28,18|10,2,5668,640,9,32768,1,phase_per_round_queries,9,596515,,ok,,0,0,0,0,0,0,2974,234,36
whir_t100_capacity_full,local_interpolant,minimal_subtree,100.0,whir_capacity_full,28,18|10,2,5668,640,9,32768,1,phase_transcript_setup,9,38631,,ok,,0,0,0,0,0,0,2974,234,36
whir_t128_capacity_full,raw_fibers,minimal_subtree,128.0,whir_capacity_full,39,25|14,2,5932,640,10,32768,1,host_verify,0,,13506083,ok,,315,19719,354,3201,250,25,4014,325,50
whir_t128_capacity_full,raw_fibers,minimal_subtree,128.0,whir_capacity_full,39,25|14,2,5932,640,10,0,0,upload_total,0,12636,,ok,,0,0,0,0,0,0,4014,325,50
whir_t128_capacity_full,raw_fibers,minimal_subtree,128.0,whir_capacity_full,39,25|14,2,5932,640,10,32768,1,verify_sbf,0,914591,,ok,,315,19719,354,3201,250,25,4014,325,50
whir_t128_capacity_full,raw_fibers,minimal_subtree,128.0,whir_capacity_full,39,25|14,2,5932,640,10,32768,1,total_sbf,0,927227,,ok,,315,19719,354,3201,250,25,4014,325,50
whir_t128_capacity_full,raw_fibers,minimal_subtree,128.0,whir_capacity_full,39,25|14,2,5932,640,10,32768,1,verify_sbf,1,914591,,ok,,315,19719,354,3201,250,25,4014,325,50
whir_t128_capacity_full,raw_fibers,minimal_subtree,128.0,whir_capacity_full,39,25|14,2,5932,640,10,32768,1,total_sbf,1,927227,,ok,,315,19719,354,3201,250,25,4014,325,50
whir_t128_capacity_full,raw_fibers,minimal_subtree,128.0,whir_capacity_full,39,25|14,2,5932,640,10,32768,1,verify_sbf,2,914591,,ok,,315,19719,354,3201,250,25,4014,325,50
whir_t128_capacity_full,raw_fibers,minimal_subtree,128.0,whir_capacity_full,39,25|14,2,5932,640,10,32768,1,total_sbf,2,927227,,ok,,315,19719,354,3201,250,25,4014,325,50
whir_t128_capacity_full,raw_fibers,minimal_subtree,128.0,whir_capacity_full,39,25|14,2,5932,640,10,32768,1,verify_sbf,3,914591,,ok,,315,19719,354,3201,250,25,4014,325,50
whir_t128_capacity_full,raw_fibers,minimal_subtree,128.0,whir_capacity_full,39,25|14,2,5932,640,10,32768,1,total_sbf,3,927227,,ok,,315,19719,354,3201,250,25,4014,325,50
whir_t128_capacity_full,raw_fibers,minimal_subtree,128.0,whir_capacity_full,39,25|14,2,5932,640,10,32768,1,verify_sbf,4,914591,,ok,,315,19719,354,3201,250,25,4014,325,50
whir_t128_capacity_full,raw_fibers,minimal_subtree,128.0,whir_capacity_full,39,25|14,2,5932,640,10,32768,1,total_sbf,4,927227,,ok,,315,19719,354,3201,250,25,4014,325,50
whir_t128_capacity_full,raw_fibers,minimal_subtree,128.0,whir_capacity_full,39,25|14,2,5932,640,10,32768,1,verify_sbf,5,914591,,ok,,315,19719,354,3201,250,25,4014,325,50
whir_t128_capacity_full,raw_fibers,minimal_subtree,128.0,whir_capacity_full,39,25|14,2,5932,640,10,32768,1,total_sbf,5,927227,,ok,,315,19719,354,3201,250,25,4014,325,50
whir_t128_capacity_full,raw_fibers,minimal_subtree,128.0,whir_capacity_full,39,25|14,2,5932,640,10,32768,1,verify_sbf,6,914591,,ok,,315,19719,354,3201,250,25,4014,325,50
whir_t128_capacity_full,raw_fibers,minimal_subtree,128.0,whir_capacity_full,39,25|14,2,5932,640,10,32768,1,total_sbf,6,927227,,ok,,315,19719,354,3201,250,25,4014,325,50
whir_t128_capacity_full,raw_fibers,minimal_subtree,128.0,whir_capacity_full,39,25|14,2,5932,640,10,32768,1,verify_sbf,7,914591,,ok,,315,19719,354,3201,250,25,4014,325,50
whir_t128_capacity_full,raw_fibers,minimal_subtree,128.0,whir_capacity_full,39,25|14,2,5932,640,10,32768,1,total_sbf,7,927227,,ok,,315,19719,354,3201,250,25,4014,325,50
whir_t128_capacity_full,raw_fibers,minimal_subtree,128.0,whir_capacity_full,39,25|14,2,5932,640,10,32768,1,verify_sbf,8,914591,,ok,,315,19719,354,3201,250,25,4014,325,50
whir_t128_capacity_full,raw_fibers,minimal_subtree,128.0,whir_capacity_full,39,25|14,2,5932,640,10,32768,1,total_sbf,8,927227,,ok,,315,19719,354,3201,250,25,4014,325,50
whir_t128_capacity_full,raw_fibers,minimal_subtree,128.0,whir_capacity_full,39,25|14,2,5932,640,10,32768,1,verify_sbf,9,914591,,ok,,315,19719,354,3201,250,25,4014,325,50
whir_t128_capacity_full,raw_fibers,minimal_subtree,128.0,whir_capacity_full,39,25|14,2,5932,640,10,32768,1,total_sbf,9,927227,,ok,,315,19719,354,3201,250,25,4014,325,50
whir_t128_capacity_full,raw_fibers,minimal_subtree,128.0,whir_capacity_full,39,25|14,2,5932,640,10,32768,1,phase_final_round,0,49064,,ok,,0,0,0,0,0,0,4014,325,50
whir_t128_capacity_full,raw_fibers,minimal_subtree,128.0,whir_capacity_full,39,25|14,2,5932,640,10,32768,1,phase_folding,0,12808,,ok,,0,0,0,0,0,0,4014,325,50
whir_t128_capacity_full,raw_fibers,minimal_subtree,128.0,whir_capacity_full,39,25|14,2,5932,640,10,32768,1,phase_ood,0,12145,,ok,,0,0,0,0,0,0,4014,325,50
whir_t128_capacity_full,raw_fibers,minimal_subtree,128.0,whir_capacity_full,39,25|14,2,5932,640,10,32768,1,phase_parse,0,1482,,ok,,0,0,0,0,0,0,4014,325,50
whir_t128_capacity_full,raw_fibers,minimal_subtree,128.0,whir_capacity_full,39,25|14,2,5932,640,10,32768,1,phase_per_round_queries,0,822129,,ok,,0,0,0,0,0,0,4014,325,50
whir_t128_capacity_full,raw_fibers,minimal_subtree,128.0,whir_capacity_full,39,25|14,2,5932,640,10,32768,1,phase_transcript_setup,0,19432,,ok,,0,0,0,0,0,0,4014,325,50
whir_t128_capacity_full,raw_fibers,minimal_subtree,128.0,whir_capacity_full,39,25|14,2,5932,640,10,32768,1,phase_final_round,1,49064,,ok,,0,0,0,0,0,0,4014,325,50
whir_t128_capacity_full,raw_fibers,minimal_subtree,128.0,whir_capacity_full,39,25|14,2,5932,640,10,32768,1,phase_folding,1,12808,,ok,,0,0,0,0,0,0,4014,325,50
whir_t128_capacity_full,raw_fibers,minimal_subtree,128.0,whir_capacity_full,39,25|14,2,5932,640,10,32768,1,phase_ood,1,12145,,ok,,0,0,0,0,0,0,4014,325,50
whir_t128_capacity_full,raw_fibers,minimal_subtree,128.0,whir_capacity_full,39,25|14,2,5932,640,10,32768,1,phase_parse,1,1482,,ok,,0,0,0,0,0,0,4014,325,50
whir_t128_capacity_full,raw_fibers,minimal_subtree,128.0,whir_capacity_full,39,25|14,2,5932,640,10,32768,1,phase_per_round_queries,1,822129,,ok,,0,0,0,0,0,0,4014,325,50
whir_t128_capacity_full,raw_fibers,minimal_subtree,128.0,whir_capacity_full,39,25|14,2,5932,640,10,32768,1,phase_transcript_setup,1,19432,,ok,,0,0,0,0,0,0,4014,325,50
whir_t128_capacity_full,raw_fibers,minimal_subtree,128.0,whir_capacity_full,39,25|14,2,5932,640,10,32768,1,phase_final_round,2,49064,,ok,,0,0,0,0,0,0,4014,325,50
whir_t128_capacity_full,raw_fibers,minimal_subtree,128.0,whir_capacity_full,39,25|14,2,5932,640,10,32768,1,phase_folding,2,12808,,ok,,0,0,0,0,0,0,4014,325,50
whir_t128_capacity_full,raw_fibers,minimal_subtree,128.0,whir_capacity_full,39,25|14,2,5932,640,10,32768,1,phase_ood,2,12145,,ok,,0,0,0,0,0,0,4014,325,50
whir_t128_capacity_full,raw_fibers,minimal_subtree,128.0,whir_capacity_full,39,25|14,2,5932,640,10,32768,1,phase_parse,2,1482,,ok,,0,0,0,0,0,0,4014,325,50
whir_t128_capacity_full,raw_fibers,minimal_subtree,128.0,whir_capacity_full,39,25|14,2,5932,640,10,32768,1,phase_per_round_queries,2,822129,,ok,,0,0,0,0,0,0,4014,325,50
whir_t128_capacity_full,raw_fibers,minimal_subtree,128.0,whir_capacity_full,39,25|14,2,5932,640,10,32768,1,phase_transcript_setup,2,19432,,ok,,0,0,0,0,0,0,4014,325,50
whir_t128_capacity_full,raw_fibers,minimal_subtree,128.0,whir_capacity_full,39,25|14,2,5932,640,10,32768,1,phase_final_round,3,49064,,ok,,0,0,0,0,0,0,4014,325,50
whir_t128_capacity_full,raw_fibers,minimal_subtree,128.0,whir_capacity_full,39,25|14,2,5932,640,10,32768,1,phase_folding,3,12808,,ok,,0,0,0,0,0,0,4014,325,50
whir_t128_capacity_full,raw_fibers,minimal_subtree,128.0,whir_capacity_full,39,25|14,2,5932,640,10,32768,1,phase_ood,3,12145,,ok,,0,0,0,0,0,0,4014,325,50
whir_t128_capacity_full,raw_fibers,minimal_subtree,128.0,whir_capacity_full,39,25|14,2,5932,640,10,32768,1,phase_parse,3,1482,,ok,,0,0,0,0,0,0,4014,325,50
whir_t128_capacity_full,raw_fibers,minimal_subtree,128.0,whir_capacity_full,39,25|14,2,5932,640,10,32768,1,phase_per_round_queries,3,822129,,ok,,0,0,0,0,0,0,4014,325,50
whir_t128_capacity_full,raw_fibers,minimal_subtree,128.0,whir_capacity_full,39,25|14,2,5932,640,10,32768,1,phase_transcript_setup,3,19432,,ok,,0,0,0,0,0,0,4014,325,50
whir_t128_capacity_full,raw_fibers,minimal_subtree,128.0,whir_capacity_full,39,25|14,2,5932,640,10,32768,1,phase_final_round,4,49064,,ok,,0,0,0,0,0,0,4014,325,50
whir_t128_capacity_full,raw_fibers,minimal_subtree,128.0,whir_capacity_full,39,25|14,2,5932,640,10,32768,1,phase_folding,4,12808,,ok,,0,0,0,0,0,0,4014,325,50
whir_t128_capacity_full,raw_fibers,minimal_subtree,128.0,whir_capacity_full,39,25|14,2,5932,640,10,32768,1,phase_ood,4,12145,,ok,,0,0,0,0,0,0,4014,325,50
whir_t128_capacity_full,raw_fibers,minimal_subtree,128.0,whir_capacity_full,39,25|14,2,5932,640,10,32768,1,phase_parse,4,1482,,ok,,0,0,0,0,0,0,4014,325,50
whir_t128_capacity_full,raw_fibers,minimal_subtree,128.0,whir_capacity_full,39,25|14,2,5932,640,10,32768,1,phase_per_round_queries,4,822129,,ok,,0,0,0,0,0,0,4014,325,50
whir_t128_capacity_full,raw_fibers,minimal_subtree,128.0,whir_capacity_full,39,25|14,2,5932,640,10,32768,1,phase_transcript_setup,4,19432,,ok,,0,0,0,0,0,0,4014,325,50
whir_t128_capacity_full,raw_fibers,minimal_subtree,128.0,whir_capacity_full,39,25|14,2,5932,640,10,32768,1,phase_final_round,5,49064,,ok,,0,0,0,0,0,0,4014,325,50
whir_t128_capacity_full,raw_fibers,minimal_subtree,128.0,whir_capacity_full,39,25|14,2,5932,640,10,32768,1,phase_folding,5,12808,,ok,,0,0,0,0,0,0,4014,325,50
whir_t128_capacity_full,raw_fibers,minimal_subtree,128.0,whir_capacity_full,39,25|14,2,5932,640,10,32768,1,phase_ood,5,12145,,ok,,0,0,0,0,0,0,4014,325,50
whir_t128_capacity_full,raw_fibers,minimal_subtree,128.0,whir_capacity_full,39,25|14,2,5932,640,10,32768,1,phase_parse,5,1482,,ok,,0,0,0,0,0,0,4014,325,50
whir_t128_capacity_full,raw_fibers,minimal_subtree,128.0,whir_capacity_full,39,25|14,2,5932,640,10,32768,1,phase_per_round_queries,5,822129,,ok,,0,0,0,0,0,0,4014,325,50
whir_t128_capacity_full,raw_fibers,minimal_subtree,128.0,whir_capacity_full,39,25|14,2,5932,640,10,32768,1,phase_transcript_setup,5,19432,,ok,,0,0,0,0,0,0,4014,325,50
whir_t128_capacity_full,raw_fibers,minimal_subtree,128.0,whir_capacity_full,39,25|14,2,5932,640,10,32768,1,phase_final_round,6,49064,,ok,,0,0,0,0,0,0,4014,325,50
whir_t128_capacity_full,raw_fibers,minimal_subtree,128.0,whir_capacity_full,39,25|14,2,5932,640,10,32768,1,phase_folding,6,12808,,ok,,0,0,0,0,0,0,4014,325,50
whir_t128_capacity_full,raw_fibers,minimal_subtree,128.0,whir_capacity_full,39,25|14,2,5932,640,10,32768,1,phase_ood,6,12145,,ok,,0,0,0,0,0,0,4014,325,50
whir_t128_capacity_full,raw_fibers,minimal_subtree,128.0,whir_capacity_full,39,25|14,2,5932,640,10,32768,1,phase_parse,6,1482,,ok,,0,0,0,0,0,0,4014,325,50
whir_t128_capacity_full,raw_fibers,minimal_subtree,128.0,whir_capacity_full,39,25|14,2,5932,640,10,32768,1,phase_per_round_queries,6,822129,,ok,,0,0,0,0,0,0,4014,325,50
whir_t128_capacity_full,raw_fibers,minimal_subtree,128.0,whir_capacity_full,39,25|14,2,5932,640,10,32768,1,phase_transcript_setup,6,19432,,ok,,0,0,0,0,0,0,4014,325,50
whir_t128_capacity_full,raw_fibers,minimal_subtree,128.0,whir_capacity_full,39,25|14,2,5932,640,10,32768,1,phase_final_round,7,49064,,ok,,0,0,0,0,0,0,4014,325,50
whir_t128_capacity_full,raw_fibers,minimal_subtree,128.0,whir_capacity_full,39,25|14,2,5932,640,10,32768,1,phase_folding,7,12808,,ok,,0,0,0,0,0,0,4014,325,50
whir_t128_capacity_full,raw_fibers,minimal_subtree,128.0,whir_capacity_full,39,25|14,2,5932,640,10,32768,1,phase_ood,7,12145,,ok,,0,0,0,0,0,0,4014,325,50
whir_t128_capacity_full,raw_fibers,minimal_subtree,128.0,whir_capacity_full,39,25|14,2,5932,640,10,32768,1,phase_parse,7,1482,,ok,,0,0,0,0,0,0,4014,325,50
whir_t128_capacity_full,raw_fibers,minimal_subtree,128.0,whir_capacity_full,39,25|14,2,5932,640,10,32768,1,phase_per_round_queries,7,822129,,ok,,0,0,0,0,0,0,4014,325,50
whir_t128_capacity_full,raw_fibers,minimal_subtree,128.0,whir_capacity_full,39,25|14,2,5932,640,10,32768,1,phase_transcript_setup,7,19432,,ok,,0,0,0,0,0,0,4014,325,50
whir_t128_capacity_full,raw_fibers,minimal_subtree,128.0,whir_capacity_full,39,25|14,2,5932,640,10,32768,1,phase_final_round,8,49064,,ok,,0,0,0,0,0,0,4014,325,50
whir_t128_capacity_full,raw_fibers,minimal_subtree,128.0,whir_capacity_full,39,25|14,2,5932,640,10,32768,1,phase_folding,8,12808,,ok,,0,0,0,0,0,0,4014,325,50
whir_t128_capacity_full,raw_fibers,minimal_subtree,128.0,whir_capacity_full,39,25|14,2,5932,640,10,32768,1,phase_ood,8,12145,,ok,,0,0,0,0,0,0,4014,325,50
whir_t128_capacity_full,raw_fibers,minimal_subtree,128.0,whir_capacity_full,39,25|14,2,5932,640,10,32768,1,phase_parse,8,1482,,ok,,0,0,0,0,0,0,4014,325,50
whir_t128_capacity_full,raw_fibers,minimal_subtree,128.0,whir_capacity_full,39,25|14,2,5932,640,10,32768,1,phase_per_round_queries,8,822129,,ok,,0,0,0,0,0,0,4014,325,50
whir_t128_capacity_full,raw_fibers,minimal_subtree,128.0,whir_capacity_full,39,25|14,2,5932,640,10,32768,1,phase_transcript_setup,8,19432,,ok,,0,0,0,0,0,0,4014,325,50
whir_t128_capacity_full,raw_fibers,minimal_subtree,128.0,whir_capacity_full,39,25|14,2,5932,640,10,32768,1,phase_final_round,9,49064,,ok,,0,0,0,0,0,0,4014,325,50
whir_t128_capacity_full,raw_fibers,minimal_subtree,128.0,whir_capacity_full,39,25|14,2,5932,640,10,32768,1,phase_folding,9,12808,,ok,,0,0,0,0,0,0,4014,325,50
whir_t128_capacity_full,raw_fibers,minimal_subtree,128.0,whir_capacity_full,39,25|14,2,5932,640,10,32768,1,phase_ood,9,12145,,ok,,0,0,0,0,0,0,4014,325,50
whir_t128_capacity_full,raw_fibers,minimal_subtree,128.0,whir_capacity_full,39,25|14,2,5932,640,10,32768,1,phase_parse,9,1482,,ok,,0,0,0,0,0,0,4014,325,50
whir_t128_capacity_full,raw_fibers,minimal_subtree,128.0,whir_capacity_full,39,25|14,2,5932,640,10,32768,1,phase_per_round_queries,9,822129,,ok,,0,0,0,0,0,0,4014,325,50
whir_t128_capacity_full,raw_fibers,minimal_subtree,128.0,whir_capacity_full,39,25|14,2,5932,640,10,32768,1,phase_transcript_setup,9,19432,,ok,,0,0,0,0,0,0,4014,325,50
whir_t128_capacity_full,local_interpolant,minimal_subtree,128.0,whir_capacity_full,39,25|14,2,5932,640,10,32768,1,host_verify,0,,9144375,ok,,315,19719,354,3301,250,25,4114,325,50
whir_t128_capacity_full,local_interpolant,minimal_subtree,128.0,whir_capacity_full,39,25|14,2,5932,640,10,0,0,upload_total,0,12636,,ok,,0,0,0,0,0,0,4114,325,50
whir_t128_capacity_full,local_interpolant,minimal_subtree,128.0,whir_capacity_full,39,25|14,2,5932,640,10,32768,1,verify_sbf,0,919800,,ok,,315,19719,354,3301,250,25,4114,325,50
whir_t128_capacity_full,local_interpolant,minimal_subtree,128.0,whir_capacity_full,39,25|14,2,5932,640,10,32768,1,total_sbf,0,932436,,ok,,315,19719,354,3301,250,25,4114,325,50
whir_t128_capacity_full,local_interpolant,minimal_subtree,128.0,whir_capacity_full,39,25|14,2,5932,640,10,32768,1,verify_sbf,1,919800,,ok,,315,19719,354,3301,250,25,4114,325,50
whir_t128_capacity_full,local_interpolant,minimal_subtree,128.0,whir_capacity_full,39,25|14,2,5932,640,10,32768,1,total_sbf,1,932436,,ok,,315,19719,354,3301,250,25,4114,325,50
whir_t128_capacity_full,local_interpolant,minimal_subtree,128.0,whir_capacity_full,39,25|14,2,5932,640,10,32768,1,verify_sbf,2,919800,,ok,,315,19719,354,3301,250,25,4114,325,50
whir_t128_capacity_full,local_interpolant,minimal_subtree,128.0,whir_capacity_full,39,25|14,2,5932,640,10,32768,1,total_sbf,2,932436,,ok,,315,19719,354,3301,250,25,4114,325,50
whir_t128_capacity_full,local_interpolant,minimal_subtree,128.0,whir_capacity_full,39,25|14,2,5932,640,10,32768,1,verify_sbf,3,919800,,ok,,315,19719,354,3301,250,25,4114,325,50
whir_t128_capacity_full,local_interpolant,minimal_subtree,128.0,whir_capacity_full,39,25|14,2,5932,640,10,32768,1,total_sbf,3,932436,,ok,,315,19719,354,3301,250,25,4114,325,50
whir_t128_capacity_full,local_interpolant,minimal_subtree,128.0,whir_capacity_full,39,25|14,2,5932,640,10,32768,1,verify_sbf,4,919800,,ok,,315,19719,354,3301,250,25,4114,325,50
whir_t128_capacity_full,local_interpolant,minimal_subtree,128.0,whir_capacity_full,39,25|14,2,5932,640,10,32768,1,total_sbf,4,932436,,ok,,315,19719,354,3301,250,25,4114,325,50
whir_t128_capacity_full,local_interpolant,minimal_subtree,128.0,whir_capacity_full,39,25|14,2,5932,640,10,32768,1,verify_sbf,5,919800,,ok,,315,19719,354,3301,250,25,4114,325,50
whir_t128_capacity_full,local_interpolant,minimal_subtree,128.0,whir_capacity_full,39,25|14,2,5932,640,10,32768,1,total_sbf,5,932436,,ok,,315,19719,354,3301,250,25,4114,325,50
whir_t128_capacity_full,local_interpolant,minimal_subtree,128.0,whir_capacity_full,39,25|14,2,5932,640,10,32768,1,verify_sbf,6,919800,,ok,,315,19719,354,3301,250,25,4114,325,50
whir_t128_capacity_full,local_interpolant,minimal_subtree,128.0,whir_capacity_full,39,25|14,2,5932,640,10,32768,1,total_sbf,6,932436,,ok,,315,19719,354,3301,250,25,4114,325,50
whir_t128_capacity_full,local_interpolant,minimal_subtree,128.0,whir_capacity_full,39,25|14,2,5932,640,10,32768,1,verify_sbf,7,919800,,ok,,315,19719,354,3301,250,25,4114,325,50
whir_t128_capacity_full,local_interpolant,minimal_subtree,128.0,whir_capacity_full,39,25|14,2,5932,640,10,32768,1,total_sbf,7,932436,,ok,,315,19719,354,3301,250,25,4114,325,50
whir_t128_capacity_full,local_interpolant,minimal_subtree,128.0,whir_capacity_full,39,25|14,2,5932,640,10,32768,1,verify_sbf,8,919800,,ok,,315,19719,354,3301,250,25,4114,325,50
whir_t128_capacity_full,local_interpolant,minimal_subtree,128.0,whir_capacity_full,39,25|14,2,5932,640,10,32768,1,total_sbf,8,932436,,ok,,315,19719,354,3301,250,25,4114,325,50
whir_t128_capacity_full,local_interpolant,minimal_subtree,128.0,whir_capacity_full,39,25|14,2,5932,640,10,32768,1,verify_sbf,9,919800,,ok,,315,19719,354,3301,250,25,4114,325,50
whir_t128_capacity_full,local_interpolant,minimal_subtree,128.0,whir_capacity_full,39,25|14,2,5932,640,10,32768,1,total_sbf,9,932436,,ok,,315,19719,354,3301,250,25,4114,325,50
whir_t128_capacity_full,local_interpolant,minimal_subtree,128.0,whir_capacity_full,39,25|14,2,5932,640,10,32768,1,phase_final_round,0,49065,,ok,,0,0,0,0,0,0,4114,325,50
whir_t128_capacity_full,local_interpolant,minimal_subtree,128.0,whir_capacity_full,39,25|14,2,5932,640,10,32768,1,phase_folding,0,12814,,ok,,0,0,0,0,0,0,4114,325,50
whir_t128_capacity_full,local_interpolant,minimal_subtree,128.0,whir_capacity_full,39,25|14,2,5932,640,10,32768,1,phase_ood,0,12145,,ok,,0,0,0,0,0,0,4114,325,50
whir_t128_capacity_full,local_interpolant,minimal_subtree,128.0,whir_capacity_full,39,25|14,2,5932,640,10,32768,1,phase_parse,0,1484,,ok,,0,0,0,0,0,0,4114,325,50
whir_t128_capacity_full,local_interpolant,minimal_subtree,128.0,whir_capacity_full,39,25|14,2,5932,640,10,32768,1,phase_per_round_queries,0,827327,,ok,,0,0,0,0,0,0,4114,325,50
whir_t128_capacity_full,local_interpolant,minimal_subtree,128.0,whir_capacity_full,39,25|14,2,5932,640,10,32768,1,phase_transcript_setup,0,19432,,ok,,0,0,0,0,0,0,4114,325,50
whir_t128_capacity_full,local_interpolant,minimal_subtree,128.0,whir_capacity_full,39,25|14,2,5932,640,10,32768,1,phase_final_round,1,49065,,ok,,0,0,0,0,0,0,4114,325,50
whir_t128_capacity_full,local_interpolant,minimal_subtree,128.0,whir_capacity_full,39,25|14,2,5932,640,10,32768,1,phase_folding,1,12814,,ok,,0,0,0,0,0,0,4114,325,50
whir_t128_capacity_full,local_interpolant,minimal_subtree,128.0,whir_capacity_full,39,25|14,2,5932,640,10,32768,1,phase_ood,1,12145,,ok,,0,0,0,0,0,0,4114,325,50
whir_t128_capacity_full,local_interpolant,minimal_subtree,128.0,whir_capacity_full,39,25|14,2,5932,640,10,32768,1,phase_parse,1,1484,,ok,,0,0,0,0,0,0,4114,325,50
whir_t128_capacity_full,local_interpolant,minimal_subtree,128.0,whir_capacity_full,39,25|14,2,5932,640,10,32768,1,phase_per_round_queries,1,827327,,ok,,0,0,0,0,0,0,4114,325,50
whir_t128_capacity_full,local_interpolant,minimal_subtree,128.0,whir_capacity_full,39,25|14,2,5932,640,10,32768,1,phase_transcript_setup,1,19432,,ok,,0,0,0,0,0,0,4114,325,50
whir_t128_capacity_full,local_interpolant,minimal_subtree,128.0,whir_capacity_full,39,25|14,2,5932,640,10,32768,1,phase_final_round,2,49065,,ok,,0,0,0,0,0,0,4114,325,50
whir_t128_capacity_full,local_interpolant,minimal_subtree,128.0,whir_capacity_full,39,25|14,2,5932,640,10,32768,1,phase_folding,2,12814,,ok,,0,0,0,0,0,0,4114,325,50
whir_t128_capacity_full,local_interpolant,minimal_subtree,128.0,whir_capacity_full,39,25|14,2,5932,640,10,32768,1,phase_ood,2,12145,,ok,,0,0,0,0,0,0,4114,325,50
whir_t128_capacity_full,local_interpolant,minimal_subtree,128.0,whir_capacity_full,39,25|14,2,5932,640,10,32768,1,phase_parse,2,1484,,ok,,0,0,0,0,0,0,4114,325,50
whir_t128_capacity_full,local_interpolant,minimal_subtree,128.0,whir_capacity_full,39,25|14,2,5932,640,10,32768,1,phase_per_round_queries,2,827327,,ok,,0,0,0,0,0,0,4114,325,50
whir_t128_capacity_full,local_interpolant,minimal_subtree,128.0,whir_capacity_full,39,25|14,2,5932,640,10,32768,1,phase_transcript_setup,2,19432,,ok,,0,0,0,0,0,0,4114,325,50
whir_t128_capacity_full,local_interpolant,minimal_subtree,128.0,whir_capacity_full,39,25|14,2,5932,640,10,32768,1,phase_final_round,3,49065,,ok,,0,0,0,0,0,0,4114,325,50
whir_t128_capacity_full,local_interpolant,minimal_subtree,128.0,whir_capacity_full,39,25|14,2,5932,640,10,32768,1,phase_folding,3,12814,,ok,,0,0,0,0,0,0,4114,325,50
whir_t128_capacity_full,local_interpolant,minimal_subtree,128.0,whir_capacity_full,39,25|14,2,5932,640,10,32768,1,phase_ood,3,12145,,ok,,0,0,0,0,0,0,4114,325,50
whir_t128_capacity_full,local_interpolant,minimal_subtree,128.0,whir_capacity_full,39,25|14,2,5932,640,10,32768,1,phase_parse,3,1484,,ok,,0,0,0,0,0,0,4114,325,50
whir_t128_capacity_full,local_interpolant,minimal_subtree,128.0,whir_capacity_full,39,25|14,2,5932,640,10,32768,1,phase_per_round_queries,3,827327,,ok,,0,0,0,0,0,0,4114,325,50
whir_t128_capacity_full,local_interpolant,minimal_subtree,128.0,whir_capacity_full,39,25|14,2,5932,640,10,32768,1,phase_transcript_setup,3,19432,,ok,,0,0,0,0,0,0,4114,325,50
whir_t128_capacity_full,local_interpolant,minimal_subtree,128.0,whir_capacity_full,39,25|14,2,5932,640,10,32768,1,phase_final_round,4,49065,,ok,,0,0,0,0,0,0,4114,325,50
whir_t128_capacity_full,local_interpolant,minimal_subtree,128.0,whir_capacity_full,39,25|14,2,5932,640,10,32768,1,phase_folding,4,12814,,ok,,0,0,0,0,0,0,4114,325,50
whir_t128_capacity_full,local_interpolant,minimal_subtree,128.0,whir_capacity_full,39,25|14,2,5932,640,10,32768,1,phase_ood,4,12145,,ok,,0,0,0,0,0,0,4114,325,50
whir_t128_capacity_full,local_interpolant,minimal_subtree,128.0,whir_capacity_full,39,25|14,2,5932,640,10,32768,1,phase_parse,4,1484,,ok,,0,0,0,0,0,0,4114,325,50
whir_t128_capacity_full,local_interpolant,minimal_subtree,128.0,whir_capacity_full,39,25|14,2,5932,640,10,32768,1,phase_per_round_queries,4,827327,,ok,,0,0,0,0,0,0,4114,325,50
whir_t128_capacity_full,local_interpolant,minimal_subtree,128.0,whir_capacity_full,39,25|14,2,5932,640,10,32768,1,phase_transcript_setup,4,19432,,ok,,0,0,0,0,0,0,4114,325,50
whir_t128_capacity_full,local_interpolant,minimal_subtree,128.0,whir_capacity_full,39,25|14,2,5932,640,10,32768,1,phase_final_round,5,49065,,ok,,0,0,0,0,0,0,4114,325,50
whir_t128_capacity_full,local_interpolant,minimal_subtree,128.0,whir_capacity_full,39,25|14,2,5932,640,10,32768,1,phase_folding,5,12814,,ok,,0,0,0,0,0,0,4114,325,50
whir_t128_capacity_full,local_interpolant,minimal_subtree,128.0,whir_capacity_full,39,25|14,2,5932,640,10,32768,1,phase_ood,5,12145,,ok,,0,0,0,0,0,0,4114,325,50
whir_t128_capacity_full,local_interpolant,minimal_subtree,128.0,whir_capacity_full,39,25|14,2,5932,640,10,32768,1,phase_parse,5,1484,,ok,,0,0,0,0,0,0,4114,325,50
whir_t128_capacity_full,local_interpolant,minimal_subtree,128.0,whir_capacity_full,39,25|14,2,5932,640,10,32768,1,phase_per_round_queries,5,827327,,ok,,0,0,0,0,0,0,4114,325,50
whir_t128_capacity_full,local_interpolant,minimal_subtree,128.0,whir_capacity_full,39,25|14,2,5932,640,10,32768,1,phase_transcript_setup,5,19432,,ok,,0,0,0,0,0,0,4114,325,50
whir_t128_capacity_full,local_interpolant,minimal_subtree,128.0,whir_capacity_full,39,25|14,2,5932,640,10,32768,1,phase_final_round,6,49065,,ok,,0,0,0,0,0,0,4114,325,50
whir_t128_capacity_full,local_interpolant,minimal_subtree,128.0,whir_capacity_full,39,25|14,2,5932,640,10,32768,1,phase_folding,6,12814,,ok,,0,0,0,0,0,0,4114,325,50
whir_t128_capacity_full,local_interpolant,minimal_subtree,128.0,whir_capacity_full,39,25|14,2,5932,640,10,32768,1,phase_ood,6,12145,,ok,,0,0,0,0,0,0,4114,325,50
whir_t128_capacity_full,local_interpolant,minimal_subtree,128.0,whir_capacity_full,39,25|14,2,5932,640,10,32768,1,phase_parse,6,1484,,ok,,0,0,0,0,0,0,4114,325,50
whir_t128_capacity_full,local_interpolant,minimal_subtree,128.0,whir_capacity_full,39,25|14,2,5932,640,10,32768,1,phase_per_round_queries,6,827327,,ok,,0,0,0,0,0,0,4114,325,50
whir_t128_capacity_full,local_interpolant,minimal_subtree,128.0,whir_capacity_full,39,25|14,2,5932,640,10,32768,1,phase_transcript_setup,6,19432,,ok,,0,0,0,0,0,0,4114,325,50
whir_t128_capacity_full,local_interpolant,minimal_subtree,128.0,whir_capacity_full,39,25|14,2,5932,640,10,32768,1,phase_final_round,7,49065,,ok,,0,0,0,0,0,0,4114,325,50
whir_t128_capacity_full,local_interpolant,minimal_subtree,128.0,whir_capacity_full,39,25|14,2,5932,640,10,32768,1,phase_folding,7,12814,,ok,,0,0,0,0,0,0,4114,325,50
whir_t128_capacity_full,local_interpolant,minimal_subtree,128.0,whir_capacity_full,39,25|14,2,5932,640,10,32768,1,phase_ood,7,12145,,ok,,0,0,0,0,0,0,4114,325,50
whir_t128_capacity_full,local_interpolant,minimal_subtree,128.0,whir_capacity_full,39,25|14,2,5932,640,10,32768,1,phase_parse,7,1484,,ok,,0,0,0,0,0,0,4114,325,50
whir_t128_capacity_full,local_interpolant,minimal_subtree,128.0,whir_capacity_full,39,25|14,2,5932,640,10,32768,1,phase_per_round_queries,7,827327,,ok,,0,0,0,0,0,0,4114,325,50
whir_t128_capacity_full,local_interpolant,minimal_subtree,128.0,whir_capacity_full,39,25|14,2,5932,640,10,32768,1,phase_transcript_setup,7,19432,,ok,,0,0,0,0,0,0,4114,325,50
whir_t128_capacity_full,local_interpolant,minimal_subtree,128.0,whir_capacity_full,39,25|14,2,5932,640,10,32768,1,phase_final_round,8,49065,,ok,,0,0,0,0,0,0,4114,325,50
whir_t128_capacity_full,local_interpolant,minimal_subtree,128.0,whir_capacity_full,39,25|14,2,5932,640,10,32768,1,phase_folding,8,12814,,ok,,0,0,0,0,0,0,4114,325,50
whir_t128_capacity_full,local_interpolant,minimal_subtree,128.0,whir_capacity_full,39,25|14,2,5932,640,10,32768,1,phase_ood,8,12145,,ok,,0,0,0,0,0,0,4114,325,50
whir_t128_capacity_full,local_interpolant,minimal_subtree,128.0,whir_capacity_full,39,25|14,2,5932,640,10,32768,1,phase_parse,8,1484,,ok,,0,0,0,0,0,0,4114,325,50
whir_t128_capacity_full,local_interpolant,minimal_subtree,128.0,whir_capacity_full,39,25|14,2,5932,640,10,32768,1,phase_per_round_queries,8,827327,,ok,,0,0,0,0,0,0,4114,325,50
whir_t128_capacity_full,local_interpolant,minimal_subtree,128.0,whir_capacity_full,39,25|14,2,5932,640,10,32768,1,phase_transcript_setup,8,19432,,ok,,0,0,0,0,0,0,4114,325,50
whir_t128_capacity_full,local_interpolant,minimal_subtree,128.0,whir_capacity_full,39,25|14,2,5932,640,10,32768,1,phase_final_round,9,49065,,ok,,0,0,0,0,0,0,4114,325,50
whir_t128_capacity_full,local_interpolant,minimal_subtree,128.0,whir_capacity_full,39,25|14,2,5932,640,10,32768,1,phase_folding,9,12814,,ok,,0,0,0,0,0,0,4114,325,50
whir_t128_capacity_full,local_interpolant,minimal_subtree,128.0,whir_capacity_full,39,25|14,2,5932,640,10,32768,1,phase_ood,9,12145,,ok,,0,0,0,0,0,0,4114,325,50
whir_t128_capacity_full,local_interpolant,minimal_subtree,128.0,whir_capacity_full,39,25|14,2,5932,640,10,32768,1,phase_parse,9,1484,,ok,,0,0,0,0,0,0,4114,325,50
whir_t128_capacity_full,local_interpolant,minimal_subtree,128.0,whir_capacity_full,39,25|14,2,5932,640,10,32768,1,phase_per_round_queries,9,827327,,ok,,0,0,0,0,0,0,4114,325,50
whir_t128_capacity_full,local_interpolant,minimal_subtree,128.0,whir_capacity_full,39,25|14,2,5932,640,10,32768,1,phase_transcript_setup,9,19432,,ok,,0,0,0,0,0,0,4114,325,50
whir_t128_johnson_full,raw_fibers,minimal_subtree,128.0,whir_johnson_full,78,50|28,1,9896,640,16,32768,1,host_verify,0,,14219291,ok,,440,28201,708,6363,500,50,7976,650,100
whir_t128_johnson_full,raw_fibers,minimal_subtree,128.0,whir_johnson_full,78,50|28,1,9896,640,16,0,0,upload_total,0,20420,,ok,,0,0,0,0,0,0,7976,650,100
whir_t128_johnson_full,raw_fibers,minimal_subtree,128.0,whir_johnson_full,78,50|28,1,9896,640,16,32768,1,verify_sbf,0,1400000,,simulation_error,"{""InstructionError"":[2,""ProgramFailedToComplete""]}",440,28201,708,6363,500,50,7976,650,100
whir_t128_johnson_full,raw_fibers,minimal_subtree,128.0,whir_johnson_full,78,50|28,1,9896,640,16,32768,1,total_sbf,0,1420420,,simulation_error,"{""InstructionError"":[2,""ProgramFailedToComplete""]}",440,28201,708,6363,500,50,7976,650,100
whir_t128_johnson_full,raw_fibers,minimal_subtree,128.0,whir_johnson_full,78,50|28,1,9896,640,16,32768,1,verify_sbf,1,1400000,,simulation_error,"{""InstructionError"":[2,""ProgramFailedToComplete""]}",440,28201,708,6363,500,50,7976,650,100
whir_t128_johnson_full,raw_fibers,minimal_subtree,128.0,whir_johnson_full,78,50|28,1,9896,640,16,32768,1,total_sbf,1,1420420,,simulation_error,"{""InstructionError"":[2,""ProgramFailedToComplete""]}",440,28201,708,6363,500,50,7976,650,100
whir_t128_johnson_full,raw_fibers,minimal_subtree,128.0,whir_johnson_full,78,50|28,1,9896,640,16,32768,1,verify_sbf,2,1400000,,simulation_error,"{""InstructionError"":[2,""ProgramFailedToComplete""]}",440,28201,708,6363,500,50,7976,650,100
whir_t128_johnson_full,raw_fibers,minimal_subtree,128.0,whir_johnson_full,78,50|28,1,9896,640,16,32768,1,total_sbf,2,1420420,,simulation_error,"{""InstructionError"":[2,""ProgramFailedToComplete""]}",440,28201,708,6363,500,50,7976,650,100
whir_t128_johnson_full,raw_fibers,minimal_subtree,128.0,whir_johnson_full,78,50|28,1,9896,640,16,32768,1,verify_sbf,3,1400000,,simulation_error,"{""InstructionError"":[2,""ProgramFailedToComplete""]}",440,28201,708,6363,500,50,7976,650,100
whir_t128_johnson_full,raw_fibers,minimal_subtree,128.0,whir_johnson_full,78,50|28,1,9896,640,16,32768,1,total_sbf,3,1420420,,simulation_error,"{""InstructionError"":[2,""ProgramFailedToComplete""]}",440,28201,708,6363,500,50,7976,650,100
whir_t128_johnson_full,raw_fibers,minimal_subtree,128.0,whir_johnson_full,78,50|28,1,9896,640,16,32768,1,verify_sbf,4,1400000,,simulation_error,"{""InstructionError"":[2,""ProgramFailedToComplete""]}",440,28201,708,6363,500,50,7976,650,100
whir_t128_johnson_full,raw_fibers,minimal_subtree,128.0,whir_johnson_full,78,50|28,1,9896,640,16,32768,1,total_sbf,4,1420420,,simulation_error,"{""InstructionError"":[2,""ProgramFailedToComplete""]}",440,28201,708,6363,500,50,7976,650,100
whir_t128_johnson_full,raw_fibers,minimal_subtree,128.0,whir_johnson_full,78,50|28,1,9896,640,16,32768,1,verify_sbf,5,1400000,,simulation_error,"{""InstructionError"":[2,""ProgramFailedToComplete""]}",440,28201,708,6363,500,50,7976,650,100
whir_t128_johnson_full,raw_fibers,minimal_subtree,128.0,whir_johnson_full,78,50|28,1,9896,640,16,32768,1,total_sbf,5,1420420,,simulation_error,"{""InstructionError"":[2,""ProgramFailedToComplete""]}",440,28201,708,6363,500,50,7976,650,100
whir_t128_johnson_full,raw_fibers,minimal_subtree,128.0,whir_johnson_full,78,50|28,1,9896,640,16,32768,1,verify_sbf,6,1400000,,simulation_error,"{""InstructionError"":[2,""ProgramFailedToComplete""]}",440,28201,708,6363,500,50,7976,650,100
whir_t128_johnson_full,raw_fibers,minimal_subtree,128.0,whir_johnson_full,78,50|28,1,9896,640,16,32768,1,total_sbf,6,1420420,,simulation_error,"{""InstructionError"":[2,""ProgramFailedToComplete""]}",440,28201,708,6363,500,50,7976,650,100
whir_t128_johnson_full,raw_fibers,minimal_subtree,128.0,whir_johnson_full,78,50|28,1,9896,640,16,32768,1,verify_sbf,7,1400000,,simulation_error,"{""InstructionError"":[2,""ProgramFailedToComplete""]}",440,28201,708,6363,500,50,7976,650,100
whir_t128_johnson_full,raw_fibers,minimal_subtree,128.0,whir_johnson_full,78,50|28,1,9896,640,16,32768,1,total_sbf,7,1420420,,simulation_error,"{""InstructionError"":[2,""ProgramFailedToComplete""]}",440,28201,708,6363,500,50,7976,650,100
whir_t128_johnson_full,raw_fibers,minimal_subtree,128.0,whir_johnson_full,78,50|28,1,9896,640,16,32768,1,verify_sbf,8,1400000,,simulation_error,"{""InstructionError"":[2,""ProgramFailedToComplete""]}",440,28201,708,6363,500,50,7976,650,100
whir_t128_johnson_full,raw_fibers,minimal_subtree,128.0,whir_johnson_full,78,50|28,1,9896,640,16,32768,1,total_sbf,8,1420420,,simulation_error,"{""InstructionError"":[2,""ProgramFailedToComplete""]}",440,28201,708,6363,500,50,7976,650,100
whir_t128_johnson_full,raw_fibers,minimal_subtree,128.0,whir_johnson_full,78,50|28,1,9896,640,16,32768,1,verify_sbf,9,1400000,,simulation_error,"{""InstructionError"":[2,""ProgramFailedToComplete""]}",440,28201,708,6363,500,50,7976,650,100
whir_t128_johnson_full,raw_fibers,minimal_subtree,128.0,whir_johnson_full,78,50|28,1,9896,640,16,32768,1,total_sbf,9,1420420,,simulation_error,"{""InstructionError"":[2,""ProgramFailedToComplete""]}",440,28201,708,6363,500,50,7976,650,100
whir_t128_johnson_full,raw_fibers,minimal_subtree,128.0,whir_johnson_full,78,50|28,1,9896,640,16,32768,1,phase_folding,0,6154,,simulation_error,"{""InstructionError"":[2,""ComputationalBudgetExceeded""]}",0,0,0,0,0,0,7976,650,100
whir_t128_johnson_full,raw_fibers,minimal_subtree,128.0,whir_johnson_full,78,50|28,1,9896,640,16,32768,1,phase_ood,0,9742,,simulation_error,"{""InstructionError"":[2,""ComputationalBudgetExceeded""]}",0,0,0,0,0,0,7976,650,100
whir_t128_johnson_full,raw_fibers,minimal_subtree,128.0,whir_johnson_full,78,50|28,1,9896,640,16,32768,1,phase_parse,0,1482,,simulation_error,"{""InstructionError"":[2,""ComputationalBudgetExceeded""]}",0,0,0,0,0,0,7976,650,100
whir_t128_johnson_full,raw_fibers,minimal_subtree,128.0,whir_johnson_full,78,50|28,1,9896,640,16,32768,1,phase_transcript_setup,0,11670,,simulation_error,"{""InstructionError"":[2,""ComputationalBudgetExceeded""]}",0,0,0,0,0,0,7976,650,100
whir_t128_johnson_full,raw_fibers,minimal_subtree,128.0,whir_johnson_full,78,50|28,1,9896,640,16,32768,1,phase_folding,1,6154,,simulation_error,"{""InstructionError"":[2,""ComputationalBudgetExceeded""]}",0,0,0,0,0,0,7976,650,100
whir_t128_johnson_full,raw_fibers,minimal_subtree,128.0,whir_johnson_full,78,50|28,1,9896,640,16,32768,1,phase_ood,1,9742,,simulation_error,"{""InstructionError"":[2,""ComputationalBudgetExceeded""]}",0,0,0,0,0,0,7976,650,100
whir_t128_johnson_full,raw_fibers,minimal_subtree,128.0,whir_johnson_full,78,50|28,1,9896,640,16,32768,1,phase_parse,1,1482,,simulation_error,"{""InstructionError"":[2,""ComputationalBudgetExceeded""]}",0,0,0,0,0,0,7976,650,100
whir_t128_johnson_full,raw_fibers,minimal_subtree,128.0,whir_johnson_full,78,50|28,1,9896,640,16,32768,1,phase_transcript_setup,1,11670,,simulation_error,"{""InstructionError"":[2,""ComputationalBudgetExceeded""]}",0,0,0,0,0,0,7976,650,100
whir_t128_johnson_full,raw_fibers,minimal_subtree,128.0,whir_johnson_full,78,50|28,1,9896,640,16,32768,1,phase_folding,2,6154,,simulation_error,"{""InstructionError"":[2,""ComputationalBudgetExceeded""]}",0,0,0,0,0,0,7976,650,100
whir_t128_johnson_full,raw_fibers,minimal_subtree,128.0,whir_johnson_full,78,50|28,1,9896,640,16,32768,1,phase_ood,2,9742,,simulation_error,"{""InstructionError"":[2,""ComputationalBudgetExceeded""]}",0,0,0,0,0,0,7976,650,100
whir_t128_johnson_full,raw_fibers,minimal_subtree,128.0,whir_johnson_full,78,50|28,1,9896,640,16,32768,1,phase_parse,2,1482,,simulation_error,"{""InstructionError"":[2,""ComputationalBudgetExceeded""]}",0,0,0,0,0,0,7976,650,100
whir_t128_johnson_full,raw_fibers,minimal_subtree,128.0,whir_johnson_full,78,50|28,1,9896,640,16,32768,1,phase_transcript_setup,2,11670,,simulation_error,"{""InstructionError"":[2,""ComputationalBudgetExceeded""]}",0,0,0,0,0,0,7976,650,100
whir_t128_johnson_full,raw_fibers,minimal_subtree,128.0,whir_johnson_full,78,50|28,1,9896,640,16,32768,1,phase_folding,3,6154,,simulation_error,"{""InstructionError"":[2,""ComputationalBudgetExceeded""]}",0,0,0,0,0,0,7976,650,100
whir_t128_johnson_full,raw_fibers,minimal_subtree,128.0,whir_johnson_full,78,50|28,1,9896,640,16,32768,1,phase_ood,3,9742,,simulation_error,"{""InstructionError"":[2,""ComputationalBudgetExceeded""]}",0,0,0,0,0,0,7976,650,100
whir_t128_johnson_full,raw_fibers,minimal_subtree,128.0,whir_johnson_full,78,50|28,1,9896,640,16,32768,1,phase_parse,3,1482,,simulation_error,"{""InstructionError"":[2,""ComputationalBudgetExceeded""]}",0,0,0,0,0,0,7976,650,100
whir_t128_johnson_full,raw_fibers,minimal_subtree,128.0,whir_johnson_full,78,50|28,1,9896,640,16,32768,1,phase_transcript_setup,3,11670,,simulation_error,"{""InstructionError"":[2,""ComputationalBudgetExceeded""]}",0,0,0,0,0,0,7976,650,100
whir_t128_johnson_full,raw_fibers,minimal_subtree,128.0,whir_johnson_full,78,50|28,1,9896,640,16,32768,1,phase_folding,4,6154,,simulation_error,"{""InstructionError"":[2,""ComputationalBudgetExceeded""]}",0,0,0,0,0,0,7976,650,100
whir_t128_johnson_full,raw_fibers,minimal_subtree,128.0,whir_johnson_full,78,50|28,1,9896,640,16,32768,1,phase_ood,4,9742,,simulation_error,"{""InstructionError"":[2,""ComputationalBudgetExceeded""]}",0,0,0,0,0,0,7976,650,100
whir_t128_johnson_full,raw_fibers,minimal_subtree,128.0,whir_johnson_full,78,50|28,1,9896,640,16,32768,1,phase_parse,4,1482,,simulation_error,"{""InstructionError"":[2,""ComputationalBudgetExceeded""]}",0,0,0,0,0,0,7976,650,100
whir_t128_johnson_full,raw_fibers,minimal_subtree,128.0,whir_johnson_full,78,50|28,1,9896,640,16,32768,1,phase_transcript_setup,4,11670,,simulation_error,"{""InstructionError"":[2,""ComputationalBudgetExceeded""]}",0,0,0,0,0,0,7976,650,100
whir_t128_johnson_full,raw_fibers,minimal_subtree,128.0,whir_johnson_full,78,50|28,1,9896,640,16,32768,1,phase_folding,5,6154,,simulation_error,"{""InstructionError"":[2,""ComputationalBudgetExceeded""]}",0,0,0,0,0,0,7976,650,100
whir_t128_johnson_full,raw_fibers,minimal_subtree,128.0,whir_johnson_full,78,50|28,1,9896,640,16,32768,1,phase_ood,5,9742,,simulation_error,"{""InstructionError"":[2,""ComputationalBudgetExceeded""]}",0,0,0,0,0,0,7976,650,100
whir_t128_johnson_full,raw_fibers,minimal_subtree,128.0,whir_johnson_full,78,50|28,1,9896,640,16,32768,1,phase_parse,5,1482,,simulation_error,"{""InstructionError"":[2,""ComputationalBudgetExceeded""]}",0,0,0,0,0,0,7976,650,100
whir_t128_johnson_full,raw_fibers,minimal_subtree,128.0,whir_johnson_full,78,50|28,1,9896,640,16,32768,1,phase_transcript_setup,5,11670,,simulation_error,"{""InstructionError"":[2,""ComputationalBudgetExceeded""]}",0,0,0,0,0,0,7976,650,100
whir_t128_johnson_full,raw_fibers,minimal_subtree,128.0,whir_johnson_full,78,50|28,1,9896,640,16,32768,1,phase_folding,6,6154,,simulation_error,"{""InstructionError"":[2,""ComputationalBudgetExceeded""]}",0,0,0,0,0,0,7976,650,100
whir_t128_johnson_full,raw_fibers,minimal_subtree,128.0,whir_johnson_full,78,50|28,1,9896,640,16,32768,1,phase_ood,6,9742,,simulation_error,"{""InstructionError"":[2,""ComputationalBudgetExceeded""]}",0,0,0,0,0,0,7976,650,100
whir_t128_johnson_full,raw_fibers,minimal_subtree,128.0,whir_johnson_full,78,50|28,1,9896,640,16,32768,1,phase_parse,6,1482,,simulation_error,"{""InstructionError"":[2,""ComputationalBudgetExceeded""]}",0,0,0,0,0,0,7976,650,100
whir_t128_johnson_full,raw_fibers,minimal_subtree,128.0,whir_johnson_full,78,50|28,1,9896,640,16,32768,1,phase_transcript_setup,6,11670,,simulation_error,"{""InstructionError"":[2,""ComputationalBudgetExceeded""]}",0,0,0,0,0,0,7976,650,100
whir_t128_johnson_full,raw_fibers,minimal_subtree,128.0,whir_johnson_full,78,50|28,1,9896,640,16,32768,1,phase_folding,7,6154,,simulation_error,"{""InstructionError"":[2,""ComputationalBudgetExceeded""]}",0,0,0,0,0,0,7976,650,100
whir_t128_johnson_full,raw_fibers,minimal_subtree,128.0,whir_johnson_full,78,50|28,1,9896,640,16,32768,1,phase_ood,7,9742,,simulation_error,"{""InstructionError"":[2,""ComputationalBudgetExceeded""]}",0,0,0,0,0,0,7976,650,100
whir_t128_johnson_full,raw_fibers,minimal_subtree,128.0,whir_johnson_full,78,50|28,1,9896,640,16,32768,1,phase_parse,7,1482,,simulation_error,"{""InstructionError"":[2,""ComputationalBudgetExceeded""]}",0,0,0,0,0,0,7976,650,100
whir_t128_johnson_full,raw_fibers,minimal_subtree,128.0,whir_johnson_full,78,50|28,1,9896,640,16,32768,1,phase_transcript_setup,7,11670,,simulation_error,"{""InstructionError"":[2,""ComputationalBudgetExceeded""]}",0,0,0,0,0,0,7976,650,100
whir_t128_johnson_full,raw_fibers,minimal_subtree,128.0,whir_johnson_full,78,50|28,1,9896,640,16,32768,1,phase_folding,8,6154,,simulation_error,"{""InstructionError"":[2,""ComputationalBudgetExceeded""]}",0,0,0,0,0,0,7976,650,100
whir_t128_johnson_full,raw_fibers,minimal_subtree,128.0,whir_johnson_full,78,50|28,1,9896,640,16,32768,1,phase_ood,8,9742,,simulation_error,"{""InstructionError"":[2,""ComputationalBudgetExceeded""]}",0,0,0,0,0,0,7976,650,100
whir_t128_johnson_full,raw_fibers,minimal_subtree,128.0,whir_johnson_full,78,50|28,1,9896,640,16,32768,1,phase_parse,8,1482,,simulation_error,"{""InstructionError"":[2,""ComputationalBudgetExceeded""]}",0,0,0,0,0,0,7976,650,100
whir_t128_johnson_full,raw_fibers,minimal_subtree,128.0,whir_johnson_full,78,50|28,1,9896,640,16,32768,1,phase_transcript_setup,8,11670,,simulation_error,"{""InstructionError"":[2,""ComputationalBudgetExceeded""]}",0,0,0,0,0,0,7976,650,100
whir_t128_johnson_full,raw_fibers,minimal_subtree,128.0,whir_johnson_full,78,50|28,1,9896,640,16,32768,1,phase_folding,9,6154,,simulation_error,"{""InstructionError"":[2,""ComputationalBudgetExceeded""]}",0,0,0,0,0,0,7976,650,100
whir_t128_johnson_full,raw_fibers,minimal_subtree,128.0,whir_johnson_full,78,50|28,1,9896,640,16,32768,1,phase_ood,9,9742,,simulation_error,"{""InstructionError"":[2,""ComputationalBudgetExceeded""]}",0,0,0,0,0,0,7976,650,100
whir_t128_johnson_full,raw_fibers,minimal_subtree,128.0,whir_johnson_full,78,50|28,1,9896,640,16,32768,1,phase_parse,9,1482,,simulation_error,"{""InstructionError"":[2,""ComputationalBudgetExceeded""]}",0,0,0,0,0,0,7976,650,100
whir_t128_johnson_full,raw_fibers,minimal_subtree,128.0,whir_johnson_full,78,50|28,1,9896,640,16,32768,1,phase_transcript_setup,9,11670,,simulation_error,"{""InstructionError"":[2,""ComputationalBudgetExceeded""]}",0,0,0,0,0,0,7976,650,100
whir_t128_johnson_full,local_interpolant,minimal_subtree,128.0,whir_johnson_full,78,50|28,1,9896,640,16,32768,1,host_verify,0,,14523083,ok,,440,28201,708,6563,500,50,8176,650,100
whir_t128_johnson_full,local_interpolant,minimal_subtree,128.0,whir_johnson_full,78,50|28,1,9896,640,16,0,0,upload_total,0,20420,,ok,,0,0,0,0,0,0,8176,650,100
whir_t128_johnson_full,local_interpolant,minimal_subtree,128.0,whir_johnson_full,78,50|28,1,9896,640,16,32768,1,verify_sbf,0,1400000,,simulation_error,"{""InstructionError"":[2,""ProgramFailedToComplete""]}",440,28201,708,6563,500,50,8176,650,100
whir_t128_johnson_full,local_interpolant,minimal_subtree,128.0,whir_johnson_full,78,50|28,1,9896,640,16,32768,1,total_sbf,0,1420420,,simulation_error,"{""InstructionError"":[2,""ProgramFailedToComplete""]}",440,28201,708,6563,500,50,8176,650,100
whir_t128_johnson_full,local_interpolant,minimal_subtree,128.0,whir_johnson_full,78,50|28,1,9896,640,16,32768,1,verify_sbf,1,1400000,,simulation_error,"{""InstructionError"":[2,""ProgramFailedToComplete""]}",440,28201,708,6563,500,50,8176,650,100
whir_t128_johnson_full,local_interpolant,minimal_subtree,128.0,whir_johnson_full,78,50|28,1,9896,640,16,32768,1,total_sbf,1,1420420,,simulation_error,"{""InstructionError"":[2,""ProgramFailedToComplete""]}",440,28201,708,6563,500,50,8176,650,100
whir_t128_johnson_full,local_interpolant,minimal_subtree,128.0,whir_johnson_full,78,50|28,1,9896,640,16,32768,1,verify_sbf,2,1400000,,simulation_error,"{""InstructionError"":[2,""ProgramFailedToComplete""]}",440,28201,708,6563,500,50,8176,650,100
whir_t128_johnson_full,local_interpolant,minimal_subtree,128.0,whir_johnson_full,78,50|28,1,9896,640,16,32768,1,total_sbf,2,1420420,,simulation_error,"{""InstructionError"":[2,""ProgramFailedToComplete""]}",440,28201,708,6563,500,50,8176,650,100
whir_t128_johnson_full,local_interpolant,minimal_subtree,128.0,whir_johnson_full,78,50|28,1,9896,640,16,32768,1,verify_sbf,3,1400000,,simulation_error,"{""InstructionError"":[2,""ProgramFailedToComplete""]}",440,28201,708,6563,500,50,8176,650,100
whir_t128_johnson_full,local_interpolant,minimal_subtree,128.0,whir_johnson_full,78,50|28,1,9896,640,16,32768,1,total_sbf,3,1420420,,simulation_error,"{""InstructionError"":[2,""ProgramFailedToComplete""]}",440,28201,708,6563,500,50,8176,650,100
whir_t128_johnson_full,local_interpolant,minimal_subtree,128.0,whir_johnson_full,78,50|28,1,9896,640,16,32768,1,verify_sbf,4,1400000,,simulation_error,"{""InstructionError"":[2,""ProgramFailedToComplete""]}",440,28201,708,6563,500,50,8176,650,100
whir_t128_johnson_full,local_interpolant,minimal_subtree,128.0,whir_johnson_full,78,50|28,1,9896,640,16,32768,1,total_sbf,4,1420420,,simulation_error,"{""InstructionError"":[2,""ProgramFailedToComplete""]}",440,28201,708,6563,500,50,8176,650,100
whir_t128_johnson_full,local_interpolant,minimal_subtree,128.0,whir_johnson_full,78,50|28,1,9896,640,16,32768,1,verify_sbf,5,1400000,,simulation_error,"{""InstructionError"":[2,""ProgramFailedToComplete""]}",440,28201,708,6563,500,50,8176,650,100
whir_t128_johnson_full,local_interpolant,minimal_subtree,128.0,whir_johnson_full,78,50|28,1,9896,640,16,32768,1,total_sbf,5,1420420,,simulation_error,"{""InstructionError"":[2,""ProgramFailedToComplete""]}",440,28201,708,6563,500,50,8176,650,100
whir_t128_johnson_full,local_interpolant,minimal_subtree,128.0,whir_johnson_full,78,50|28,1,9896,640,16,32768,1,verify_sbf,6,1400000,,simulation_error,"{""InstructionError"":[2,""ProgramFailedToComplete""]}",440,28201,708,6563,500,50,8176,650,100
whir_t128_johnson_full,local_interpolant,minimal_subtree,128.0,whir_johnson_full,78,50|28,1,9896,640,16,32768,1,total_sbf,6,1420420,,simulation_error,"{""InstructionError"":[2,""ProgramFailedToComplete""]}",440,28201,708,6563,500,50,8176,650,100
whir_t128_johnson_full,local_interpolant,minimal_subtree,128.0,whir_johnson_full,78,50|28,1,9896,640,16,32768,1,verify_sbf,7,1400000,,simulation_error,"{""InstructionError"":[2,""ProgramFailedToComplete""]}",440,28201,708,6563,500,50,8176,650,100
whir_t128_johnson_full,local_interpolant,minimal_subtree,128.0,whir_johnson_full,78,50|28,1,9896,640,16,32768,1,total_sbf,7,1420420,,simulation_error,"{""InstructionError"":[2,""ProgramFailedToComplete""]}",440,28201,708,6563,500,50,8176,650,100
whir_t128_johnson_full,local_interpolant,minimal_subtree,128.0,whir_johnson_full,78,50|28,1,9896,640,16,32768,1,verify_sbf,8,1400000,,simulation_error,"{""InstructionError"":[2,""ProgramFailedToComplete""]}",440,28201,708,6563,500,50,8176,650,100
whir_t128_johnson_full,local_interpolant,minimal_subtree,128.0,whir_johnson_full,78,50|28,1,9896,640,16,32768,1,total_sbf,8,1420420,,simulation_error,"{""InstructionError"":[2,""ProgramFailedToComplete""]}",440,28201,708,6563,500,50,8176,650,100
whir_t128_johnson_full,local_interpolant,minimal_subtree,128.0,whir_johnson_full,78,50|28,1,9896,640,16,32768,1,verify_sbf,9,1400000,,simulation_error,"{""InstructionError"":[2,""ProgramFailedToComplete""]}",440,28201,708,6563,500,50,8176,650,100
whir_t128_johnson_full,local_interpolant,minimal_subtree,128.0,whir_johnson_full,78,50|28,1,9896,640,16,32768,1,total_sbf,9,1420420,,simulation_error,"{""InstructionError"":[2,""ProgramFailedToComplete""]}",440,28201,708,6563,500,50,8176,650,100
whir_t128_johnson_full,local_interpolant,minimal_subtree,128.0,whir_johnson_full,78,50|28,1,9896,640,16,32768,1,phase_folding,0,6154,,simulation_error,"{""InstructionError"":[2,""ProgramFailedToComplete""]}",0,0,0,0,0,0,8176,650,100
whir_t128_johnson_full,local_interpolant,minimal_subtree,128.0,whir_johnson_full,78,50|28,1,9896,640,16,32768,1,phase_ood,0,9744,,simulation_error,"{""InstructionError"":[2,""ProgramFailedToComplete""]}",0,0,0,0,0,0,8176,650,100
whir_t128_johnson_full,local_interpolant,minimal_subtree,128.0,whir_johnson_full,78,50|28,1,9896,640,16,32768,1,phase_parse,0,1484,,simulation_error,"{""InstructionError"":[2,""ProgramFailedToComplete""]}",0,0,0,0,0,0,8176,650,100
whir_t128_johnson_full,local_interpolant,minimal_subtree,128.0,whir_johnson_full,78,50|28,1,9896,640,16,32768,1,phase_transcript_setup,0,11670,,simulation_error,"{""InstructionError"":[2,""ProgramFailedToComplete""]}",0,0,0,0,0,0,8176,650,100
whir_t128_johnson_full,local_interpolant,minimal_subtree,128.0,whir_johnson_full,78,50|28,1,9896,640,16,32768,1,phase_folding,1,6154,,simulation_error,"{""InstructionError"":[2,""ProgramFailedToComplete""]}",0,0,0,0,0,0,8176,650,100
whir_t128_johnson_full,local_interpolant,minimal_subtree,128.0,whir_johnson_full,78,50|28,1,9896,640,16,32768,1,phase_ood,1,9744,,simulation_error,"{""InstructionError"":[2,""ProgramFailedToComplete""]}",0,0,0,0,0,0,8176,650,100
whir_t128_johnson_full,local_interpolant,minimal_subtree,128.0,whir_johnson_full,78,50|28,1,9896,640,16,32768,1,phase_parse,1,1484,,simulation_error,"{""InstructionError"":[2,""ProgramFailedToComplete""]}",0,0,0,0,0,0,8176,650,100
whir_t128_johnson_full,local_interpolant,minimal_subtree,128.0,whir_johnson_full,78,50|28,1,9896,640,16,32768,1,phase_transcript_setup,1,11670,,simulation_error,"{""InstructionError"":[2,""ProgramFailedToComplete""]}",0,0,0,0,0,0,8176,650,100
whir_t128_johnson_full,local_interpolant,minimal_subtree,128.0,whir_johnson_full,78,50|28,1,9896,640,16,32768,1,phase_folding,2,6154,,simulation_error,"{""InstructionError"":[2,""ProgramFailedToComplete""]}",0,0,0,0,0,0,8176,650,100
whir_t128_johnson_full,local_interpolant,minimal_subtree,128.0,whir_johnson_full,78,50|28,1,9896,640,16,32768,1,phase_ood,2,9744,,simulation_error,"{""InstructionError"":[2,""ProgramFailedToComplete""]}",0,0,0,0,0,0,8176,650,100
whir_t128_johnson_full,local_interpolant,minimal_subtree,128.0,whir_johnson_full,78,50|28,1,9896,640,16,32768,1,phase_parse,2,1484,,simulation_error,"{""InstructionError"":[2,""ProgramFailedToComplete""]}",0,0,0,0,0,0,8176,650,100
whir_t128_johnson_full,local_interpolant,minimal_subtree,128.0,whir_johnson_full,78,50|28,1,9896,640,16,32768,1,phase_transcript_setup,2,11670,,simulation_error,"{""InstructionError"":[2,""ProgramFailedToComplete""]}",0,0,0,0,0,0,8176,650,100
whir_t128_johnson_full,local_interpolant,minimal_subtree,128.0,whir_johnson_full,78,50|28,1,9896,640,16,32768,1,phase_folding,3,6154,,simulation_error,"{""InstructionError"":[2,""ProgramFailedToComplete""]}",0,0,0,0,0,0,8176,650,100
whir_t128_johnson_full,local_interpolant,minimal_subtree,128.0,whir_johnson_full,78,50|28,1,9896,640,16,32768,1,phase_ood,3,9744,,simulation_error,"{""InstructionError"":[2,""ProgramFailedToComplete""]}",0,0,0,0,0,0,8176,650,100
whir_t128_johnson_full,local_interpolant,minimal_subtree,128.0,whir_johnson_full,78,50|28,1,9896,640,16,32768,1,phase_parse,3,1484,,simulation_error,"{""InstructionError"":[2,""ProgramFailedToComplete""]}",0,0,0,0,0,0,8176,650,100
whir_t128_johnson_full,local_interpolant,minimal_subtree,128.0,whir_johnson_full,78,50|28,1,9896,640,16,32768,1,phase_transcript_setup,3,11670,,simulation_error,"{""InstructionError"":[2,""ProgramFailedToComplete""]}",0,0,0,0,0,0,8176,650,100
whir_t128_johnson_full,local_interpolant,minimal_subtree,128.0,whir_johnson_full,78,50|28,1,9896,640,16,32768,1,phase_folding,4,6154,,simulation_error,"{""InstructionError"":[2,""ProgramFailedToComplete""]}",0,0,0,0,0,0,8176,650,100
whir_t128_johnson_full,local_interpolant,minimal_subtree,128.0,whir_johnson_full,78,50|28,1,9896,640,16,32768,1,phase_ood,4,9744,,simulation_error,"{""InstructionError"":[2,""ProgramFailedToComplete""]}",0,0,0,0,0,0,8176,650,100
whir_t128_johnson_full,local_interpolant,minimal_subtree,128.0,whir_johnson_full,78,50|28,1,9896,640,16,32768,1,phase_parse,4,1484,,simulation_error,"{""InstructionError"":[2,""ProgramFailedToComplete""]}",0,0,0,0,0,0,8176,650,100
whir_t128_johnson_full,local_interpolant,minimal_subtree,128.0,whir_johnson_full,78,50|28,1,9896,640,16,32768,1,phase_transcript_setup,4,11670,,simulation_error,"{""InstructionError"":[2,""ProgramFailedToComplete""]}",0,0,0,0,0,0,8176,650,100
whir_t128_johnson_full,local_interpolant,minimal_subtree,128.0,whir_johnson_full,78,50|28,1,9896,640,16,32768,1,phase_folding,5,6154,,simulation_error,"{""InstructionError"":[2,""ProgramFailedToComplete""]}",0,0,0,0,0,0,8176,650,100
whir_t128_johnson_full,local_interpolant,minimal_subtree,128.0,whir_johnson_full,78,50|28,1,9896,640,16,32768,1,phase_ood,5,9744,,simulation_error,"{""InstructionError"":[2,""ProgramFailedToComplete""]}",0,0,0,0,0,0,8176,650,100
whir_t128_johnson_full,local_interpolant,minimal_subtree,128.0,whir_johnson_full,78,50|28,1,9896,640,16,32768,1,phase_parse,5,1484,,simulation_error,"{""InstructionError"":[2,""ProgramFailedToComplete""]}",0,0,0,0,0,0,8176,650,100
whir_t128_johnson_full,local_interpolant,minimal_subtree,128.0,whir_johnson_full,78,50|28,1,9896,640,16,32768,1,phase_transcript_setup,5,11670,,simulation_error,"{""InstructionError"":[2,""ProgramFailedToComplete""]}",0,0,0,0,0,0,8176,650,100
whir_t128_johnson_full,local_interpolant,minimal_subtree,128.0,whir_johnson_full,78,50|28,1,9896,640,16,32768,1,phase_folding,6,6154,,simulation_error,"{""InstructionError"":[2,""ProgramFailedToComplete""]}",0,0,0,0,0,0,8176,650,100
whir_t128_johnson_full,local_interpolant,minimal_subtree,128.0,whir_johnson_full,78,50|28,1,9896,640,16,32768,1,phase_ood,6,9744,,simulation_error,"{""InstructionError"":[2,""ProgramFailedToComplete""]}",0,0,0,0,0,0,8176,650,100
whir_t128_johnson_full,local_interpolant,minimal_subtree,128.0,whir_johnson_full,78,50|28,1,9896,640,16,32768,1,phase_parse,6,1484,,simulation_error,"{""InstructionError"":[2,""ProgramFailedToComplete""]}",0,0,0,0,0,0,8176,650,100
whir_t128_johnson_full,local_interpolant,minimal_subtree,128.0,whir_johnson_full,78,50|28,1,9896,640,16,32768,1,phase_transcript_setup,6,11670,,simulation_error,"{""InstructionError"":[2,""ProgramFailedToComplete""]}",0,0,0,0,0,0,8176,650,100
whir_t128_johnson_full,local_interpolant,minimal_subtree,128.0,whir_johnson_full,78,50|28,1,9896,640,16,32768,1,phase_folding,7,6154,,simulation_error,"{""InstructionError"":[2,""ProgramFailedToComplete""]}",0,0,0,0,0,0,8176,650,100
whir_t128_johnson_full,local_interpolant,minimal_subtree,128.0,whir_johnson_full,78,50|28,1,9896,640,16,32768,1,phase_ood,7,9744,,simulation_error,"{""InstructionError"":[2,""ProgramFailedToComplete""]}",0,0,0,0,0,0,8176,650,100
whir_t128_johnson_full,local_interpolant,minimal_subtree,128.0,whir_johnson_full,78,50|28,1,9896,640,16,32768,1,phase_parse,7,1484,,simulation_error,"{""InstructionError"":[2,""ProgramFailedToComplete""]}",0,0,0,0,0,0,8176,650,100
whir_t128_johnson_full,local_interpolant,minimal_subtree,128.0,whir_johnson_full,78,50|28,1,9896,640,16,32768,1,phase_transcript_setup,7,11670,,simulation_error,"{""InstructionError"":[2,""ProgramFailedToComplete""]}",0,0,0,0,0,0,8176,650,100
whir_t128_johnson_full,local_interpolant,minimal_subtree,128.0,whir_johnson_full,78,50|28,1,9896,640,16,32768,1,phase_folding,8,6154,,simulation_error,"{""InstructionError"":[2,""ProgramFailedToComplete""]}",0,0,0,0,0,0,8176,650,100
whir_t128_johnson_full,local_interpolant,minimal_subtree,128.0,whir_johnson_full,78,50|28,1,9896,640,16,32768,1,phase_ood,8,9744,,simulation_error,"{""InstructionError"":[2,""ProgramFailedToComplete""]}",0,0,0,0,0,0,8176,650,100
whir_t128_johnson_full,local_interpolant,minimal_subtree,128.0,whir_johnson_full,78,50|28,1,9896,640,16,32768,1,phase_parse,8,1484,,simulation_error,"{""InstructionError"":[2,""ProgramFailedToComplete""]}",0,0,0,0,0,0,8176,650,100
whir_t128_johnson_full,local_interpolant,minimal_subtree,128.0,whir_johnson_full,78,50|28,1,9896,640,16,32768,1,phase_transcript_setup,8,11670,,simulation_error,"{""InstructionError"":[2,""ProgramFailedToComplete""]}",0,0,0,0,0,0,8176,650,100
whir_t128_johnson_full,local_interpolant,minimal_subtree,128.0,whir_johnson_full,78,50|28,1,9896,640,16,32768,1,phase_folding,9,6154,,simulation_error,"{""InstructionError"":[2,""ProgramFailedToComplete""]}",0,0,0,0,0,0,8176,650,100
whir_t128_johnson_full,local_interpolant,minimal_subtree,128.0,whir_johnson_full,78,50|28,1,9896,640,16,32768,1,phase_ood,9,9744,,simulation_error,"{""InstructionError"":[2,""ProgramFailedToComplete""]}",0,0,0,0,0,0,8176,650,100
whir_t128_johnson_full,local_interpolant,minimal_subtree,128.0,whir_johnson_full,78,50|28,1,9896,640,16,32768,1,phase_parse,9,1484,,simulation_error,"{""InstructionError"":[2,""ProgramFailedToComplete""]}",0,0,0,0,0,0,8176,650,100
whir_t128_johnson_full,local_interpolant,minimal_subtree,128.0,whir_johnson_full,78,50|28,1,9896,640,16,32768,1,phase_transcript_setup,9,11670,,simulation_error,"{""InstructionError"":[2,""ProgramFailedToComplete""]}",0,0,0,0,0,0,8176,650,100
