scenario_name,merkle_proof_mode,security_target_bits,soundness_assumption,total_explicit_query_count,round_query_counts,commitment_ood_samples,proof_bytes,upload_chunk_size,upload_chunks,heap_frame_bytes_requested,heap_pages_32k,stage,repetition,actual_cu,elapsed_ns,status,error,sha_calls,sha_bytes,merkle_levels,m31_mul_ops,cm31_mul_ops,qm31_mul_ops,field_mul_projection,extension_mul_projection,field_inv_projection
whir_t100_capacity_full,separate_paths,100.0,whir_capacity_full,28,18|10,2,12356,640,20,32768,1,host_verify,0,,6896292,ok,,464,30272,254,2385,180,18,2974,234,36
whir_t100_capacity_full,separate_paths,100.0,whir_capacity_full,28,18|10,2,12356,640,20,0,0,upload_total,0,26438,,ok,,0,0,0,0,0,0,2974,234,36
whir_t100_capacity_full,separate_paths,100.0,whir_capacity_full,28,18|10,2,12356,640,20,32768,1,verify_sbf,0,738124,,ok,,464,30272,254,2385,180,18,2974,234,36
whir_t100_capacity_full,separate_paths,100.0,whir_capacity_full,28,18|10,2,12356,640,20,32768,1,total_sbf,0,764562,,ok,,464,30272,254,2385,180,18,2974,234,36
whir_t100_capacity_full,separate_paths,100.0,whir_capacity_full,28,18|10,2,12356,640,20,32768,1,verify_sbf,1,738124,,ok,,464,30272,254,2385,180,18,2974,234,36
whir_t100_capacity_full,separate_paths,100.0,whir_capacity_full,28,18|10,2,12356,640,20,32768,1,total_sbf,1,764562,,ok,,464,30272,254,2385,180,18,2974,234,36
whir_t100_capacity_full,separate_paths,100.0,whir_capacity_full,28,18|10,2,12356,640,20,32768,1,verify_sbf,2,738124,,ok,,464,30272,254,2385,180,18,2974,234,36
whir_t100_capacity_full,separate_paths,100.0,whir_capacity_full,28,18|10,2,12356,640,20,32768,1,total_sbf,2,764562,,ok,,464,30272,254,2385,180,18,2974,234,36
whir_t100_capacity_full,separate_paths,100.0,whir_capacity_full,28,18|10,2,12356,640,20,32768,1,verify_sbf,3,738124,,ok,,464,30272,254,2385,180,18,2974,234,36
whir_t100_capacity_full,separate_paths,100.0,whir_capacity_full,28,18|10,2,12356,640,20,32768,1,total_sbf,3,764562,,ok,,464,30272,254,2385,180,18,2974,234,36
whir_t100_capacity_full,separate_paths,100.0,whir_capacity_full,28,18|10,2,12356,640,20,32768,1,verify_sbf,4,738124,,ok,,464,30272,254,2385,180,18,2974,234,36
whir_t100_capacity_full,separate_paths,100.0,whir_capacity_full,28,18|10,2,12356,640,20,32768,1,total_sbf,4,764562,,ok,,464,30272,254,2385,180,18,2974,234,36
whir_t100_capacity_full,separate_paths,100.0,whir_capacity_full,28,18|10,2,12356,640,20,32768,1,verify_sbf,5,738124,,ok,,464,30272,254,2385,180,18,2974,234,36
whir_t100_capacity_full,separate_paths,100.0,whir_capacity_full,28,18|10,2,12356,640,20,32768,1,total_sbf,5,764562,,ok,,464,30272,254,2385,180,18,2974,234,36
whir_t100_capacity_full,separate_paths,100.0,whir_capacity_full,28,18|10,2,12356,640,20,32768,1,verify_sbf,6,738124,,ok,,464,30272,254,2385,180,18,2974,234,36
whir_t100_capacity_full,separate_paths,100.0,whir_capacity_full,28,18|10,2,12356,640,20,32768,1,total_sbf,6,764562,,ok,,464,30272,254,2385,180,18,2974,234,36
whir_t100_capacity_full,separate_paths,100.0,whir_capacity_full,28,18|10,2,12356,640,20,32768,1,verify_sbf,7,738124,,ok,,464,30272,254,2385,180,18,2974,234,36
whir_t100_capacity_full,separate_paths,100.0,whir_capacity_full,28,18|10,2,12356,640,20,32768,1,total_sbf,7,764562,,ok,,464,30272,254,2385,180,18,2974,234,36
whir_t100_capacity_full,separate_paths,100.0,whir_capacity_full,28,18|10,2,12356,640,20,32768,1,verify_sbf,8,738124,,ok,,464,30272,254,2385,180,18,2974,234,36
whir_t100_capacity_full,separate_paths,100.0,whir_capacity_full,28,18|10,2,12356,640,20,32768,1,total_sbf,8,764562,,ok,,464,30272,254,2385,180,18,2974,234,36
whir_t100_capacity_full,separate_paths,100.0,whir_capacity_full,28,18|10,2,12356,640,20,32768,1,verify_sbf,9,738124,,ok,,464,30272,254,2385,180,18,2974,234,36
whir_t100_capacity_full,separate_paths,100.0,whir_capacity_full,28,18|10,2,12356,640,20,32768,1,total_sbf,9,764562,,ok,,464,30272,254,2385,180,18,2974,234,36
whir_t100_capacity_full,separate_paths,100.0,whir_capacity_full,28,18|10,2,12356,640,20,32768,1,phase_final_round,0,59068,,ok,,0,0,0,0,0,0,2974,234,36
whir_t100_capacity_full,separate_paths,100.0,whir_capacity_full,28,18|10,2,12356,640,20,32768,1,phase_folding,0,8269,,ok,,0,0,0,0,0,0,2974,234,36
whir_t100_capacity_full,separate_paths,100.0,whir_capacity_full,28,18|10,2,12356,640,20,32768,1,phase_ood,0,12145,,ok,,0,0,0,0,0,0,2974,234,36
whir_t100_capacity_full,separate_paths,100.0,whir_capacity_full,28,18|10,2,12356,640,20,32768,1,phase_parse,0,1486,,ok,,0,0,0,0,0,0,2974,234,36
whir_t100_capacity_full,separate_paths,100.0,whir_capacity_full,28,18|10,2,12356,640,20,32768,1,phase_per_round_queries,0,620944,,ok,,0,0,0,0,0,0,2974,234,36
whir_t100_capacity_full,separate_paths,100.0,whir_capacity_full,28,18|10,2,12356,640,20,32768,1,phase_transcript_setup,0,38632,,ok,,0,0,0,0,0,0,2974,234,36
whir_t100_capacity_full,separate_paths,100.0,whir_capacity_full,28,18|10,2,12356,640,20,32768,1,phase_final_round,1,59068,,ok,,0,0,0,0,0,0,2974,234,36
whir_t100_capacity_full,separate_paths,100.0,whir_capacity_full,28,18|10,2,12356,640,20,32768,1,phase_folding,1,8269,,ok,,0,0,0,0,0,0,2974,234,36
whir_t100_capacity_full,separate_paths,100.0,whir_capacity_full,28,18|10,2,12356,640,20,32768,1,phase_ood,1,12145,,ok,,0,0,0,0,0,0,2974,234,36
whir_t100_capacity_full,separate_paths,100.0,whir_capacity_full,28,18|10,2,12356,640,20,32768,1,phase_parse,1,1486,,ok,,0,0,0,0,0,0,2974,234,36
whir_t100_capacity_full,separate_paths,100.0,whir_capacity_full,28,18|10,2,12356,640,20,32768,1,phase_per_round_queries,1,620944,,ok,,0,0,0,0,0,0,2974,234,36
whir_t100_capacity_full,separate_paths,100.0,whir_capacity_full,28,18|10,2,12356,640,20,32768,1,phase_transcript_setup,1,38632,,ok,,0,0,0,0,0,0,2974,234,36
whir_t100_capacity_full,separate_paths,100.0,whir_capacity_full,28,18|10,2,12356,640,20,32768,1,phase_final_round,2,59068,,ok,,0,0,0,0,0,0,2974,234,36
whir_t100_capacity_full,separate_paths,100.0,whir_capacity_full,28,18|10,2,12356,640,20,32768,1,phase_folding,2,8269,,ok,,0,0,0,0,0,0,2974,234,36
whir_t100_capacity_full,separate_paths,100.0,whir_capacity_full,28,18|10,2,12356,640,20,32768,1,phase_ood,2,12145,,ok,,0,0,0,0,0,0,2974,234,36
whir_t100_capacity_full,separate_paths,100.0,whir_capacity_full,28,18|10,2,12356,640,20,32768,1,phase_parse,2,1486,,ok,,0,0,0,0,0,0,2974,234,36
whir_t100_capacity_full,separate_paths,100.0,whir_capacity_full,28,18|10,2,12356,640,20,32768,1,phase_per_round_queries,2,620944,,ok,,0,0,0,0,0,0,2974,234,36
whir_t100_capacity_full,separate_paths,100.0,whir_capacity_full,28,18|10,2,12356,640,20,32768,1,phase_transcript_setup,2,38632,,ok,,0,0,0,0,0,0,2974,234,36
whir_t100_capacity_full,separate_paths,100.0,whir_capacity_full,28,18|10,2,12356,640,20,32768,1,phase_final_round,3,59068,,ok,,0,0,0,0,0,0,2974,234,36
whir_t100_capacity_full,separate_paths,100.0,whir_capacity_full,28,18|10,2,12356,640,20,32768,1,phase_folding,3,8269,,ok,,0,0,0,0,0,0,2974,234,36
whir_t100_capacity_full,separate_paths,100.0,whir_capacity_full,28,18|10,2,12356,640,20,32768,1,phase_ood,3,12145,,ok,,0,0,0,0,0,0,2974,234,36
whir_t100_capacity_full,separate_paths,100.0,whir_capacity_full,28,18|10,2,12356,640,20,32768,1,phase_parse,3,1486,,ok,,0,0,0,0,0,0,2974,234,36
whir_t100_capacity_full,separate_paths,100.0,whir_capacity_full,28,18|10,2,12356,640,20,32768,1,phase_per_round_queries,3,620944,,ok,,0,0,0,0,0,0,2974,234,36
whir_t100_capacity_full,separate_paths,100.0,whir_capacity_full,28,18|10,2,12356,640,20,32768,1,phase_transcript_setup,3,38632,,ok,,0,0,0,0,0,0,2974,234,36
whir_t100_capacity_full,separate_paths,100.0,whir_capacity_full,28,18|10,2,12356,640,20,32768,1,phase_final_round,4,59068,,ok,,0,0,0,0,0,0,2974,234,36
whir_t100_capacity_full,separate_paths,100.0,whir_capacity_full,28,18|10,2,12356,640,20,32768,1,phase_folding,4,8269,,ok,,0,0,0,0,0,0,2974,234,36
whir_t100_capacity_full,separate_paths,100.0,whir_capacity_full,28,18|10,2,12356,640,20,32768,1,phase_ood,4,12145,,ok,,0,0,0,0,0,0,2974,234,36
whir_t100_capacity_full,separate_paths,100.0,whir_capacity_full,28,18|10,2,12356,640,20,32768,1,phase_parse,4,1486,,ok,,0,0,0,0,0,0,2974,234,36
whir_t100_capacity_full,separate_paths,100.0,whir_capacity_full,28,18|10,2,12356,640,20,32768,1,phase_per_round_queries,4,620944,,ok,,0,0,0,0,0,0,2974,234,36
whir_t100_capacity_full,separate_paths,100.0,whir_capacity_full,28,18|10,2,12356,640,20,32768,1,phase_transcript_setup,4,38632,,ok,,0,0,0,0,0,0,2974,234,36
whir_t100_capacity_full,separate_paths,100.0,whir_capacity_full,28,18|10,2,12356,640,20,32768,1,phase_final_round,5,59068,,ok,,0,0,0,0,0,0,2974,234,36
whir_t100_capacity_full,separate_paths,100.0,whir_capacity_full,28,18|10,2,12356,640,20,32768,1,phase_folding,5,8269,,ok,,0,0,0,0,0,0,2974,234,36
whir_t100_capacity_full,separate_paths,100.0,whir_capacity_full,28,18|10,2,12356,640,20,32768,1,phase_ood,5,12145,,ok,,0,0,0,0,0,0,2974,234,36
whir_t100_capacity_full,separate_paths,100.0,whir_capacity_full,28,18|10,2,12356,640,20,32768,1,phase_parse,5,1486,,ok,,0,0,0,0,0,0,2974,234,36
whir_t100_capacity_full,separate_paths,100.0,whir_capacity_full,28,18|10,2,12356,640,20,32768,1,phase_per_round_queries,5,620944,,ok,,0,0,0,0,0,0,2974,234,36
whir_t100_capacity_full,separate_paths,100.0,whir_capacity_full,28,18|10,2,12356,640,20,32768,1,phase_transcript_setup,5,38632,,ok,,0,0,0,0,0,0,2974,234,36
whir_t100_capacity_full,separate_paths,100.0,whir_capacity_full,28,18|10,2,12356,640,20,32768,1,phase_final_round,6,59068,,ok,,0,0,0,0,0,0,2974,234,36
whir_t100_capacity_full,separate_paths,100.0,whir_capacity_full,28,18|10,2,12356,640,20,32768,1,phase_folding,6,8269,,ok,,0,0,0,0,0,0,2974,234,36
whir_t100_capacity_full,separate_paths,100.0,whir_capacity_full,28,18|10,2,12356,640,20,32768,1,phase_ood,6,12145,,ok,,0,0,0,0,0,0,2974,234,36
whir_t100_capacity_full,separate_paths,100.0,whir_capacity_full,28,18|10,2,12356,640,20,32768,1,phase_parse,6,1486,,ok,,0,0,0,0,0,0,2974,234,36
whir_t100_capacity_full,separate_paths,100.0,whir_capacity_full,28,18|10,2,12356,640,20,32768,1,phase_per_round_queries,6,620944,,ok,,0,0,0,0,0,0,2974,234,36
whir_t100_capacity_full,separate_paths,100.0,whir_capacity_full,28,18|10,2,12356,640,20,32768,1,phase_transcript_setup,6,38632,,ok,,0,0,0,0,0,0,2974,234,36
whir_t100_capacity_full,separate_paths,100.0,whir_capacity_full,28,18|10,2,12356,640,20,32768,1,phase_final_round,7,59068,,ok,,0,0,0,0,0,0,2974,234,36
whir_t100_capacity_full,separate_paths,100.0,whir_capacity_full,28,18|10,2,12356,640,20,32768,1,phase_folding,7,8269,,ok,,0,0,0,0,0,0,2974,234,36
whir_t100_capacity_full,separate_paths,100.0,whir_capacity_full,28,18|10,2,12356,640,20,32768,1,phase_ood,7,12145,,ok,,0,0,0,0,0,0,2974,234,36
whir_t100_capacity_full,separate_paths,100.0,whir_capacity_full,28,18|10,2,12356,640,20,32768,1,phase_parse,7,1486,,ok,,0,0,0,0,0,0,2974,234,36
whir_t100_capacity_full,separate_paths,100.0,whir_capacity_full,28,18|10,2,12356,640,20,32768,1,phase_per_round_queries,7,620944,,ok,,0,0,0,0,0,0,2974,234,36
whir_t100_capacity_full,separate_paths,100.0,whir_capacity_full,28,18|10,2,12356,640,20,32768,1,phase_transcript_setup,7,38632,,ok,,0,0,0,0,0,0,2974,234,36
whir_t100_capacity_full,separate_paths,100.0,whir_capacity_full,28,18|10,2,12356,640,20,32768,1,phase_final_round,8,59068,,ok,,0,0,0,0,0,0,2974,234,36
whir_t100_capacity_full,separate_paths,100.0,whir_capacity_full,28,18|10,2,12356,640,20,32768,1,phase_folding,8,8269,,ok,,0,0,0,0,0,0,2974,234,36
whir_t100_capacity_full,separate_paths,100.0,whir_capacity_full,28,18|10,2,12356,640,20,32768,1,phase_ood,8,12145,,ok,,0,0,0,0,0,0,2974,234,36
whir_t100_capacity_full,separate_paths,100.0,whir_capacity_full,28,18|10,2,12356,640,20,32768,1,phase_parse,8,1486,,ok,,0,0,0,0,0,0,2974,234,36
whir_t100_capacity_full,separate_paths,100.0,whir_capacity_full,28,18|10,2,12356,640,20,32768,1,phase_per_round_queries,8,620944,,ok,,0,0,0,0,0,0,2974,234,36
whir_t100_capacity_full,separate_paths,100.0,whir_capacity_full,28,18|10,2,12356,640,20,32768,1,phase_transcript_setup,8,38632,,ok,,0,0,0,0,0,0,2974,234,36
whir_t100_capacity_full,separate_paths,100.0,whir_capacity_full,28,18|10,2,12356,640,20,32768,1,phase_final_round,9,59068,,ok,,0,0,0,0,0,0,2974,234,36
whir_t100_capacity_full,separate_paths,100.0,whir_capacity_full,28,18|10,2,12356,640,20,32768,1,phase_folding,9,8269,,ok,,0,0,0,0,0,0,2974,234,36
whir_t100_capacity_full,separate_paths,100.0,whir_capacity_full,28,18|10,2,12356,640,20,32768,1,phase_ood,9,12145,,ok,,0,0,0,0,0,0,2974,234,36
whir_t100_capacity_full,separate_paths,100.0,whir_capacity_full,28,18|10,2,12356,640,20,32768,1,phase_parse,9,1486,,ok,,0,0,0,0,0,0,2974,234,36
whir_t100_capacity_full,separate_paths,100.0,whir_capacity_full,28,18|10,2,12356,640,20,32768,1,phase_per_round_queries,9,620944,,ok,,0,0,0,0,0,0,2974,234,36
whir_t100_capacity_full,separate_paths,100.0,whir_capacity_full,28,18|10,2,12356,640,20,32768,1,phase_transcript_setup,9,38632,,ok,,0,0,0,0,0,0,2974,234,36
whir_t100_capacity_full,separate_paths,100.0,whir_capacity_full,28,18|10,2,12356,640,20,0,0,verify_sbf_no_heap,0,737974,,ok,,464,30272,254,2385,180,18,2974,234,36
whir_t100_capacity_full,separate_paths,100.0,whir_capacity_full,28,18|10,2,12356,640,20,0,0,total_sbf_no_heap,0,764412,,ok,,464,30272,254,2385,180,18,2974,234,36
whir_t100_capacity_full,minimal_subtree,100.0,whir_capacity_full,28,18|10,2,5668,640,9,32768,1,host_verify,0,,5315250,ok,,255,16060,254,2385,180,18,2974,234,36
whir_t100_capacity_full,minimal_subtree,100.0,whir_capacity_full,28,18|10,2,5668,640,9,0,0,upload_total,0,11951,,ok,,0,0,0,0,0,0,2974,234,36
whir_t100_capacity_full,minimal_subtree,100.0,whir_capacity_full,28,18|10,2,5668,640,9,32768,1,verify_sbf,0,695166,,ok,,255,16060,254,2385,180,18,2974,234,36
whir_t100_capacity_full,minimal_subtree,100.0,whir_capacity_full,28,18|10,2,5668,640,9,32768,1,total_sbf,0,707117,,ok,,255,16060,254,2385,180,18,2974,234,36
whir_t100_capacity_full,minimal_subtree,100.0,whir_capacity_full,28,18|10,2,5668,640,9,32768,1,verify_sbf,1,695166,,ok,,255,16060,254,2385,180,18,2974,234,36
whir_t100_capacity_full,minimal_subtree,100.0,whir_capacity_full,28,18|10,2,5668,640,9,32768,1,total_sbf,1,707117,,ok,,255,16060,254,2385,180,18,2974,234,36
whir_t100_capacity_full,minimal_subtree,100.0,whir_capacity_full,28,18|10,2,5668,640,9,32768,1,verify_sbf,2,695166,,ok,,255,16060,254,2385,180,18,2974,234,36
whir_t100_capacity_full,minimal_subtree,100.0,whir_capacity_full,28,18|10,2,5668,640,9,32768,1,total_sbf,2,707117,,ok,,255,16060,254,2385,180,18,2974,234,36
whir_t100_capacity_full,minimal_subtree,100.0,whir_capacity_full,28,18|10,2,5668,640,9,32768,1,verify_sbf,3,695166,,ok,,255,16060,254,2385,180,18,2974,234,36
whir_t100_capacity_full,minimal_subtree,100.0,whir_capacity_full,28,18|10,2,5668,640,9,32768,1,total_sbf,3,707117,,ok,,255,16060,254,2385,180,18,2974,234,36
whir_t100_capacity_full,minimal_subtree,100.0,whir_capacity_full,28,18|10,2,5668,640,9,32768,1,verify_sbf,4,695166,,ok,,255,16060,254,2385,180,18,2974,234,36
whir_t100_capacity_full,minimal_subtree,100.0,whir_capacity_full,28,18|10,2,5668,640,9,32768,1,total_sbf,4,707117,,ok,,255,16060,254,2385,180,18,2974,234,36
whir_t100_capacity_full,minimal_subtree,100.0,whir_capacity_full,28,18|10,2,5668,640,9,32768,1,verify_sbf,5,695166,,ok,,255,16060,254,2385,180,18,2974,234,36
whir_t100_capacity_full,minimal_subtree,100.0,whir_capacity_full,28,18|10,2,5668,640,9,32768,1,total_sbf,5,707117,,ok,,255,16060,254,2385,180,18,2974,234,36
whir_t100_capacity_full,minimal_subtree,100.0,whir_capacity_full,28,18|10,2,5668,640,9,32768,1,verify_sbf,6,695166,,ok,,255,16060,254,2385,180,18,2974,234,36
whir_t100_capacity_full,minimal_subtree,100.0,whir_capacity_full,28,18|10,2,5668,640,9,32768,1,total_sbf,6,707117,,ok,,255,16060,254,2385,180,18,2974,234,36
whir_t100_capacity_full,minimal_subtree,100.0,whir_capacity_full,28,18|10,2,5668,640,9,32768,1,verify_sbf,7,695166,,ok,,255,16060,254,2385,180,18,2974,234,36
whir_t100_capacity_full,minimal_subtree,100.0,whir_capacity_full,28,18|10,2,5668,640,9,32768,1,total_sbf,7,707117,,ok,,255,16060,254,2385,180,18,2974,234,36
whir_t100_capacity_full,minimal_subtree,100.0,whir_capacity_full,28,18|10,2,5668,640,9,32768,1,verify_sbf,8,695166,,ok,,255,16060,254,2385,180,18,2974,234,36
whir_t100_capacity_full,minimal_subtree,100.0,whir_capacity_full,28,18|10,2,5668,640,9,32768,1,total_sbf,8,707117,,ok,,255,16060,254,2385,180,18,2974,234,36
whir_t100_capacity_full,minimal_subtree,100.0,whir_capacity_full,28,18|10,2,5668,640,9,32768,1,verify_sbf,9,695166,,ok,,255,16060,254,2385,180,18,2974,234,36
whir_t100_capacity_full,minimal_subtree,100.0,whir_capacity_full,28,18|10,2,5668,640,9,32768,1,total_sbf,9,707117,,ok,,255,16060,254,2385,180,18,2974,234,36
whir_t100_capacity_full,minimal_subtree,100.0,whir_capacity_full,28,18|10,2,5668,640,9,32768,1,phase_final_round,0,40540,,ok,,0,0,0,0,0,0,2974,234,36
whir_t100_capacity_full,minimal_subtree,100.0,whir_capacity_full,28,18|10,2,5668,640,9,32768,1,phase_folding,0,8269,,ok,,0,0,0,0,0,0,2974,234,36
whir_t100_capacity_full,minimal_subtree,100.0,whir_capacity_full,28,18|10,2,5668,640,9,32768,1,phase_ood,0,12147,,ok,,0,0,0,0,0,0,2974,234,36
whir_t100_capacity_full,minimal_subtree,100.0,whir_capacity_full,28,18|10,2,5668,640,9,32768,1,phase_parse,0,1484,,ok,,0,0,0,0,0,0,2974,234,36
whir_t100_capacity_full,minimal_subtree,100.0,whir_capacity_full,28,18|10,2,5668,640,9,32768,1,phase_per_round_queries,0,596515,,ok,,0,0,0,0,0,0,2974,234,36
whir_t100_capacity_full,minimal_subtree,100.0,whir_capacity_full,28,18|10,2,5668,640,9,32768,1,phase_transcript_setup,0,38631,,ok,,0,0,0,0,0,0,2974,234,36
whir_t100_capacity_full,minimal_subtree,100.0,whir_capacity_full,28,18|10,2,5668,640,9,32768,1,phase_final_round,1,40540,,ok,,0,0,0,0,0,0,2974,234,36
whir_t100_capacity_full,minimal_subtree,100.0,whir_capacity_full,28,18|10,2,5668,640,9,32768,1,phase_folding,1,8269,,ok,,0,0,0,0,0,0,2974,234,36
whir_t100_capacity_full,minimal_subtree,100.0,whir_capacity_full,28,18|10,2,5668,640,9,32768,1,phase_ood,1,12147,,ok,,0,0,0,0,0,0,2974,234,36
whir_t100_capacity_full,minimal_subtree,100.0,whir_capacity_full,28,18|10,2,5668,640,9,32768,1,phase_parse,1,1484,,ok,,0,0,0,0,0,0,2974,234,36
whir_t100_capacity_full,minimal_subtree,100.0,whir_capacity_full,28,18|10,2,5668,640,9,32768,1,phase_per_round_queries,1,596515,,ok,,0,0,0,0,0,0,2974,234,36
whir_t100_capacity_full,minimal_subtree,100.0,whir_capacity_full,28,18|10,2,5668,640,9,32768,1,phase_transcript_setup,1,38631,,ok,,0,0,0,0,0,0,2974,234,36
whir_t100_capacity_full,minimal_subtree,100.0,whir_capacity_full,28,18|10,2,5668,640,9,32768,1,phase_final_round,2,40540,,ok,,0,0,0,0,0,0,2974,234,36
whir_t100_capacity_full,minimal_subtree,100.0,whir_capacity_full,28,18|10,2,5668,640,9,32768,1,phase_folding,2,8269,,ok,,0,0,0,0,0,0,2974,234,36
whir_t100_capacity_full,minimal_subtree,100.0,whir_capacity_full,28,18|10,2,5668,640,9,32768,1,phase_ood,2,12147,,ok,,0,0,0,0,0,0,2974,234,36
whir_t100_capacity_full,minimal_subtree,100.0,whir_capacity_full,28,18|10,2,5668,640,9,32768,1,phase_parse,2,1484,,ok,,0,0,0,0,0,0,2974,234,36
whir_t100_capacity_full,minimal_subtree,100.0,whir_capacity_full,28,18|10,2,5668,640,9,32768,1,phase_per_round_queries,2,596515,,ok,,0,0,0,0,0,0,2974,234,36
whir_t100_capacity_full,minimal_subtree,100.0,whir_capacity_full,28,18|10,2,5668,640,9,32768,1,phase_transcript_setup,2,38631,,ok,,0,0,0,0,0,0,2974,234,36
whir_t100_capacity_full,minimal_subtree,100.0,whir_capacity_full,28,18|10,2,5668,640,9,32768,1,phase_final_round,3,40540,,ok,,0,0,0,0,0,0,2974,234,36
whir_t100_capacity_full,minimal_subtree,100.0,whir_capacity_full,28,18|10,2,5668,640,9,32768,1,phase_folding,3,8269,,ok,,0,0,0,0,0,0,2974,234,36
whir_t100_capacity_full,minimal_subtree,100.0,whir_capacity_full,28,18|10,2,5668,640,9,32768,1,phase_ood,3,12147,,ok,,0,0,0,0,0,0,2974,234,36
whir_t100_capacity_full,minimal_subtree,100.0,whir_capacity_full,28,18|10,2,5668,640,9,32768,1,phase_parse,3,1484,,ok,,0,0,0,0,0,0,2974,234,36
whir_t100_capacity_full,minimal_subtree,100.0,whir_capacity_full,28,18|10,2,5668,640,9,32768,1,phase_per_round_queries,3,596515,,ok,,0,0,0,0,0,0,2974,234,36
whir_t100_capacity_full,minimal_subtree,100.0,whir_capacity_full,28,18|10,2,5668,640,9,32768,1,phase_transcript_setup,3,38631,,ok,,0,0,0,0,0,0,2974,234,36
whir_t100_capacity_full,minimal_subtree,100.0,whir_capacity_full,28,18|10,2,5668,640,9,32768,1,phase_final_round,4,40540,,ok,,0,0,0,0,0,0,2974,234,36
whir_t100_capacity_full,minimal_subtree,100.0,whir_capacity_full,28,18|10,2,5668,640,9,32768,1,phase_folding,4,8269,,ok,,0,0,0,0,0,0,2974,234,36
whir_t100_capacity_full,minimal_subtree,100.0,whir_capacity_full,28,18|10,2,5668,640,9,32768,1,phase_ood,4,12147,,ok,,0,0,0,0,0,0,2974,234,36
whir_t100_capacity_full,minimal_subtree,100.0,whir_capacity_full,28,18|10,2,5668,640,9,32768,1,phase_parse,4,1484,,ok,,0,0,0,0,0,0,2974,234,36
whir_t100_capacity_full,minimal_subtree,100.0,whir_capacity_full,28,18|10,2,5668,640,9,32768,1,phase_per_round_queries,4,596515,,ok,,0,0,0,0,0,0,2974,234,36
whir_t100_capacity_full,minimal_subtree,100.0,whir_capacity_full,28,18|10,2,5668,640,9,32768,1,phase_transcript_setup,4,38631,,ok,,0,0,0,0,0,0,2974,234,36
whir_t100_capacity_full,minimal_subtree,100.0,whir_capacity_full,28,18|10,2,5668,640,9,32768,1,phase_final_round,5,40540,,ok,,0,0,0,0,0,0,2974,234,36
whir_t100_capacity_full,minimal_subtree,100.0,whir_capacity_full,28,18|10,2,5668,640,9,32768,1,phase_folding,5,8269,,ok,,0,0,0,0,0,0,2974,234,36
whir_t100_capacity_full,minimal_subtree,100.0,whir_capacity_full,28,18|10,2,5668,640,9,32768,1,phase_ood,5,12147,,ok,,0,0,0,0,0,0,2974,234,36
whir_t100_capacity_full,minimal_subtree,100.0,whir_capacity_full,28,18|10,2,5668,640,9,32768,1,phase_parse,5,1484,,ok,,0,0,0,0,0,0,2974,234,36
whir_t100_capacity_full,minimal_subtree,100.0,whir_capacity_full,28,18|10,2,5668,640,9,32768,1,phase_per_round_queries,5,596515,,ok,,0,0,0,0,0,0,2974,234,36
whir_t100_capacity_full,minimal_subtree,100.0,whir_capacity_full,28,18|10,2,5668,640,9,32768,1,phase_transcript_setup,5,38631,,ok,,0,0,0,0,0,0,2974,234,36
whir_t100_capacity_full,minimal_subtree,100.0,whir_capacity_full,28,18|10,2,5668,640,9,32768,1,phase_final_round,6,40540,,ok,,0,0,0,0,0,0,2974,234,36
whir_t100_capacity_full,minimal_subtree,100.0,whir_capacity_full,28,18|10,2,5668,640,9,32768,1,phase_folding,6,8269,,ok,,0,0,0,0,0,0,2974,234,36
whir_t100_capacity_full,minimal_subtree,100.0,whir_capacity_full,28,18|10,2,5668,640,9,32768,1,phase_ood,6,12147,,ok,,0,0,0,0,0,0,2974,234,36
whir_t100_capacity_full,minimal_subtree,100.0,whir_capacity_full,28,18|10,2,5668,640,9,32768,1,phase_parse,6,1484,,ok,,0,0,0,0,0,0,2974,234,36
whir_t100_capacity_full,minimal_subtree,100.0,whir_capacity_full,28,18|10,2,5668,640,9,32768,1,phase_per_round_queries,6,596515,,ok,,0,0,0,0,0,0,2974,234,36
whir_t100_capacity_full,minimal_subtree,100.0,whir_capacity_full,28,18|10,2,5668,640,9,32768,1,phase_transcript_setup,6,38631,,ok,,0,0,0,0,0,0,2974,234,36
whir_t100_capacity_full,minimal_subtree,100.0,whir_capacity_full,28,18|10,2,5668,640,9,32768,1,phase_final_round,7,40540,,ok,,0,0,0,0,0,0,2974,234,36
whir_t100_capacity_full,minimal_subtree,100.0,whir_capacity_full,28,18|10,2,5668,640,9,32768,1,phase_folding,7,8269,,ok,,0,0,0,0,0,0,2974,234,36
whir_t100_capacity_full,minimal_subtree,100.0,whir_capacity_full,28,18|10,2,5668,640,9,32768,1,phase_ood,7,12147,,ok,,0,0,0,0,0,0,2974,234,36
whir_t100_capacity_full,minimal_subtree,100.0,whir_capacity_full,28,18|10,2,5668,640,9,32768,1,phase_parse,7,1484,,ok,,0,0,0,0,0,0,2974,234,36
whir_t100_capacity_full,minimal_subtree,100.0,whir_capacity_full,28,18|10,2,5668,640,9,32768,1,phase_per_round_queries,7,596515,,ok,,0,0,0,0,0,0,2974,234,36
whir_t100_capacity_full,minimal_subtree,100.0,whir_capacity_full,28,18|10,2,5668,640,9,32768,1,phase_transcript_setup,7,38631,,ok,,0,0,0,0,0,0,2974,234,36
whir_t100_capacity_full,minimal_subtree,100.0,whir_capacity_full,28,18|10,2,5668,640,9,32768,1,phase_final_round,8,40540,,ok,,0,0,0,0,0,0,2974,234,36
whir_t100_capacity_full,minimal_subtree,100.0,whir_capacity_full,28,18|10,2,5668,640,9,32768,1,phase_folding,8,8269,,ok,,0,0,0,0,0,0,2974,234,36
whir_t100_capacity_full,minimal_subtree,100.0,whir_capacity_full,28,18|10,2,5668,640,9,32768,1,phase_ood,8,12147,,ok,,0,0,0,0,0,0,2974,234,36
whir_t100_capacity_full,minimal_subtree,100.0,whir_capacity_full,28,18|10,2,5668,640,9,32768,1,phase_parse,8,1484,,ok,,0,0,0,0,0,0,2974,234,36
whir_t100_capacity_full,minimal_subtree,100.0,whir_capacity_full,28,18|10,2,5668,640,9,32768,1,phase_per_round_queries,8,596515,,ok,,0,0,0,0,0,0,2974,234,36
whir_t100_capacity_full,minimal_subtree,100.0,whir_capacity_full,28,18|10,2,5668,640,9,32768,1,phase_transcript_setup,8,38631,,ok,,0,0,0,0,0,0,2974,234,36
whir_t100_capacity_full,minimal_subtree,100.0,whir_capacity_full,28,18|10,2,5668,640,9,32768,1,phase_final_round,9,40540,,ok,,0,0,0,0,0,0,2974,234,36
whir_t100_capacity_full,minimal_subtree,100.0,whir_capacity_full,28,18|10,2,5668,640,9,32768,1,phase_folding,9,8269,,ok,,0,0,0,0,0,0,2974,234,36
whir_t100_capacity_full,minimal_subtree,100.0,whir_capacity_full,28,18|10,2,5668,640,9,32768,1,phase_ood,9,12147,,ok,,0,0,0,0,0,0,2974,234,36
whir_t100_capacity_full,minimal_subtree,100.0,whir_capacity_full,28,18|10,2,5668,640,9,32768,1,phase_parse,9,1484,,ok,,0,0,0,0,0,0,2974,234,36
whir_t100_capacity_full,minimal_subtree,100.0,whir_capacity_full,28,18|10,2,5668,640,9,32768,1,phase_per_round_queries,9,596515,,ok,,0,0,0,0,0,0,2974,234,36
whir_t100_capacity_full,minimal_subtree,100.0,whir_capacity_full,28,18|10,2,5668,640,9,32768,1,phase_transcript_setup,9,38631,,ok,,0,0,0,0,0,0,2974,234,36
whir_t100_capacity_full,minimal_subtree,100.0,whir_capacity_full,28,18|10,2,5668,640,9,0,0,verify_sbf_no_heap,0,695016,,ok,,255,16060,254,2385,180,18,2974,234,36
whir_t100_capacity_full,minimal_subtree,100.0,whir_capacity_full,28,18|10,2,5668,640,9,0,0,total_sbf_no_heap,0,706967,,ok,,255,16060,254,2385,180,18,2974,234,36
whir_t128_capacity_full,separate_paths,128.0,whir_capacity_full,39,25|14,2,15468,640,25,32768,1,host_verify,0,,8910708,ok,,613,39983,354,3301,250,25,4114,325,50
whir_t128_capacity_full,separate_paths,128.0,whir_capacity_full,39,25|14,2,15468,640,25,0,0,upload_total,0,33059,,ok,,0,0,0,0,0,0,4114,325,50
whir_t128_capacity_full,separate_paths,128.0,whir_capacity_full,39,25|14,2,15468,640,25,32768,1,verify_sbf,0,981346,,ok,,613,39983,354,3301,250,25,4114,325,50
whir_t128_capacity_full,separate_paths,128.0,whir_capacity_full,39,25|14,2,15468,640,25,32768,1,total_sbf,0,1014405,,ok,,613,39983,354,3301,250,25,4114,325,50
whir_t128_capacity_full,separate_paths,128.0,whir_capacity_full,39,25|14,2,15468,640,25,32768,1,verify_sbf,1,981346,,ok,,613,39983,354,3301,250,25,4114,325,50
whir_t128_capacity_full,separate_paths,128.0,whir_capacity_full,39,25|14,2,15468,640,25,32768,1,total_sbf,1,1014405,,ok,,613,39983,354,3301,250,25,4114,325,50
whir_t128_capacity_full,separate_paths,128.0,whir_capacity_full,39,25|14,2,15468,640,25,32768,1,verify_sbf,2,981346,,ok,,613,39983,354,3301,250,25,4114,325,50
whir_t128_capacity_full,separate_paths,128.0,whir_capacity_full,39,25|14,2,15468,640,25,32768,1,total_sbf,2,1014405,,ok,,613,39983,354,3301,250,25,4114,325,50
whir_t128_capacity_full,separate_paths,128.0,whir_capacity_full,39,25|14,2,15468,640,25,32768,1,verify_sbf,3,981346,,ok,,613,39983,354,3301,250,25,4114,325,50
whir_t128_capacity_full,separate_paths,128.0,whir_capacity_full,39,25|14,2,15468,640,25,32768,1,total_sbf,3,1014405,,ok,,613,39983,354,3301,250,25,4114,325,50
whir_t128_capacity_full,separate_paths,128.0,whir_capacity_full,39,25|14,2,15468,640,25,32768,1,verify_sbf,4,981346,,ok,,613,39983,354,3301,250,25,4114,325,50
whir_t128_capacity_full,separate_paths,128.0,whir_capacity_full,39,25|14,2,15468,640,25,32768,1,total_sbf,4,1014405,,ok,,613,39983,354,3301,250,25,4114,325,50
whir_t128_capacity_full,separate_paths,128.0,whir_capacity_full,39,25|14,2,15468,640,25,32768,1,verify_sbf,5,981346,,ok,,613,39983,354,3301,250,25,4114,325,50
whir_t128_capacity_full,separate_paths,128.0,whir_capacity_full,39,25|14,2,15468,640,25,32768,1,total_sbf,5,1014405,,ok,,613,39983,354,3301,250,25,4114,325,50
whir_t128_capacity_full,separate_paths,128.0,whir_capacity_full,39,25|14,2,15468,640,25,32768,1,verify_sbf,6,981346,,ok,,613,39983,354,3301,250,25,4114,325,50
whir_t128_capacity_full,separate_paths,128.0,whir_capacity_full,39,25|14,2,15468,640,25,32768,1,total_sbf,6,1014405,,ok,,613,39983,354,3301,250,25,4114,325,50
whir_t128_capacity_full,separate_paths,128.0,whir_capacity_full,39,25|14,2,15468,640,25,32768,1,verify_sbf,7,981346,,ok,,613,39983,354,3301,250,25,4114,325,50
whir_t128_capacity_full,separate_paths,128.0,whir_capacity_full,39,25|14,2,15468,640,25,32768,1,total_sbf,7,1014405,,ok,,613,39983,354,3301,250,25,4114,325,50
whir_t128_capacity_full,separate_paths,128.0,whir_capacity_full,39,25|14,2,15468,640,25,32768,1,verify_sbf,8,981346,,ok,,613,39983,354,3301,250,25,4114,325,50
whir_t128_capacity_full,separate_paths,128.0,whir_capacity_full,39,25|14,2,15468,640,25,32768,1,total_sbf,8,1014405,,ok,,613,39983,354,3301,250,25,4114,325,50
whir_t128_capacity_full,separate_paths,128.0,whir_capacity_full,39,25|14,2,15468,640,25,32768,1,verify_sbf,9,981346,,ok,,613,39983,354,3301,250,25,4114,325,50
whir_t128_capacity_full,separate_paths,128.0,whir_capacity_full,39,25|14,2,15468,640,25,32768,1,total_sbf,9,1014405,,ok,,613,39983,354,3301,250,25,4114,325,50
whir_t128_capacity_full,separate_paths,128.0,whir_capacity_full,39,25|14,2,15468,640,25,32768,1,phase_final_round,0,75875,,ok,,0,0,0,0,0,0,4114,325,50
whir_t128_capacity_full,separate_paths,128.0,whir_capacity_full,39,25|14,2,15468,640,25,32768,1,phase_folding,0,12816,,ok,,0,0,0,0,0,0,4114,325,50
whir_t128_capacity_full,separate_paths,128.0,whir_capacity_full,39,25|14,2,15468,640,25,32768,1,phase_ood,0,12142,,ok,,0,0,0,0,0,0,4114,325,50
whir_t128_capacity_full,separate_paths,128.0,whir_capacity_full,39,25|14,2,15468,640,25,32768,1,phase_parse,0,1486,,ok,,0,0,0,0,0,0,4114,325,50
whir_t128_capacity_full,separate_paths,128.0,whir_capacity_full,39,25|14,2,15468,640,25,32768,1,phase_per_round_queries,0,862015,,ok,,0,0,0,0,0,0,4114,325,50
whir_t128_capacity_full,separate_paths,128.0,whir_capacity_full,39,25|14,2,15468,640,25,32768,1,phase_transcript_setup,0,19432,,ok,,0,0,0,0,0,0,4114,325,50
whir_t128_capacity_full,separate_paths,128.0,whir_capacity_full,39,25|14,2,15468,640,25,32768,1,phase_final_round,1,75875,,ok,,0,0,0,0,0,0,4114,325,50
whir_t128_capacity_full,separate_paths,128.0,whir_capacity_full,39,25|14,2,15468,640,25,32768,1,phase_folding,1,12816,,ok,,0,0,0,0,0,0,4114,325,50
whir_t128_capacity_full,separate_paths,128.0,whir_capacity_full,39,25|14,2,15468,640,25,32768,1,phase_ood,1,12142,,ok,,0,0,0,0,0,0,4114,325,50
whir_t128_capacity_full,separate_paths,128.0,whir_capacity_full,39,25|14,2,15468,640,25,32768,1,phase_parse,1,1486,,ok,,0,0,0,0,0,0,4114,325,50
whir_t128_capacity_full,separate_paths,128.0,whir_capacity_full,39,25|14,2,15468,640,25,32768,1,phase_per_round_queries,1,862015,,ok,,0,0,0,0,0,0,4114,325,50
whir_t128_capacity_full,separate_paths,128.0,whir_capacity_full,39,25|14,2,15468,640,25,32768,1,phase_transcript_setup,1,19432,,ok,,0,0,0,0,0,0,4114,325,50
whir_t128_capacity_full,separate_paths,128.0,whir_capacity_full,39,25|14,2,15468,640,25,32768,1,phase_final_round,2,75875,,ok,,0,0,0,0,0,0,4114,325,50
whir_t128_capacity_full,separate_paths,128.0,whir_capacity_full,39,25|14,2,15468,640,25,32768,1,phase_folding,2,12816,,ok,,0,0,0,0,0,0,4114,325,50
whir_t128_capacity_full,separate_paths,128.0,whir_capacity_full,39,25|14,2,15468,640,25,32768,1,phase_ood,2,12142,,ok,,0,0,0,0,0,0,4114,325,50
whir_t128_capacity_full,separate_paths,128.0,whir_capacity_full,39,25|14,2,15468,640,25,32768,1,phase_parse,2,1486,,ok,,0,0,0,0,0,0,4114,325,50
whir_t128_capacity_full,separate_paths,128.0,whir_capacity_full,39,25|14,2,15468,640,25,32768,1,phase_per_round_queries,2,862015,,ok,,0,0,0,0,0,0,4114,325,50
whir_t128_capacity_full,separate_paths,128.0,whir_capacity_full,39,25|14,2,15468,640,25,32768,1,phase_transcript_setup,2,19432,,ok,,0,0,0,0,0,0,4114,325,50
whir_t128_capacity_full,separate_paths,128.0,whir_capacity_full,39,25|14,2,15468,640,25,32768,1,phase_final_round,3,75875,,ok,,0,0,0,0,0,0,4114,325,50
whir_t128_capacity_full,separate_paths,128.0,whir_capacity_full,39,25|14,2,15468,640,25,32768,1,phase_folding,3,12816,,ok,,0,0,0,0,0,0,4114,325,50
whir_t128_capacity_full,separate_paths,128.0,whir_capacity_full,39,25|14,2,15468,640,25,32768,1,phase_ood,3,12142,,ok,,0,0,0,0,0,0,4114,325,50
whir_t128_capacity_full,separate_paths,128.0,whir_capacity_full,39,25|14,2,15468,640,25,32768,1,phase_parse,3,1486,,ok,,0,0,0,0,0,0,4114,325,50
whir_t128_capacity_full,separate_paths,128.0,whir_capacity_full,39,25|14,2,15468,640,25,32768,1,phase_per_round_queries,3,862015,,ok,,0,0,0,0,0,0,4114,325,50
whir_t128_capacity_full,separate_paths,128.0,whir_capacity_full,39,25|14,2,15468,640,25,32768,1,phase_transcript_setup,3,19432,,ok,,0,0,0,0,0,0,4114,325,50
whir_t128_capacity_full,separate_paths,128.0,whir_capacity_full,39,25|14,2,15468,640,25,32768,1,phase_final_round,4,75875,,ok,,0,0,0,0,0,0,4114,325,50
whir_t128_capacity_full,separate_paths,128.0,whir_capacity_full,39,25|14,2,15468,640,25,32768,1,phase_folding,4,12816,,ok,,0,0,0,0,0,0,4114,325,50
whir_t128_capacity_full,separate_paths,128.0,whir_capacity_full,39,25|14,2,15468,640,25,32768,1,phase_ood,4,12142,,ok,,0,0,0,0,0,0,4114,325,50
whir_t128_capacity_full,separate_paths,128.0,whir_capacity_full,39,25|14,2,15468,640,25,32768,1,phase_parse,4,1486,,ok,,0,0,0,0,0,0,4114,325,50
whir_t128_capacity_full,separate_paths,128.0,whir_capacity_full,39,25|14,2,15468,640,25,32768,1,phase_per_round_queries,4,862015,,ok,,0,0,0,0,0,0,4114,325,50
whir_t128_capacity_full,separate_paths,128.0,whir_capacity_full,39,25|14,2,15468,640,25,32768,1,phase_transcript_setup,4,19432,,ok,,0,0,0,0,0,0,4114,325,50
whir_t128_capacity_full,separate_paths,128.0,whir_capacity_full,39,25|14,2,15468,640,25,32768,1,phase_final_round,5,75875,,ok,,0,0,0,0,0,0,4114,325,50
whir_t128_capacity_full,separate_paths,128.0,whir_capacity_full,39,25|14,2,15468,640,25,32768,1,phase_folding,5,12816,,ok,,0,0,0,0,0,0,4114,325,50
whir_t128_capacity_full,separate_paths,128.0,whir_capacity_full,39,25|14,2,15468,640,25,32768,1,phase_ood,5,12142,,ok,,0,0,0,0,0,0,4114,325,50
whir_t128_capacity_full,separate_paths,128.0,whir_capacity_full,39,25|14,2,15468,640,25,32768,1,phase_parse,5,1486,,ok,,0,0,0,0,0,0,4114,325,50
whir_t128_capacity_full,separate_paths,128.0,whir_capacity_full,39,25|14,2,15468,640,25,32768,1,phase_per_round_queries,5,862015,,ok,,0,0,0,0,0,0,4114,325,50
whir_t128_capacity_full,separate_paths,128.0,whir_capacity_full,39,25|14,2,15468,640,25,32768,1,phase_transcript_setup,5,19432,,ok,,0,0,0,0,0,0,4114,325,50
whir_t128_capacity_full,separate_paths,128.0,whir_capacity_full,39,25|14,2,15468,640,25,32768,1,phase_final_round,6,75875,,ok,,0,0,0,0,0,0,4114,325,50
whir_t128_capacity_full,separate_paths,128.0,whir_capacity_full,39,25|14,2,15468,640,25,32768,1,phase_folding,6,12816,,ok,,0,0,0,0,0,0,4114,325,50
whir_t128_capacity_full,separate_paths,128.0,whir_capacity_full,39,25|14,2,15468,640,25,32768,1,phase_ood,6,12142,,ok,,0,0,0,0,0,0,4114,325,50
whir_t128_capacity_full,separate_paths,128.0,whir_capacity_full,39,25|14,2,15468,640,25,32768,1,phase_parse,6,1486,,ok,,0,0,0,0,0,0,4114,325,50
whir_t128_capacity_full,separate_paths,128.0,whir_capacity_full,39,25|14,2,15468,640,25,32768,1,phase_per_round_queries,6,862015,,ok,,0,0,0,0,0,0,4114,325,50
whir_t128_capacity_full,separate_paths,128.0,whir_capacity_full,39,25|14,2,15468,640,25,32768,1,phase_transcript_setup,6,19432,,ok,,0,0,0,0,0,0,4114,325,50
whir_t128_capacity_full,separate_paths,128.0,whir_capacity_full,39,25|14,2,15468,640,25,32768,1,phase_final_round,7,75875,,ok,,0,0,0,0,0,0,4114,325,50
whir_t128_capacity_full,separate_paths,128.0,whir_capacity_full,39,25|14,2,15468,640,25,32768,1,phase_folding,7,12816,,ok,,0,0,0,0,0,0,4114,325,50
whir_t128_capacity_full,separate_paths,128.0,whir_capacity_full,39,25|14,2,15468,640,25,32768,1,phase_ood,7,12142,,ok,,0,0,0,0,0,0,4114,325,50
whir_t128_capacity_full,separate_paths,128.0,whir_capacity_full,39,25|14,2,15468,640,25,32768,1,phase_parse,7,1486,,ok,,0,0,0,0,0,0,4114,325,50
whir_t128_capacity_full,separate_paths,128.0,whir_capacity_full,39,25|14,2,15468,640,25,32768,1,phase_per_round_queries,7,862015,,ok,,0,0,0,0,0,0,4114,325,50
whir_t128_capacity_full,separate_paths,128.0,whir_capacity_full,39,25|14,2,15468,640,25,32768,1,phase_transcript_setup,7,19432,,ok,,0,0,0,0,0,0,4114,325,50
whir_t128_capacity_full,separate_paths,128.0,whir_capacity_full,39,25|14,2,15468,640,25,32768,1,phase_final_round,8,75875,,ok,,0,0,0,0,0,0,4114,325,50
whir_t128_capacity_full,separate_paths,128.0,whir_capacity_full,39,25|14,2,15468,640,25,32768,1,phase_folding,8,12816,,ok,,0,0,0,0,0,0,4114,325,50
whir_t128_capacity_full,separate_paths,128.0,whir_capacity_full,39,25|14,2,15468,640,25,32768,1,phase_ood,8,12142,,ok,,0,0,0,0,0,0,4114,325,50
whir_t128_capacity_full,separate_paths,128.0,whir_capacity_full,39,25|14,2,15468,640,25,32768,1,phase_parse,8,1486,,ok,,0,0,0,0,0,0,4114,325,50
whir_t128_capacity_full,separate_paths,128.0,whir_capacity_full,39,25|14,2,15468,640,25,32768,1,phase_per_round_queries,8,862015,,ok,,0,0,0,0,0,0,4114,325,50
whir_t128_capacity_full,separate_paths,128.0,whir_capacity_full,39,25|14,2,15468,640,25,32768,1,phase_transcript_setup,8,19432,,ok,,0,0,0,0,0,0,4114,325,50
whir_t128_capacity_full,separate_paths,128.0,whir_capacity_full,39,25|14,2,15468,640,25,32768,1,phase_final_round,9,75875,,ok,,0,0,0,0,0,0,4114,325,50
whir_t128_capacity_full,separate_paths,128.0,whir_capacity_full,39,25|14,2,15468,640,25,32768,1,phase_folding,9,12816,,ok,,0,0,0,0,0,0,4114,325,50
whir_t128_capacity_full,separate_paths,128.0,whir_capacity_full,39,25|14,2,15468,640,25,32768,1,phase_ood,9,12142,,ok,,0,0,0,0,0,0,4114,325,50
whir_t128_capacity_full,separate_paths,128.0,whir_capacity_full,39,25|14,2,15468,640,25,32768,1,phase_parse,9,1486,,ok,,0,0,0,0,0,0,4114,325,50
whir_t128_capacity_full,separate_paths,128.0,whir_capacity_full,39,25|14,2,15468,640,25,32768,1,phase_per_round_queries,9,862015,,ok,,0,0,0,0,0,0,4114,325,50
whir_t128_capacity_full,separate_paths,128.0,whir_capacity_full,39,25|14,2,15468,640,25,32768,1,phase_transcript_setup,9,19432,,ok,,0,0,0,0,0,0,4114,325,50
whir_t128_capacity_full,separate_paths,128.0,whir_capacity_full,39,25|14,2,15468,640,25,0,0,verify_sbf_no_heap,0,981196,,ok,,613,39983,354,3301,250,25,4114,325,50
whir_t128_capacity_full,separate_paths,128.0,whir_capacity_full,39,25|14,2,15468,640,25,0,0,total_sbf_no_heap,0,1014255,,ok,,613,39983,354,3301,250,25,4114,325,50
whir_t128_capacity_full,minimal_subtree,128.0,whir_capacity_full,39,25|14,2,5932,640,10,32768,1,host_verify,0,,7851125,ok,,315,19719,354,3301,250,25,4114,325,50
whir_t128_capacity_full,minimal_subtree,128.0,whir_capacity_full,39,25|14,2,5932,640,10,0,0,upload_total,0,13096,,ok,,0,0,0,0,0,0,4114,325,50
whir_t128_capacity_full,minimal_subtree,128.0,whir_capacity_full,39,25|14,2,5932,640,10,32768,1,verify_sbf,0,919847,,ok,,315,19719,354,3301,250,25,4114,325,50
whir_t128_capacity_full,minimal_subtree,128.0,whir_capacity_full,39,25|14,2,5932,640,10,32768,1,total_sbf,0,932943,,ok,,315,19719,354,3301,250,25,4114,325,50
whir_t128_capacity_full,minimal_subtree,128.0,whir_capacity_full,39,25|14,2,5932,640,10,32768,1,verify_sbf,1,919847,,ok,,315,19719,354,3301,250,25,4114,325,50
whir_t128_capacity_full,minimal_subtree,128.0,whir_capacity_full,39,25|14,2,5932,640,10,32768,1,total_sbf,1,932943,,ok,,315,19719,354,3301,250,25,4114,325,50
whir_t128_capacity_full,minimal_subtree,128.0,whir_capacity_full,39,25|14,2,5932,640,10,32768,1,verify_sbf,2,919847,,ok,,315,19719,354,3301,250,25,4114,325,50
whir_t128_capacity_full,minimal_subtree,128.0,whir_capacity_full,39,25|14,2,5932,640,10,32768,1,total_sbf,2,932943,,ok,,315,19719,354,3301,250,25,4114,325,50
whir_t128_capacity_full,minimal_subtree,128.0,whir_capacity_full,39,25|14,2,5932,640,10,32768,1,verify_sbf,3,919847,,ok,,315,19719,354,3301,250,25,4114,325,50
whir_t128_capacity_full,minimal_subtree,128.0,whir_capacity_full,39,25|14,2,5932,640,10,32768,1,total_sbf,3,932943,,ok,,315,19719,354,3301,250,25,4114,325,50
whir_t128_capacity_full,minimal_subtree,128.0,whir_capacity_full,39,25|14,2,5932,640,10,32768,1,verify_sbf,4,919847,,ok,,315,19719,354,3301,250,25,4114,325,50
whir_t128_capacity_full,minimal_subtree,128.0,whir_capacity_full,39,25|14,2,5932,640,10,32768,1,total_sbf,4,932943,,ok,,315,19719,354,3301,250,25,4114,325,50
whir_t128_capacity_full,minimal_subtree,128.0,whir_capacity_full,39,25|14,2,5932,640,10,32768,1,verify_sbf,5,919847,,ok,,315,19719,354,3301,250,25,4114,325,50
whir_t128_capacity_full,minimal_subtree,128.0,whir_capacity_full,39,25|14,2,5932,640,10,32768,1,total_sbf,5,932943,,ok,,315,19719,354,3301,250,25,4114,325,50
whir_t128_capacity_full,minimal_subtree,128.0,whir_capacity_full,39,25|14,2,5932,640,10,32768,1,verify_sbf,6,919847,,ok,,315,19719,354,3301,250,25,4114,325,50
whir_t128_capacity_full,minimal_subtree,128.0,whir_capacity_full,39,25|14,2,5932,640,10,32768,1,total_sbf,6,932943,,ok,,315,19719,354,3301,250,25,4114,325,50
whir_t128_capacity_full,minimal_subtree,128.0,whir_capacity_full,39,25|14,2,5932,640,10,32768,1,verify_sbf,7,919847,,ok,,315,19719,354,3301,250,25,4114,325,50
whir_t128_capacity_full,minimal_subtree,128.0,whir_capacity_full,39,25|14,2,5932,640,10,32768,1,total_sbf,7,932943,,ok,,315,19719,354,3301,250,25,4114,325,50
whir_t128_capacity_full,minimal_subtree,128.0,whir_capacity_full,39,25|14,2,5932,640,10,32768,1,verify_sbf,8,919847,,ok,,315,19719,354,3301,250,25,4114,325,50
whir_t128_capacity_full,minimal_subtree,128.0,whir_capacity_full,39,25|14,2,5932,640,10,32768,1,total_sbf,8,932943,,ok,,315,19719,354,3301,250,25,4114,325,50
whir_t128_capacity_full,minimal_subtree,128.0,whir_capacity_full,39,25|14,2,5932,640,10,32768,1,verify_sbf,9,919847,,ok,,315,19719,354,3301,250,25,4114,325,50
whir_t128_capacity_full,minimal_subtree,128.0,whir_capacity_full,39,25|14,2,5932,640,10,32768,1,total_sbf,9,932943,,ok,,315,19719,354,3301,250,25,4114,325,50
whir_t128_capacity_full,minimal_subtree,128.0,whir_capacity_full,39,25|14,2,5932,640,10,32768,1,phase_final_round,0,49065,,ok,,0,0,0,0,0,0,4114,325,50
whir_t128_capacity_full,minimal_subtree,128.0,whir_capacity_full,39,25|14,2,5932,640,10,32768,1,phase_folding,0,12814,,ok,,0,0,0,0,0,0,4114,325,50
whir_t128_capacity_full,minimal_subtree,128.0,whir_capacity_full,39,25|14,2,5932,640,10,32768,1,phase_ood,0,12145,,ok,,0,0,0,0,0,0,4114,325,50
whir_t128_capacity_full,minimal_subtree,128.0,whir_capacity_full,39,25|14,2,5932,640,10,32768,1,phase_parse,0,1484,,ok,,0,0,0,0,0,0,4114,325,50
whir_t128_capacity_full,minimal_subtree,128.0,whir_capacity_full,39,25|14,2,5932,640,10,32768,1,phase_per_round_queries,0,827327,,ok,,0,0,0,0,0,0,4114,325,50
whir_t128_capacity_full,minimal_subtree,128.0,whir_capacity_full,39,25|14,2,5932,640,10,32768,1,phase_transcript_setup,0,19432,,ok,,0,0,0,0,0,0,4114,325,50
whir_t128_capacity_full,minimal_subtree,128.0,whir_capacity_full,39,25|14,2,5932,640,10,32768,1,phase_final_round,1,49065,,ok,,0,0,0,0,0,0,4114,325,50
whir_t128_capacity_full,minimal_subtree,128.0,whir_capacity_full,39,25|14,2,5932,640,10,32768,1,phase_folding,1,12814,,ok,,0,0,0,0,0,0,4114,325,50
whir_t128_capacity_full,minimal_subtree,128.0,whir_capacity_full,39,25|14,2,5932,640,10,32768,1,phase_ood,1,12145,,ok,,0,0,0,0,0,0,4114,325,50
whir_t128_capacity_full,minimal_subtree,128.0,whir_capacity_full,39,25|14,2,5932,640,10,32768,1,phase_parse,1,1484,,ok,,0,0,0,0,0,0,4114,325,50
whir_t128_capacity_full,minimal_subtree,128.0,whir_capacity_full,39,25|14,2,5932,640,10,32768,1,phase_per_round_queries,1,827327,,ok,,0,0,0,0,0,0,4114,325,50
whir_t128_capacity_full,minimal_subtree,128.0,whir_capacity_full,39,25|14,2,5932,640,10,32768,1,phase_transcript_setup,1,19432,,ok,,0,0,0,0,0,0,4114,325,50
whir_t128_capacity_full,minimal_subtree,128.0,whir_capacity_full,39,25|14,2,5932,640,10,32768,1,phase_final_round,2,49065,,ok,,0,0,0,0,0,0,4114,325,50
whir_t128_capacity_full,minimal_subtree,128.0,whir_capacity_full,39,25|14,2,5932,640,10,32768,1,phase_folding,2,12814,,ok,,0,0,0,0,0,0,4114,325,50
whir_t128_capacity_full,minimal_subtree,128.0,whir_capacity_full,39,25|14,2,5932,640,10,32768,1,phase_ood,2,12145,,ok,,0,0,0,0,0,0,4114,325,50
whir_t128_capacity_full,minimal_subtree,128.0,whir_capacity_full,39,25|14,2,5932,640,10,32768,1,phase_parse,2,1484,,ok,,0,0,0,0,0,0,4114,325,50
whir_t128_capacity_full,minimal_subtree,128.0,whir_capacity_full,39,25|14,2,5932,640,10,32768,1,phase_per_round_queries,2,827327,,ok,,0,0,0,0,0,0,4114,325,50
whir_t128_capacity_full,minimal_subtree,128.0,whir_capacity_full,39,25|14,2,5932,640,10,32768,1,phase_transcript_setup,2,19432,,ok,,0,0,0,0,0,0,4114,325,50
whir_t128_capacity_full,minimal_subtree,128.0,whir_capacity_full,39,25|14,2,5932,640,10,32768,1,phase_final_round,3,49065,,ok,,0,0,0,0,0,0,4114,325,50
whir_t128_capacity_full,minimal_subtree,128.0,whir_capacity_full,39,25|14,2,5932,640,10,32768,1,phase_folding,3,12814,,ok,,0,0,0,0,0,0,4114,325,50
whir_t128_capacity_full,minimal_subtree,128.0,whir_capacity_full,39,25|14,2,5932,640,10,32768,1,phase_ood,3,12145,,ok,,0,0,0,0,0,0,4114,325,50
whir_t128_capacity_full,minimal_subtree,128.0,whir_capacity_full,39,25|14,2,5932,640,10,32768,1,phase_parse,3,1484,,ok,,0,0,0,0,0,0,4114,325,50
whir_t128_capacity_full,minimal_subtree,128.0,whir_capacity_full,39,25|14,2,5932,640,10,32768,1,phase_per_round_queries,3,827327,,ok,,0,0,0,0,0,0,4114,325,50
whir_t128_capacity_full,minimal_subtree,128.0,whir_capacity_full,39,25|14,2,5932,640,10,32768,1,phase_transcript_setup,3,19432,,ok,,0,0,0,0,0,0,4114,325,50
whir_t128_capacity_full,minimal_subtree,128.0,whir_capacity_full,39,25|14,2,5932,640,10,32768,1,phase_final_round,4,49065,,ok,,0,0,0,0,0,0,4114,325,50
whir_t128_capacity_full,minimal_subtree,128.0,whir_capacity_full,39,25|14,2,5932,640,10,32768,1,phase_folding,4,12814,,ok,,0,0,0,0,0,0,4114,325,50
whir_t128_capacity_full,minimal_subtree,128.0,whir_capacity_full,39,25|14,2,5932,640,10,32768,1,phase_ood,4,12145,,ok,,0,0,0,0,0,0,4114,325,50
whir_t128_capacity_full,minimal_subtree,128.0,whir_capacity_full,39,25|14,2,5932,640,10,32768,1,phase_parse,4,1484,,ok,,0,0,0,0,0,0,4114,325,50
whir_t128_capacity_full,minimal_subtree,128.0,whir_capacity_full,39,25|14,2,5932,640,10,32768,1,phase_per_round_queries,4,827327,,ok,,0,0,0,0,0,0,4114,325,50
whir_t128_capacity_full,minimal_subtree,128.0,whir_capacity_full,39,25|14,2,5932,640,10,32768,1,phase_transcript_setup,4,19432,,ok,,0,0,0,0,0,0,4114,325,50
whir_t128_capacity_full,minimal_subtree,128.0,whir_capacity_full,39,25|14,2,5932,640,10,32768,1,phase_final_round,5,49065,,ok,,0,0,0,0,0,0,4114,325,50
whir_t128_capacity_full,minimal_subtree,128.0,whir_capacity_full,39,25|14,2,5932,640,10,32768,1,phase_folding,5,12814,,ok,,0,0,0,0,0,0,4114,325,50
whir_t128_capacity_full,minimal_subtree,128.0,whir_capacity_full,39,25|14,2,5932,640,10,32768,1,phase_ood,5,12145,,ok,,0,0,0,0,0,0,4114,325,50
whir_t128_capacity_full,minimal_subtree,128.0,whir_capacity_full,39,25|14,2,5932,640,10,32768,1,phase_parse,5,1484,,ok,,0,0,0,0,0,0,4114,325,50
whir_t128_capacity_full,minimal_subtree,128.0,whir_capacity_full,39,25|14,2,5932,640,10,32768,1,phase_per_round_queries,5,827327,,ok,,0,0,0,0,0,0,4114,325,50
whir_t128_capacity_full,minimal_subtree,128.0,whir_capacity_full,39,25|14,2,5932,640,10,32768,1,phase_transcript_setup,5,19432,,ok,,0,0,0,0,0,0,4114,325,50
whir_t128_capacity_full,minimal_subtree,128.0,whir_capacity_full,39,25|14,2,5932,640,10,32768,1,phase_final_round,6,49065,,ok,,0,0,0,0,0,0,4114,325,50
whir_t128_capacity_full,minimal_subtree,128.0,whir_capacity_full,39,25|14,2,5932,640,10,32768,1,phase_folding,6,12814,,ok,,0,0,0,0,0,0,4114,325,50
whir_t128_capacity_full,minimal_subtree,128.0,whir_capacity_full,39,25|14,2,5932,640,10,32768,1,phase_ood,6,12145,,ok,,0,0,0,0,0,0,4114,325,50
whir_t128_capacity_full,minimal_subtree,128.0,whir_capacity_full,39,25|14,2,5932,640,10,32768,1,phase_parse,6,1484,,ok,,0,0,0,0,0,0,4114,325,50
whir_t128_capacity_full,minimal_subtree,128.0,whir_capacity_full,39,25|14,2,5932,640,10,32768,1,phase_per_round_queries,6,827327,,ok,,0,0,0,0,0,0,4114,325,50
whir_t128_capacity_full,minimal_subtree,128.0,whir_capacity_full,39,25|14,2,5932,640,10,32768,1,phase_transcript_setup,6,19432,,ok,,0,0,0,0,0,0,4114,325,50
whir_t128_capacity_full,minimal_subtree,128.0,whir_capacity_full,39,25|14,2,5932,640,10,32768,1,phase_final_round,7,49065,,ok,,0,0,0,0,0,0,4114,325,50
whir_t128_capacity_full,minimal_subtree,128.0,whir_capacity_full,39,25|14,2,5932,640,10,32768,1,phase_folding,7,12814,,ok,,0,0,0,0,0,0,4114,325,50
whir_t128_capacity_full,minimal_subtree,128.0,whir_capacity_full,39,25|14,2,5932,640,10,32768,1,phase_ood,7,12145,,ok,,0,0,0,0,0,0,4114,325,50
whir_t128_capacity_full,minimal_subtree,128.0,whir_capacity_full,39,25|14,2,5932,640,10,32768,1,phase_parse,7,1484,,ok,,0,0,0,0,0,0,4114,325,50
whir_t128_capacity_full,minimal_subtree,128.0,whir_capacity_full,39,25|14,2,5932,640,10,32768,1,phase_per_round_queries,7,827327,,ok,,0,0,0,0,0,0,4114,325,50
whir_t128_capacity_full,minimal_subtree,128.0,whir_capacity_full,39,25|14,2,5932,640,10,32768,1,phase_transcript_setup,7,19432,,ok,,0,0,0,0,0,0,4114,325,50
whir_t128_capacity_full,minimal_subtree,128.0,whir_capacity_full,39,25|14,2,5932,640,10,32768,1,phase_final_round,8,49065,,ok,,0,0,0,0,0,0,4114,325,50
whir_t128_capacity_full,minimal_subtree,128.0,whir_capacity_full,39,25|14,2,5932,640,10,32768,1,phase_folding,8,12814,,ok,,0,0,0,0,0,0,4114,325,50
whir_t128_capacity_full,minimal_subtree,128.0,whir_capacity_full,39,25|14,2,5932,640,10,32768,1,phase_ood,8,12145,,ok,,0,0,0,0,0,0,4114,325,50
whir_t128_capacity_full,minimal_subtree,128.0,whir_capacity_full,39,25|14,2,5932,640,10,32768,1,phase_parse,8,1484,,ok,,0,0,0,0,0,0,4114,325,50
whir_t128_capacity_full,minimal_subtree,128.0,whir_capacity_full,39,25|14,2,5932,640,10,32768,1,phase_per_round_queries,8,827327,,ok,,0,0,0,0,0,0,4114,325,50
whir_t128_capacity_full,minimal_subtree,128.0,whir_capacity_full,39,25|14,2,5932,640,10,32768,1,phase_transcript_setup,8,19432,,ok,,0,0,0,0,0,0,4114,325,50
whir_t128_capacity_full,minimal_subtree,128.0,whir_capacity_full,39,25|14,2,5932,640,10,32768,1,phase_final_round,9,49065,,ok,,0,0,0,0,0,0,4114,325,50
whir_t128_capacity_full,minimal_subtree,128.0,whir_capacity_full,39,25|14,2,5932,640,10,32768,1,phase_folding,9,12814,,ok,,0,0,0,0,0,0,4114,325,50
whir_t128_capacity_full,minimal_subtree,128.0,whir_capacity_full,39,25|14,2,5932,640,10,32768,1,phase_ood,9,12145,,ok,,0,0,0,0,0,0,4114,325,50
whir_t128_capacity_full,minimal_subtree,128.0,whir_capacity_full,39,25|14,2,5932,640,10,32768,1,phase_parse,9,1484,,ok,,0,0,0,0,0,0,4114,325,50
whir_t128_capacity_full,minimal_subtree,128.0,whir_capacity_full,39,25|14,2,5932,640,10,32768,1,phase_per_round_queries,9,827327,,ok,,0,0,0,0,0,0,4114,325,50
whir_t128_capacity_full,minimal_subtree,128.0,whir_capacity_full,39,25|14,2,5932,640,10,32768,1,phase_transcript_setup,9,19432,,ok,,0,0,0,0,0,0,4114,325,50
whir_t128_capacity_full,minimal_subtree,128.0,whir_capacity_full,39,25|14,2,5932,640,10,0,0,verify_sbf_no_heap,0,919697,,ok,,315,19719,354,3301,250,25,4114,325,50
whir_t128_capacity_full,minimal_subtree,128.0,whir_capacity_full,39,25|14,2,5932,640,10,0,0,total_sbf_no_heap,0,932793,,ok,,315,19719,354,3301,250,25,4114,325,50
whir_t128_johnson_full,separate_paths,128.0,whir_johnson_full,78,50|28,1,29512,640,47,32768,1,host_verify,0,,16540792,ok,,1053,69885,708,6563,500,50,8176,650,100
whir_t128_johnson_full,separate_paths,128.0,whir_johnson_full,78,50|28,1,29512,640,47,0,0,upload_total,0,62367,,ok,,0,0,0,0,0,0,8176,650,100
whir_t128_johnson_full,separate_paths,128.0,whir_johnson_full,78,50|28,1,29512,640,47,32768,1,verify_sbf,0,1400000,,simulation_error,"{""InstructionError"":[2,""ProgramFailedToComplete""]}",1053,69885,708,6563,500,50,8176,650,100
whir_t128_johnson_full,separate_paths,128.0,whir_johnson_full,78,50|28,1,29512,640,47,32768,1,total_sbf,0,1462367,,simulation_error,"{""InstructionError"":[2,""ProgramFailedToComplete""]}",1053,69885,708,6563,500,50,8176,650,100
whir_t128_johnson_full,separate_paths,128.0,whir_johnson_full,78,50|28,1,29512,640,47,32768,1,verify_sbf,1,1400000,,simulation_error,"{""InstructionError"":[2,""ProgramFailedToComplete""]}",1053,69885,708,6563,500,50,8176,650,100
whir_t128_johnson_full,separate_paths,128.0,whir_johnson_full,78,50|28,1,29512,640,47,32768,1,total_sbf,1,1462367,,simulation_error,"{""InstructionError"":[2,""ProgramFailedToComplete""]}",1053,69885,708,6563,500,50,8176,650,100
whir_t128_johnson_full,separate_paths,128.0,whir_johnson_full,78,50|28,1,29512,640,47,32768,1,verify_sbf,2,1400000,,simulation_error,"{""InstructionError"":[2,""ProgramFailedToComplete""]}",1053,69885,708,6563,500,50,8176,650,100
whir_t128_johnson_full,separate_paths,128.0,whir_johnson_full,78,50|28,1,29512,640,47,32768,1,total_sbf,2,1462367,,simulation_error,"{""InstructionError"":[2,""ProgramFailedToComplete""]}",1053,69885,708,6563,500,50,8176,650,100
whir_t128_johnson_full,separate_paths,128.0,whir_johnson_full,78,50|28,1,29512,640,47,32768,1,verify_sbf,3,1400000,,simulation_error,"{""InstructionError"":[2,""ProgramFailedToComplete""]}",1053,69885,708,6563,500,50,8176,650,100
whir_t128_johnson_full,separate_paths,128.0,whir_johnson_full,78,50|28,1,29512,640,47,32768,1,total_sbf,3,1462367,,simulation_error,"{""InstructionError"":[2,""ProgramFailedToComplete""]}",1053,69885,708,6563,500,50,8176,650,100
whir_t128_johnson_full,separate_paths,128.0,whir_johnson_full,78,50|28,1,29512,640,47,32768,1,verify_sbf,4,1400000,,simulation_error,"{""InstructionError"":[2,""ProgramFailedToComplete""]}",1053,69885,708,6563,500,50,8176,650,100
whir_t128_johnson_full,separate_paths,128.0,whir_johnson_full,78,50|28,1,29512,640,47,32768,1,total_sbf,4,1462367,,simulation_error,"{""InstructionError"":[2,""ProgramFailedToComplete""]}",1053,69885,708,6563,500,50,8176,650,100
whir_t128_johnson_full,separate_paths,128.0,whir_johnson_full,78,50|28,1,29512,640,47,32768,1,verify_sbf,5,1400000,,simulation_error,"{""InstructionError"":[2,""ProgramFailedToComplete""]}",1053,69885,708,6563,500,50,8176,650,100
whir_t128_johnson_full,separate_paths,128.0,whir_johnson_full,78,50|28,1,29512,640,47,32768,1,total_sbf,5,1462367,,simulation_error,"{""InstructionError"":[2,""ProgramFailedToComplete""]}",1053,69885,708,6563,500,50,8176,650,100
whir_t128_johnson_full,separate_paths,128.0,whir_johnson_full,78,50|28,1,29512,640,47,32768,1,verify_sbf,6,1400000,,simulation_error,"{""InstructionError"":[2,""ProgramFailedToComplete""]}",1053,69885,708,6563,500,50,8176,650,100
whir_t128_johnson_full,separate_paths,128.0,whir_johnson_full,78,50|28,1,29512,640,47,32768,1,total_sbf,6,1462367,,simulation_error,"{""InstructionError"":[2,""ProgramFailedToComplete""]}",1053,69885,708,6563,500,50,8176,650,100
whir_t128_johnson_full,separate_paths,128.0,whir_johnson_full,78,50|28,1,29512,640,47,32768,1,verify_sbf,7,1400000,,simulation_error,"{""InstructionError"":[2,""ProgramFailedToComplete""]}",1053,69885,708,6563,500,50,8176,650,100
whir_t128_johnson_full,separate_paths,128.0,whir_johnson_full,78,50|28,1,29512,640,47,32768,1,total_sbf,7,1462367,,simulation_error,"{""InstructionError"":[2,""ProgramFailedToComplete""]}",1053,69885,708,6563,500,50,8176,650,100
whir_t128_johnson_full,separate_paths,128.0,whir_johnson_full,78,50|28,1,29512,640,47,32768,1,verify_sbf,8,1400000,,simulation_error,"{""InstructionError"":[2,""ProgramFailedToComplete""]}",1053,69885,708,6563,500,50,8176,650,100
whir_t128_johnson_full,separate_paths,128.0,whir_johnson_full,78,50|28,1,29512,640,47,32768,1,total_sbf,8,1462367,,simulation_error,"{""InstructionError"":[2,""ProgramFailedToComplete""]}",1053,69885,708,6563,500,50,8176,650,100
whir_t128_johnson_full,separate_paths,128.0,whir_johnson_full,78,50|28,1,29512,640,47,32768,1,verify_sbf,9,1400000,,simulation_error,"{""InstructionError"":[2,""ProgramFailedToComplete""]}",1053,69885,708,6563,500,50,8176,650,100
whir_t128_johnson_full,separate_paths,128.0,whir_johnson_full,78,50|28,1,29512,640,47,32768,1,total_sbf,9,1462367,,simulation_error,"{""InstructionError"":[2,""ProgramFailedToComplete""]}",1053,69885,708,6563,500,50,8176,650,100
whir_t128_johnson_full,separate_paths,128.0,whir_johnson_full,78,50|28,1,29512,640,47,32768,1,phase_folding,0,6165,,simulation_error,"{""InstructionError"":[2,""ProgramFailedToComplete""]}",0,0,0,0,0,0,8176,650,100
whir_t128_johnson_full,separate_paths,128.0,whir_johnson_full,78,50|28,1,29512,640,47,32768,1,phase_ood,0,9744,,simulation_error,"{""InstructionError"":[2,""ProgramFailedToComplete""]}",0,0,0,0,0,0,8176,650,100
whir_t128_johnson_full,separate_paths,128.0,whir_johnson_full,78,50|28,1,29512,640,47,32768,1,phase_parse,0,1486,,simulation_error,"{""InstructionError"":[2,""ProgramFailedToComplete""]}",0,0,0,0,0,0,8176,650,100
whir_t128_johnson_full,separate_paths,128.0,whir_johnson_full,78,50|28,1,29512,640,47,32768,1,phase_transcript_setup,0,11669,,simulation_error,"{""InstructionError"":[2,""ProgramFailedToComplete""]}",0,0,0,0,0,0,8176,650,100
whir_t128_johnson_full,separate_paths,128.0,whir_johnson_full,78,50|28,1,29512,640,47,32768,1,phase_folding,1,6165,,simulation_error,"{""InstructionError"":[2,""ProgramFailedToComplete""]}",0,0,0,0,0,0,8176,650,100
whir_t128_johnson_full,separate_paths,128.0,whir_johnson_full,78,50|28,1,29512,640,47,32768,1,phase_ood,1,9744,,simulation_error,"{""InstructionError"":[2,""ProgramFailedToComplete""]}",0,0,0,0,0,0,8176,650,100
whir_t128_johnson_full,separate_paths,128.0,whir_johnson_full,78,50|28,1,29512,640,47,32768,1,phase_parse,1,1486,,simulation_error,"{""InstructionError"":[2,""ProgramFailedToComplete""]}",0,0,0,0,0,0,8176,650,100
whir_t128_johnson_full,separate_paths,128.0,whir_johnson_full,78,50|28,1,29512,640,47,32768,1,phase_transcript_setup,1,11669,,simulation_error,"{""InstructionError"":[2,""ProgramFailedToComplete""]}",0,0,0,0,0,0,8176,650,100
whir_t128_johnson_full,separate_paths,128.0,whir_johnson_full,78,50|28,1,29512,640,47,32768,1,phase_folding,2,6165,,simulation_error,"{""InstructionError"":[2,""ProgramFailedToComplete""]}",0,0,0,0,0,0,8176,650,100
whir_t128_johnson_full,separate_paths,128.0,whir_johnson_full,78,50|28,1,29512,640,47,32768,1,phase_ood,2,9744,,simulation_error,"{""InstructionError"":[2,""ProgramFailedToComplete""]}",0,0,0,0,0,0,8176,650,100
whir_t128_johnson_full,separate_paths,128.0,whir_johnson_full,78,50|28,1,29512,640,47,32768,1,phase_parse,2,1486,,simulation_error,"{""InstructionError"":[2,""ProgramFailedToComplete""]}",0,0,0,0,0,0,8176,650,100
whir_t128_johnson_full,separate_paths,128.0,whir_johnson_full,78,50|28,1,29512,640,47,32768,1,phase_transcript_setup,2,11669,,simulation_error,"{""InstructionError"":[2,""ProgramFailedToComplete""]}",0,0,0,0,0,0,8176,650,100
whir_t128_johnson_full,separate_paths,128.0,whir_johnson_full,78,50|28,1,29512,640,47,32768,1,phase_folding,3,6165,,simulation_error,"{""InstructionError"":[2,""ProgramFailedToComplete""]}",0,0,0,0,0,0,8176,650,100
whir_t128_johnson_full,separate_paths,128.0,whir_johnson_full,78,50|28,1,29512,640,47,32768,1,phase_ood,3,9744,,simulation_error,"{""InstructionError"":[2,""ProgramFailedToComplete""]}",0,0,0,0,0,0,8176,650,100
whir_t128_johnson_full,separate_paths,128.0,whir_johnson_full,78,50|28,1,29512,640,47,32768,1,phase_parse,3,1486,,simulation_error,"{""InstructionError"":[2,""ProgramFailedToComplete""]}",0,0,0,0,0,0,8176,650,100
whir_t128_johnson_full,separate_paths,128.0,whir_johnson_full,78,50|28,1,29512,640,47,32768,1,phase_transcript_setup,3,11669,,simulation_error,"{""InstructionError"":[2,""ProgramFailedToComplete""]}",0,0,0,0,0,0,8176,650,100
whir_t128_johnson_full,separate_paths,128.0,whir_johnson_full,78,50|28,1,29512,640,47,32768,1,phase_folding,4,6165,,simulation_error,"{""InstructionError"":[2,""ProgramFailedToComplete""]}",0,0,0,0,0,0,8176,650,100
whir_t128_johnson_full,separate_paths,128.0,whir_johnson_full,78,50|28,1,29512,640,47,32768,1,phase_ood,4,9744,,simulation_error,"{""InstructionError"":[2,""ProgramFailedToComplete""]}",0,0,0,0,0,0,8176,650,100
whir_t128_johnson_full,separate_paths,128.0,whir_johnson_full,78,50|28,1,29512,640,47,32768,1,phase_parse,4,1486,,simulation_error,"{""InstructionError"":[2,""ProgramFailedToComplete""]}",0,0,0,0,0,0,8176,650,100
whir_t128_johnson_full,separate_paths,128.0,whir_johnson_full,78,50|28,1,29512,640,47,32768,1,phase_transcript_setup,4,11669,,simulation_error,"{""InstructionError"":[2,""ProgramFailedToComplete""]}",0,0,0,0,0,0,8176,650,100
whir_t128_johnson_full,separate_paths,128.0,whir_johnson_full,78,50|28,1,29512,640,47,32768,1,phase_folding,5,6165,,simulation_error,"{""InstructionError"":[2,""ProgramFailedToComplete""]}",0,0,0,0,0,0,8176,650,100
whir_t128_johnson_full,separate_paths,128.0,whir_johnson_full,78,50|28,1,29512,640,47,32768,1,phase_ood,5,9744,,simulation_error,"{""InstructionError"":[2,""ProgramFailedToComplete""]}",0,0,0,0,0,0,8176,650,100
whir_t128_johnson_full,separate_paths,128.0,whir_johnson_full,78,50|28,1,29512,640,47,32768,1,phase_parse,5,1486,,simulation_error,"{""InstructionError"":[2,""ProgramFailedToComplete""]}",0,0,0,0,0,0,8176,650,100
whir_t128_johnson_full,separate_paths,128.0,whir_johnson_full,78,50|28,1,29512,640,47,32768,1,phase_transcript_setup,5,11669,,simulation_error,"{""InstructionError"":[2,""ProgramFailedToComplete""]}",0,0,0,0,0,0,8176,650,100
whir_t128_johnson_full,separate_paths,128.0,whir_johnson_full,78,50|28,1,29512,640,47,32768,1,phase_folding,6,6165,,simulation_error,"{""InstructionError"":[2,""ProgramFailedToComplete""]}",0,0,0,0,0,0,8176,650,100
whir_t128_johnson_full,separate_paths,128.0,whir_johnson_full,78,50|28,1,29512,640,47,32768,1,phase_ood,6,9744,,simulation_error,"{""InstructionError"":[2,""ProgramFailedToComplete""]}",0,0,0,0,0,0,8176,650,100
whir_t128_johnson_full,separate_paths,128.0,whir_johnson_full,78,50|28,1,29512,640,47,32768,1,phase_parse,6,1486,,simulation_error,"{""InstructionError"":[2,""ProgramFailedToComplete""]}",0,0,0,0,0,0,8176,650,100
whir_t128_johnson_full,separate_paths,128.0,whir_johnson_full,78,50|28,1,29512,640,47,32768,1,phase_transcript_setup,6,11669,,simulation_error,"{""InstructionError"":[2,""ProgramFailedToComplete""]}",0,0,0,0,0,0,8176,650,100
whir_t128_johnson_full,separate_paths,128.0,whir_johnson_full,78,50|28,1,29512,640,47,32768,1,phase_folding,7,6165,,simulation_error,"{""InstructionError"":[2,""ProgramFailedToComplete""]}",0,0,0,0,0,0,8176,650,100
whir_t128_johnson_full,separate_paths,128.0,whir_johnson_full,78,50|28,1,29512,640,47,32768,1,phase_ood,7,9744,,simulation_error,"{""InstructionError"":[2,""ProgramFailedToComplete""]}",0,0,0,0,0,0,8176,650,100
whir_t128_johnson_full,separate_paths,128.0,whir_johnson_full,78,50|28,1,29512,640,47,32768,1,phase_parse,7,1486,,simulation_error,"{""InstructionError"":[2,""ProgramFailedToComplete""]}",0,0,0,0,0,0,8176,650,100
whir_t128_johnson_full,separate_paths,128.0,whir_johnson_full,78,50|28,1,29512,640,47,32768,1,phase_transcript_setup,7,11669,,simulation_error,"{""InstructionError"":[2,""ProgramFailedToComplete""]}",0,0,0,0,0,0,8176,650,100
whir_t128_johnson_full,separate_paths,128.0,whir_johnson_full,78,50|28,1,29512,640,47,32768,1,phase_folding,8,6165,,simulation_error,"{""InstructionError"":[2,""ProgramFailedToComplete""]}",0,0,0,0,0,0,8176,650,100
whir_t128_johnson_full,separate_paths,128.0,whir_johnson_full,78,50|28,1,29512,640,47,32768,1,phase_ood,8,9744,,simulation_error,"{""InstructionError"":[2,""ProgramFailedToComplete""]}",0,0,0,0,0,0,8176,650,100
whir_t128_johnson_full,separate_paths,128.0,whir_johnson_full,78,50|28,1,29512,640,47,32768,1,phase_parse,8,1486,,simulation_error,"{""InstructionError"":[2,""ProgramFailedToComplete""]}",0,0,0,0,0,0,8176,650,100
whir_t128_johnson_full,separate_paths,128.0,whir_johnson_full,78,50|28,1,29512,640,47,32768,1,phase_transcript_setup,8,11669,,simulation_error,"{""InstructionError"":[2,""ProgramFailedToComplete""]}",0,0,0,0,0,0,8176,650,100
whir_t128_johnson_full,separate_paths,128.0,whir_johnson_full,78,50|28,1,29512,640,47,32768,1,phase_folding,9,6165,,simulation_error,"{""InstructionError"":[2,""ProgramFailedToComplete""]}",0,0,0,0,0,0,8176,650,100
whir_t128_johnson_full,separate_paths,128.0,whir_johnson_full,78,50|28,1,29512,640,47,32768,1,phase_ood,9,9744,,simulation_error,"{""InstructionError"":[2,""ProgramFailedToComplete""]}",0,0,0,0,0,0,8176,650,100
whir_t128_johnson_full,separate_paths,128.0,whir_johnson_full,78,50|28,1,29512,640,47,32768,1,phase_parse,9,1486,,simulation_error,"{""InstructionError"":[2,""ProgramFailedToComplete""]}",0,0,0,0,0,0,8176,650,100
whir_t128_johnson_full,separate_paths,128.0,whir_johnson_full,78,50|28,1,29512,640,47,32768,1,phase_transcript_setup,9,11669,,simulation_error,"{""InstructionError"":[2,""ProgramFailedToComplete""]}",0,0,0,0,0,0,8176,650,100
whir_t128_johnson_full,separate_paths,128.0,whir_johnson_full,78,50|28,1,29512,640,47,0,0,verify_sbf_no_heap,0,1400000,,simulation_error,"{""InstructionError"":[1,""ProgramFailedToComplete""]}",1053,69885,708,6563,500,50,8176,650,100
whir_t128_johnson_full,separate_paths,128.0,whir_johnson_full,78,50|28,1,29512,640,47,0,0,total_sbf_no_heap,0,1462367,,simulation_error,"{""InstructionError"":[1,""ProgramFailedToComplete""]}",1053,69885,708,6563,500,50,8176,650,100
whir_t128_johnson_full,minimal_subtree,128.0,whir_johnson_full,78,50|28,1,9896,640,16,32768,1,host_verify,0,,19406000,ok,,440,28201,708,6563,500,50,8176,650,100
whir_t128_johnson_full,minimal_subtree,128.0,whir_johnson_full,78,50|28,1,9896,640,16,0,0,upload_total,0,21156,,ok,,0,0,0,0,0,0,8176,650,100
whir_t128_johnson_full,minimal_subtree,128.0,whir_johnson_full,78,50|28,1,9896,640,16,32768,1,verify_sbf,0,1400000,,simulation_error,"{""InstructionError"":[2,""ProgramFailedToComplete""]}",440,28201,708,6563,500,50,8176,650,100
whir_t128_johnson_full,minimal_subtree,128.0,whir_johnson_full,78,50|28,1,9896,640,16,32768,1,total_sbf,0,1421156,,simulation_error,"{""InstructionError"":[2,""ProgramFailedToComplete""]}",440,28201,708,6563,500,50,8176,650,100
whir_t128_johnson_full,minimal_subtree,128.0,whir_johnson_full,78,50|28,1,9896,640,16,32768,1,verify_sbf,1,1400000,,simulation_error,"{""InstructionError"":[2,""ProgramFailedToComplete""]}",440,28201,708,6563,500,50,8176,650,100
whir_t128_johnson_full,minimal_subtree,128.0,whir_johnson_full,78,50|28,1,9896,640,16,32768,1,total_sbf,1,1421156,,simulation_error,"{""InstructionError"":[2,""ProgramFailedToComplete""]}",440,28201,708,6563,500,50,8176,650,100
whir_t128_johnson_full,minimal_subtree,128.0,whir_johnson_full,78,50|28,1,9896,640,16,32768,1,verify_sbf,2,1400000,,simulation_error,"{""InstructionError"":[2,""ProgramFailedToComplete""]}",440,28201,708,6563,500,50,8176,650,100
whir_t128_johnson_full,minimal_subtree,128.0,whir_johnson_full,78,50|28,1,9896,640,16,32768,1,total_sbf,2,1421156,,simulation_error,"{""InstructionError"":[2,""ProgramFailedToComplete""]}",440,28201,708,6563,500,50,8176,650,100
whir_t128_johnson_full,minimal_subtree,128.0,whir_johnson_full,78,50|28,1,9896,640,16,32768,1,verify_sbf,3,1400000,,simulation_error,"{""InstructionError"":[2,""ProgramFailedToComplete""]}",440,28201,708,6563,500,50,8176,650,100
whir_t128_johnson_full,minimal_subtree,128.0,whir_johnson_full,78,50|28,1,9896,640,16,32768,1,total_sbf,3,1421156,,simulation_error,"{""InstructionError"":[2,""ProgramFailedToComplete""]}",440,28201,708,6563,500,50,8176,650,100
whir_t128_johnson_full,minimal_subtree,128.0,whir_johnson_full,78,50|28,1,9896,640,16,32768,1,verify_sbf,4,1400000,,simulation_error,"{""InstructionError"":[2,""ProgramFailedToComplete""]}",440,28201,708,6563,500,50,8176,650,100
whir_t128_johnson_full,minimal_subtree,128.0,whir_johnson_full,78,50|28,1,9896,640,16,32768,1,total_sbf,4,1421156,,simulation_error,"{""InstructionError"":[2,""ProgramFailedToComplete""]}",440,28201,708,6563,500,50,8176,650,100
whir_t128_johnson_full,minimal_subtree,128.0,whir_johnson_full,78,50|28,1,9896,640,16,32768,1,verify_sbf,5,1400000,,simulation_error,"{""InstructionError"":[2,""ProgramFailedToComplete""]}",440,28201,708,6563,500,50,8176,650,100
whir_t128_johnson_full,minimal_subtree,128.0,whir_johnson_full,78,50|28,1,9896,640,16,32768,1,total_sbf,5,1421156,,simulation_error,"{""InstructionError"":[2,""ProgramFailedToComplete""]}",440,28201,708,6563,500,50,8176,650,100
whir_t128_johnson_full,minimal_subtree,128.0,whir_johnson_full,78,50|28,1,9896,640,16,32768,1,verify_sbf,6,1400000,,simulation_error,"{""InstructionError"":[2,""ProgramFailedToComplete""]}",440,28201,708,6563,500,50,8176,650,100
whir_t128_johnson_full,minimal_subtree,128.0,whir_johnson_full,78,50|28,1,9896,640,16,32768,1,total_sbf,6,1421156,,simulation_error,"{""InstructionError"":[2,""ProgramFailedToComplete""]}",440,28201,708,6563,500,50,8176,650,100
whir_t128_johnson_full,minimal_subtree,128.0,whir_johnson_full,78,50|28,1,9896,640,16,32768,1,verify_sbf,7,1400000,,simulation_error,"{""InstructionError"":[2,""ProgramFailedToComplete""]}",440,28201,708,6563,500,50,8176,650,100
whir_t128_johnson_full,minimal_subtree,128.0,whir_johnson_full,78,50|28,1,9896,640,16,32768,1,total_sbf,7,1421156,,simulation_error,"{""InstructionError"":[2,""ProgramFailedToComplete""]}",440,28201,708,6563,500,50,8176,650,100
whir_t128_johnson_full,minimal_subtree,128.0,whir_johnson_full,78,50|28,1,9896,640,16,32768,1,verify_sbf,8,1400000,,simulation_error,"{""InstructionError"":[2,""ProgramFailedToComplete""]}",440,28201,708,6563,500,50,8176,650,100
whir_t128_johnson_full,minimal_subtree,128.0,whir_johnson_full,78,50|28,1,9896,640,16,32768,1,total_sbf,8,1421156,,simulation_error,"{""InstructionError"":[2,""ProgramFailedToComplete""]}",440,28201,708,6563,500,50,8176,650,100
whir_t128_johnson_full,minimal_subtree,128.0,whir_johnson_full,78,50|28,1,9896,640,16,32768,1,verify_sbf,9,1400000,,simulation_error,"{""InstructionError"":[2,""ProgramFailedToComplete""]}",440,28201,708,6563,500,50,8176,650,100
whir_t128_johnson_full,minimal_subtree,128.0,whir_johnson_full,78,50|28,1,9896,640,16,32768,1,total_sbf,9,1421156,,simulation_error,"{""InstructionError"":[2,""ProgramFailedToComplete""]}",440,28201,708,6563,500,50,8176,650,100
whir_t128_johnson_full,minimal_subtree,128.0,whir_johnson_full,78,50|28,1,9896,640,16,32768,1,phase_folding,0,6154,,simulation_error,"{""InstructionError"":[2,""ProgramFailedToComplete""]}",0,0,0,0,0,0,8176,650,100
whir_t128_johnson_full,minimal_subtree,128.0,whir_johnson_full,78,50|28,1,9896,640,16,32768,1,phase_ood,0,9744,,simulation_error,"{""InstructionError"":[2,""ProgramFailedToComplete""]}",0,0,0,0,0,0,8176,650,100
whir_t128_johnson_full,minimal_subtree,128.0,whir_johnson_full,78,50|28,1,9896,640,16,32768,1,phase_parse,0,1484,,simulation_error,"{""InstructionError"":[2,""ProgramFailedToComplete""]}",0,0,0,0,0,0,8176,650,100
whir_t128_johnson_full,minimal_subtree,128.0,whir_johnson_full,78,50|28,1,9896,640,16,32768,1,phase_transcript_setup,0,11670,,simulation_error,"{""InstructionError"":[2,""ProgramFailedToComplete""]}",0,0,0,0,0,0,8176,650,100
whir_t128_johnson_full,minimal_subtree,128.0,whir_johnson_full,78,50|28,1,9896,640,16,32768,1,phase_folding,1,6154,,simulation_error,"{""InstructionError"":[2,""ProgramFailedToComplete""]}",0,0,0,0,0,0,8176,650,100
whir_t128_johnson_full,minimal_subtree,128.0,whir_johnson_full,78,50|28,1,9896,640,16,32768,1,phase_ood,1,9744,,simulation_error,"{""InstructionError"":[2,""ProgramFailedToComplete""]}",0,0,0,0,0,0,8176,650,100
whir_t128_johnson_full,minimal_subtree,128.0,whir_johnson_full,78,50|28,1,9896,640,16,32768,1,phase_parse,1,1484,,simulation_error,"{""InstructionError"":[2,""ProgramFailedToComplete""]}",0,0,0,0,0,0,8176,650,100
whir_t128_johnson_full,minimal_subtree,128.0,whir_johnson_full,78,50|28,1,9896,640,16,32768,1,phase_transcript_setup,1,11670,,simulation_error,"{""InstructionError"":[2,""ProgramFailedToComplete""]}",0,0,0,0,0,0,8176,650,100
whir_t128_johnson_full,minimal_subtree,128.0,whir_johnson_full,78,50|28,1,9896,640,16,32768,1,phase_folding,2,6154,,simulation_error,"{""InstructionError"":[2,""ProgramFailedToComplete""]}",0,0,0,0,0,0,8176,650,100
whir_t128_johnson_full,minimal_subtree,128.0,whir_johnson_full,78,50|28,1,9896,640,16,32768,1,phase_ood,2,9744,,simulation_error,"{""InstructionError"":[2,""ProgramFailedToComplete""]}",0,0,0,0,0,0,8176,650,100
whir_t128_johnson_full,minimal_subtree,128.0,whir_johnson_full,78,50|28,1,9896,640,16,32768,1,phase_parse,2,1484,,simulation_error,"{""InstructionError"":[2,""ProgramFailedToComplete""]}",0,0,0,0,0,0,8176,650,100
whir_t128_johnson_full,minimal_subtree,128.0,whir_johnson_full,78,50|28,1,9896,640,16,32768,1,phase_transcript_setup,2,11670,,simulation_error,"{""InstructionError"":[2,""ProgramFailedToComplete""]}",0,0,0,0,0,0,8176,650,100
whir_t128_johnson_full,minimal_subtree,128.0,whir_johnson_full,78,50|28,1,9896,640,16,32768,1,phase_folding,3,6154,,simulation_error,"{""InstructionError"":[2,""ProgramFailedToComplete""]}",0,0,0,0,0,0,8176,650,100
whir_t128_johnson_full,minimal_subtree,128.0,whir_johnson_full,78,50|28,1,9896,640,16,32768,1,phase_ood,3,9744,,simulation_error,"{""InstructionError"":[2,""ProgramFailedToComplete""]}",0,0,0,0,0,0,8176,650,100
whir_t128_johnson_full,minimal_subtree,128.0,whir_johnson_full,78,50|28,1,9896,640,16,32768,1,phase_parse,3,1484,,simulation_error,"{""InstructionError"":[2,""ProgramFailedToComplete""]}",0,0,0,0,0,0,8176,650,100
whir_t128_johnson_full,minimal_subtree,128.0,whir_johnson_full,78,50|28,1,9896,640,16,32768,1,phase_transcript_setup,3,11670,,simulation_error,"{""InstructionError"":[2,""ProgramFailedToComplete""]}",0,0,0,0,0,0,8176,650,100
whir_t128_johnson_full,minimal_subtree,128.0,whir_johnson_full,78,50|28,1,9896,640,16,32768,1,phase_folding,4,6154,,simulation_error,"{""InstructionError"":[2,""ProgramFailedToComplete""]}",0,0,0,0,0,0,8176,650,100
whir_t128_johnson_full,minimal_subtree,128.0,whir_johnson_full,78,50|28,1,9896,640,16,32768,1,phase_ood,4,9744,,simulation_error,"{""InstructionError"":[2,""ProgramFailedToComplete""]}",0,0,0,0,0,0,8176,650,100
whir_t128_johnson_full,minimal_subtree,128.0,whir_johnson_full,78,50|28,1,9896,640,16,32768,1,phase_parse,4,1484,,simulation_error,"{""InstructionError"":[2,""ProgramFailedToComplete""]}",0,0,0,0,0,0,8176,650,100
whir_t128_johnson_full,minimal_subtree,128.0,whir_johnson_full,78,50|28,1,9896,640,16,32768,1,phase_transcript_setup,4,11670,,simulation_error,"{""InstructionError"":[2,""ProgramFailedToComplete""]}",0,0,0,0,0,0,8176,650,100
whir_t128_johnson_full,minimal_subtree,128.0,whir_johnson_full,78,50|28,1,9896,640,16,32768,1,phase_folding,5,6154,,simulation_error,"{""InstructionError"":[2,""ProgramFailedToComplete""]}",0,0,0,0,0,0,8176,650,100
whir_t128_johnson_full,minimal_subtree,128.0,whir_johnson_full,78,50|28,1,9896,640,16,32768,1,phase_ood,5,9744,,simulation_error,"{""InstructionError"":[2,""ProgramFailedToComplete""]}",0,0,0,0,0,0,8176,650,100
whir_t128_johnson_full,minimal_subtree,128.0,whir_johnson_full,78,50|28,1,9896,640,16,32768,1,phase_parse,5,1484,,simulation_error,"{""InstructionError"":[2,""ProgramFailedToComplete""]}",0,0,0,0,0,0,8176,650,100
whir_t128_johnson_full,minimal_subtree,128.0,whir_johnson_full,78,50|28,1,9896,640,16,32768,1,phase_transcript_setup,5,11670,,simulation_error,"{""InstructionError"":[2,""ProgramFailedToComplete""]}",0,0,0,0,0,0,8176,650,100
whir_t128_johnson_full,minimal_subtree,128.0,whir_johnson_full,78,50|28,1,9896,640,16,32768,1,phase_folding,6,6154,,simulation_error,"{""InstructionError"":[2,""ProgramFailedToComplete""]}",0,0,0,0,0,0,8176,650,100
whir_t128_johnson_full,minimal_subtree,128.0,whir_johnson_full,78,50|28,1,9896,640,16,32768,1,phase_ood,6,9744,,simulation_error,"{""InstructionError"":[2,""ProgramFailedToComplete""]}",0,0,0,0,0,0,8176,650,100
whir_t128_johnson_full,minimal_subtree,128.0,whir_johnson_full,78,50|28,1,9896,640,16,32768,1,phase_parse,6,1484,,simulation_error,"{""InstructionError"":[2,""ProgramFailedToComplete""]}",0,0,0,0,0,0,8176,650,100
whir_t128_johnson_full,minimal_subtree,128.0,whir_johnson_full,78,50|28,1,9896,640,16,32768,1,phase_transcript_setup,6,11670,,simulation_error,"{""InstructionError"":[2,""ProgramFailedToComplete""]}",0,0,0,0,0,0,8176,650,100
whir_t128_johnson_full,minimal_subtree,128.0,whir_johnson_full,78,50|28,1,9896,640,16,32768,1,phase_folding,7,6154,,simulation_error,"{""InstructionError"":[2,""ProgramFailedToComplete""]}",0,0,0,0,0,0,8176,650,100
whir_t128_johnson_full,minimal_subtree,128.0,whir_johnson_full,78,50|28,1,9896,640,16,32768,1,phase_ood,7,9744,,simulation_error,"{""InstructionError"":[2,""ProgramFailedToComplete""]}",0,0,0,0,0,0,8176,650,100
whir_t128_johnson_full,minimal_subtree,128.0,whir_johnson_full,78,50|28,1,9896,640,16,32768,1,phase_parse,7,1484,,simulation_error,"{""InstructionError"":[2,""ProgramFailedToComplete""]}",0,0,0,0,0,0,8176,650,100
whir_t128_johnson_full,minimal_subtree,128.0,whir_johnson_full,78,50|28,1,9896,640,16,32768,1,phase_transcript_setup,7,11670,,simulation_error,"{""InstructionError"":[2,""ProgramFailedToComplete""]}",0,0,0,0,0,0,8176,650,100
whir_t128_johnson_full,minimal_subtree,128.0,whir_johnson_full,78,50|28,1,9896,640,16,32768,1,phase_folding,8,6154,,simulation_error,"{""InstructionError"":[2,""ProgramFailedToComplete""]}",0,0,0,0,0,0,8176,650,100
whir_t128_johnson_full,minimal_subtree,128.0,whir_johnson_full,78,50|28,1,9896,640,16,32768,1,phase_ood,8,9744,,simulation_error,"{""InstructionError"":[2,""ProgramFailedToComplete""]}",0,0,0,0,0,0,8176,650,100
whir_t128_johnson_full,minimal_subtree,128.0,whir_johnson_full,78,50|28,1,9896,640,16,32768,1,phase_parse,8,1484,,simulation_error,"{""InstructionError"":[2,""ProgramFailedToComplete""]}",0,0,0,0,0,0,8176,650,100
whir_t128_johnson_full,minimal_subtree,128.0,whir_johnson_full,78,50|28,1,9896,640,16,32768,1,phase_transcript_setup,8,11670,,simulation_error,"{""InstructionError"":[2,""ProgramFailedToComplete""]}",0,0,0,0,0,0,8176,650,100
whir_t128_johnson_full,minimal_subtree,128.0,whir_johnson_full,78,50|28,1,9896,640,16,32768,1,phase_folding,9,6154,,simulation_error,"{""InstructionError"":[2,""ProgramFailedToComplete""]}",0,0,0,0,0,0,8176,650,100
whir_t128_johnson_full,minimal_subtree,128.0,whir_johnson_full,78,50|28,1,9896,640,16,32768,1,phase_ood,9,9744,,simulation_error,"{""InstructionError"":[2,""ProgramFailedToComplete""]}",0,0,0,0,0,0,8176,650,100
whir_t128_johnson_full,minimal_subtree,128.0,whir_johnson_full,78,50|28,1,9896,640,16,32768,1,phase_parse,9,1484,,simulation_error,"{""InstructionError"":[2,""ProgramFailedToComplete""]}",0,0,0,0,0,0,8176,650,100
whir_t128_johnson_full,minimal_subtree,128.0,whir_johnson_full,78,50|28,1,9896,640,16,32768,1,phase_transcript_setup,9,11670,,simulation_error,"{""InstructionError"":[2,""ProgramFailedToComplete""]}",0,0,0,0,0,0,8176,650,100
whir_t128_johnson_full,minimal_subtree,128.0,whir_johnson_full,78,50|28,1,9896,640,16,0,0,verify_sbf_no_heap,0,1400000,,simulation_error,"{""InstructionError"":[1,""ProgramFailedToComplete""]}",440,28201,708,6563,500,50,8176,650,100
whir_t128_johnson_full,minimal_subtree,128.0,whir_johnson_full,78,50|28,1,9896,640,16,0,0,total_sbf_no_heap,0,1421156,,simulation_error,"{""InstructionError"":[1,""ProgramFailedToComplete""]}",440,28201,708,6563,500,50,8176,650,100
whir_t128_johnson_full,minimal_subtree,128.0,whir_johnson_full,78,50|28,1,9896,640,16,32768,1,diagnostic_round_0,0,1400000,,simulation_error,"{""InstructionError"":[2,""ProgramFailedToComplete""]}",243,15999,708,5612,500,50,7216,650,100
whir_t128_johnson_full,minimal_subtree,128.0,whir_johnson_full,78,50|28,1,9896,640,16,32768,1,diagnostic_final_round,0,82039,,ok,,116,7612,708,939,0,0,944,0,0
