00-original	8422e8fa817fae3a7db01976725fcfd3642ea837f4e87366829f63309c6f28d3	9cb353d5640d00717f0fbe4c46b2870597602774abe6e47ce73e04b25fb48bd7	e118899472e3049db688573570296f06696be659524bbf6a62ace537f0316312
01-unroll-fixed-relation-rounds	7aa6d876dc35def76ace3aa583b9805d264b256d68c7419aa6b855a24bb7ef9b	9cb353d5640d00717f0fbe4c46b2870597602774abe6e47ce73e04b25fb48bd7	e118899472e3049db688573570296f06696be659524bbf6a62ace537f0316312
02-index-line-batch-zip	7aa6d876dc35def76ace3aa583b9805d264b256d68c7419aa6b855a24bb7ef9b	a68fdf4f876569b94953a9520c3110991be28688d70929f8755ff28f74df1610	e118899472e3049db688573570296f06696be659524bbf6a62ace537f0316312
03-lambda-lift-terminal-line	7aa6d876dc35def76ace3aa583b9805d264b256d68c7419aa6b855a24bb7ef9b	bbfc6dfff1f7afd3ffb8434dd1ee04528208f6a2c8527824ff1fb2116714281c	e118899472e3049db688573570296f06696be659524bbf6a62ace537f0316312
04-lambda-lift-terminal-batch	7aa6d876dc35def76ace3aa583b9805d264b256d68c7419aa6b855a24bb7ef9b	ea083c71ca0edfdce71a158f9183338a538443401daba9ac7481cc21851a37b1	e118899472e3049db688573570296f06696be659524bbf6a62ace537f0316312
05-lambda-lift-terminal-contributions	7aa6d876dc35def76ace3aa583b9805d264b256d68c7419aa6b855a24bb7ef9b	e86cb77b7dcf0d47c90784417a91384492522996a71e26c68f66f6e7c66dafc1	e118899472e3049db688573570296f06696be659524bbf6a62ace537f0316312
06-lambda-lift-terminal-components	7aa6d876dc35def76ace3aa583b9805d264b256d68c7419aa6b855a24bb7ef9b	157a30774762ab130f32ef25ba921e0e0b52188469ba9e4b39430857895f6599	e118899472e3049db688573570296f06696be659524bbf6a62ace537f0316312
07-lambda-lift-terminal-component-match	7aa6d876dc35def76ace3aa583b9805d264b256d68c7419aa6b855a24bb7ef9b	5ae81aea0512903d9da54e121c9f9bde1a98b8be667f6cba9a6c0667ff050f1b	e118899472e3049db688573570296f06696be659524bbf6a62ace537f0316312
08-index-terminal-deferred-max	7aa6d876dc35def76ace3aa583b9805d264b256d68c7419aa6b855a24bb7ef9b	fe3f5f6441449223620eae695182ef8019bb72f4888680a23d1a29a4e4d38df2	e118899472e3049db688573570296f06696be659524bbf6a62ace537f0316312
09-index-terminal-component-loops	7aa6d876dc35def76ace3aa583b9805d264b256d68c7419aa6b855a24bb7ef9b	9acbcdb7efca322505a3a3c34c614efa9b5d510977745f4e14a4b1405d425520	e118899472e3049db688573570296f06696be659524bbf6a62ace537f0316312
10-lambda-lift-terminal-line-component	7aa6d876dc35def76ace3aa583b9805d264b256d68c7419aa6b855a24bb7ef9b	0bc77e13c3f467be407a76fb1eb433c16cabf7b81f5a0c4cadf6d12c413266d7	e118899472e3049db688573570296f06696be659524bbf6a62ace537f0316312
11-specialize-terminal-dot-log2	7aa6d876dc35def76ace3aa583b9805d264b256d68c7419aa6b855a24bb7ef9b	1474bda4d9014c958197a44d094706c2d9653a3146c707265a711f9a2fc6a4ea	e118899472e3049db688573570296f06696be659524bbf6a62ace537f0316312
12-unroll-qm31-dot3-row-lengths	7aa6d876dc35def76ace3aa583b9805d264b256d68c7419aa6b855a24bb7ef9b	1474bda4d9014c958197a44d094706c2d9653a3146c707265a711f9a2fc6a4ea	d80abd8f70d6283712e76a3518a0605eb451fc4b7ae17df196541497fb2856a4
13-bind-indexed-qm31-dot3	55072d2dd830598c3450a5bcdad165f5ae3f70a641c4f23ec4a8fe075d42efb4	1474bda4d9014c958197a44d094706c2d9653a3146c707265a711f9a2fc6a4ea	934bd0b7e9eedf48cf33b5c0f3d0ce690052d5546878bc4f9fd82cb75d0ba008
14-name-wire-map-adapter	20ea2ff20f512bc23d1a09e4705b2138dd84e21dd429c9ee00f857f78677c364	1474bda4d9014c958197a44d094706c2d9653a3146c707265a711f9a2fc6a4ea	934bd0b7e9eedf48cf33b5c0f3d0ce690052d5546878bc4f9fd82cb75d0ba008
15-stage-finish-round-tail	ed6e21c6ad34b7346eb7e3eebb1fc39af7e5a40366a8522b7b84b7a3dc6c9fdb	1474bda4d9014c958197a44d094706c2d9653a3146c707265a711f9a2fc6a4ea	934bd0b7e9eedf48cf33b5c0f3d0ce690052d5546878bc4f9fd82cb75d0ba008
