ahash	0.8.12	registry+https://github.com/rust-lang/crates.io-index
aho-corasick	1.1.4	registry+https://github.com/rust-lang/crates.io-index
android_system_properties	0.1.5	registry+https://github.com/rust-lang/crates.io-index
anyhow	1.0.103	registry+https://github.com/rust-lang/crates.io-index
ark-bn254	0.4.0	registry+https://github.com/rust-lang/crates.io-index
ark-ec	0.4.2	registry+https://github.com/rust-lang/crates.io-index
ark-ff	0.4.2	registry+https://github.com/rust-lang/crates.io-index
ark-ff-asm	0.4.2	registry+https://github.com/rust-lang/crates.io-index
ark-ff-macros	0.4.2	registry+https://github.com/rust-lang/crates.io-index
ark-poly	0.4.2	registry+https://github.com/rust-lang/crates.io-index
ark-serialize	0.4.2	registry+https://github.com/rust-lang/crates.io-index
ark-serialize-derive	0.4.2	registry+https://github.com/rust-lang/crates.io-index
ark-std	0.4.0	registry+https://github.com/rust-lang/crates.io-index
arrayref	0.3.9	registry+https://github.com/rust-lang/crates.io-index
arrayvec	0.7.8	registry+https://github.com/rust-lang/crates.io-index
atomic-waker	1.1.2	registry+https://github.com/rust-lang/crates.io-index
atty	0.2.14	registry+https://github.com/rust-lang/crates.io-index
autocfg	1.5.1	registry+https://github.com/rust-lang/crates.io-index
base64	0.12.3	registry+https://github.com/rust-lang/crates.io-index
base64	0.22.1	registry+https://github.com/rust-lang/crates.io-index
bincode	1.3.3	registry+https://github.com/rust-lang/crates.io-index
bit-set	0.8.0	registry+https://github.com/rust-lang/crates.io-index
bit-vec	0.8.0	registry+https://github.com/rust-lang/crates.io-index
bitflags	2.13.0	registry+https://github.com/rust-lang/crates.io-index
blake3	1.5.5	registry+https://github.com/rust-lang/crates.io-index
block-buffer	0.10.4	registry+https://github.com/rust-lang/crates.io-index
block-buffer	0.9.0	registry+https://github.com/rust-lang/crates.io-index
borsh	0.10.4	registry+https://github.com/rust-lang/crates.io-index
borsh	1.5.7	registry+https://github.com/rust-lang/crates.io-index
borsh-derive	0.10.4	registry+https://github.com/rust-lang/crates.io-index
borsh-derive	1.5.7	registry+https://github.com/rust-lang/crates.io-index
borsh-derive-internal	0.10.4	registry+https://github.com/rust-lang/crates.io-index
borsh-schema-derive-internal	0.10.4	registry+https://github.com/rust-lang/crates.io-index
bs58	0.5.1	registry+https://github.com/rust-lang/crates.io-index
bumpalo	3.20.3	registry+https://github.com/rust-lang/crates.io-index
bv	0.11.1	registry+https://github.com/rust-lang/crates.io-index
bytemuck	1.25.0	registry+https://github.com/rust-lang/crates.io-index
bytemuck_derive	1.10.2	registry+https://github.com/rust-lang/crates.io-index
byteorder	1.5.0	registry+https://github.com/rust-lang/crates.io-index
bytes	1.12.0	registry+https://github.com/rust-lang/crates.io-index
cc	1.2.65	registry+https://github.com/rust-lang/crates.io-index
cfg-if	1.0.4	registry+https://github.com/rust-lang/crates.io-index
cfg_aliases	0.2.1	registry+https://github.com/rust-lang/crates.io-index
cfg_eval	0.1.2	registry+https://github.com/rust-lang/crates.io-index
chrono	0.4.45	registry+https://github.com/rust-lang/crates.io-index
console_error_panic_hook	0.1.7	registry+https://github.com/rust-lang/crates.io-index
console_log	0.2.2	registry+https://github.com/rust-lang/crates.io-index
constant_time_eq	0.3.1	registry+https://github.com/rust-lang/crates.io-index
core-foundation-sys	0.8.7	registry+https://github.com/rust-lang/crates.io-index
cpufeatures	0.2.17	registry+https://github.com/rust-lang/crates.io-index
crunchy	0.2.4	registry+https://github.com/rust-lang/crates.io-index
crypto-common	0.1.7	registry+https://github.com/rust-lang/crates.io-index
crypto-mac	0.8.0	registry+https://github.com/rust-lang/crates.io-index
curve25519-dalek	3.2.0	registry+https://github.com/rust-lang/crates.io-index
curve25519-dalek	4.1.3	registry+https://github.com/rust-lang/crates.io-index
curve25519-dalek-derive	0.1.1	registry+https://github.com/rust-lang/crates.io-index
darling	0.23.0	registry+https://github.com/rust-lang/crates.io-index
darling_core	0.23.0	registry+https://github.com/rust-lang/crates.io-index
darling_macro	0.23.0	registry+https://github.com/rust-lang/crates.io-index
derivation-path	0.2.0	registry+https://github.com/rust-lang/crates.io-index
derivative	2.2.0	registry+https://github.com/rust-lang/crates.io-index
digest	0.10.7	registry+https://github.com/rust-lang/crates.io-index
digest	0.9.0	registry+https://github.com/rust-lang/crates.io-index
displaydoc	0.2.6	registry+https://github.com/rust-lang/crates.io-index
ed25519	1.5.3	registry+https://github.com/rust-lang/crates.io-index
ed25519-dalek	1.0.1	registry+https://github.com/rust-lang/crates.io-index
ed25519-dalek-bip32	0.2.0	registry+https://github.com/rust-lang/crates.io-index
either	1.16.0	registry+https://github.com/rust-lang/crates.io-index
env_logger	0.9.3	registry+https://github.com/rust-lang/crates.io-index
equivalent	1.0.2	registry+https://github.com/rust-lang/crates.io-index
errno	0.3.14	registry+https://github.com/rust-lang/crates.io-index
fastrand	2.4.1	registry+https://github.com/rust-lang/crates.io-index
feature-probe	0.1.1	registry+https://github.com/rust-lang/crates.io-index
fiat-crypto	0.2.9	registry+https://github.com/rust-lang/crates.io-index
find-msvc-tools	0.1.9	registry+https://github.com/rust-lang/crates.io-index
five8	0.2.1	registry+https://github.com/rust-lang/crates.io-index
five8_const	0.1.4	registry+https://github.com/rust-lang/crates.io-index
five8_core	0.1.2	registry+https://github.com/rust-lang/crates.io-index
fnv	1.0.7	registry+https://github.com/rust-lang/crates.io-index
foreign-types	0.3.2	registry+https://github.com/rust-lang/crates.io-index
foreign-types-shared	0.1.1	registry+https://github.com/rust-lang/crates.io-index
form_urlencoded	1.2.2	registry+https://github.com/rust-lang/crates.io-index
futures-channel	0.3.32	registry+https://github.com/rust-lang/crates.io-index
futures-core	0.3.32	registry+https://github.com/rust-lang/crates.io-index
futures-io	0.3.32	registry+https://github.com/rust-lang/crates.io-index
futures-sink	0.3.32	registry+https://github.com/rust-lang/crates.io-index
futures-task	0.3.32	registry+https://github.com/rust-lang/crates.io-index
futures-util	0.3.32	registry+https://github.com/rust-lang/crates.io-index
generic-array	0.14.7	registry+https://github.com/rust-lang/crates.io-index
getrandom	0.1.16	registry+https://github.com/rust-lang/crates.io-index
getrandom	0.2.17	registry+https://github.com/rust-lang/crates.io-index
getrandom	0.3.4	registry+https://github.com/rust-lang/crates.io-index
hashbrown	0.13.2	registry+https://github.com/rust-lang/crates.io-index
hashbrown	0.15.5	registry+https://github.com/rust-lang/crates.io-index
hermit-abi	0.1.19	registry+https://github.com/rust-lang/crates.io-index
hmac	0.12.1	registry+https://github.com/rust-lang/crates.io-index
hmac	0.8.1	registry+https://github.com/rust-lang/crates.io-index
hmac-drbg	0.3.0	registry+https://github.com/rust-lang/crates.io-index
http	1.4.2	registry+https://github.com/rust-lang/crates.io-index
http-body	1.0.1	registry+https://github.com/rust-lang/crates.io-index
http-body-util	0.1.3	registry+https://github.com/rust-lang/crates.io-index
httparse	1.10.1	registry+https://github.com/rust-lang/crates.io-index
humantime	2.4.0	registry+https://github.com/rust-lang/crates.io-index
hyper	1.10.1	registry+https://github.com/rust-lang/crates.io-index
hyper-rustls	0.27.9	registry+https://github.com/rust-lang/crates.io-index
hyper-util	0.1.20	registry+https://github.com/rust-lang/crates.io-index
iana-time-zone	0.1.65	registry+https://github.com/rust-lang/crates.io-index
iana-time-zone-haiku	0.1.2	registry+https://github.com/rust-lang/crates.io-index
icu_collections	2.2.0	registry+https://github.com/rust-lang/crates.io-index
icu_locale_core	2.2.0	registry+https://github.com/rust-lang/crates.io-index
icu_normalizer	2.2.0	registry+https://github.com/rust-lang/crates.io-index
icu_normalizer_data	2.2.0	registry+https://github.com/rust-lang/crates.io-index
icu_properties	2.2.0	registry+https://github.com/rust-lang/crates.io-index
icu_properties_data	2.2.0	registry+https://github.com/rust-lang/crates.io-index
icu_provider	2.2.0	registry+https://github.com/rust-lang/crates.io-index
ident_case	1.0.1	registry+https://github.com/rust-lang/crates.io-index
idna	1.1.0	registry+https://github.com/rust-lang/crates.io-index
idna_adapter	1.2.2	registry+https://github.com/rust-lang/crates.io-index
indexmap	2.7.1	registry+https://github.com/rust-lang/crates.io-index
ipnet	2.12.0	registry+https://github.com/rust-lang/crates.io-index
itertools	0.10.5	registry+https://github.com/rust-lang/crates.io-index
itertools	0.14.0	registry+https://github.com/rust-lang/crates.io-index
itoa	1.0.18	registry+https://github.com/rust-lang/crates.io-index
js-sys	0.3.103	registry+https://github.com/rust-lang/crates.io-index
keccak	0.1.6	registry+https://github.com/rust-lang/crates.io-index
lazy_static	1.5.0	registry+https://github.com/rust-lang/crates.io-index
libc	0.2.186	registry+https://github.com/rust-lang/crates.io-index
libsecp256k1	0.6.0	registry+https://github.com/rust-lang/crates.io-index
libsecp256k1-core	0.2.2	registry+https://github.com/rust-lang/crates.io-index
libsecp256k1-gen-ecmult	0.2.1	registry+https://github.com/rust-lang/crates.io-index
libsecp256k1-gen-genmult	0.2.1	registry+https://github.com/rust-lang/crates.io-index
linux-raw-sys	0.12.1	registry+https://github.com/rust-lang/crates.io-index
litemap	0.8.2	registry+https://github.com/rust-lang/crates.io-index
lock_api	0.4.14	registry+https://github.com/rust-lang/crates.io-index
log	0.4.33	registry+https://github.com/rust-lang/crates.io-index
lru-slab	0.1.2	registry+https://github.com/rust-lang/crates.io-index
memchr	2.8.2	registry+https://github.com/rust-lang/crates.io-index
memmap2	0.5.10	registry+https://github.com/rust-lang/crates.io-index
memoffset	0.9.1	registry+https://github.com/rust-lang/crates.io-index
mio	1.2.1	registry+https://github.com/rust-lang/crates.io-index
num-bigint	0.4.7	registry+https://github.com/rust-lang/crates.io-index
num-derive	0.4.2	registry+https://github.com/rust-lang/crates.io-index
num-integer	0.1.46	registry+https://github.com/rust-lang/crates.io-index
num-traits	0.2.19	registry+https://github.com/rust-lang/crates.io-index
num_enum	0.7.6	registry+https://github.com/rust-lang/crates.io-index
num_enum_derive	0.7.6	registry+https://github.com/rust-lang/crates.io-index
once_cell	1.21.4	registry+https://github.com/rust-lang/crates.io-index
opaque-debug	0.3.1	registry+https://github.com/rust-lang/crates.io-index
openssl	0.10.81	registry+https://github.com/rust-lang/crates.io-index
openssl-macros	0.1.1	registry+https://github.com/rust-lang/crates.io-index
openssl-sys	0.9.117	registry+https://github.com/rust-lang/crates.io-index
p3-challenger	0.6.1	registry+https://github.com/rust-lang/crates.io-index
p3-dft	0.6.1	registry+https://github.com/rust-lang/crates.io-index
p3-field	0.6.1	registry+https://github.com/rust-lang/crates.io-index
p3-matrix	0.6.1	registry+https://github.com/rust-lang/crates.io-index
p3-maybe-rayon	0.6.1	registry+https://github.com/rust-lang/crates.io-index
p3-mds	0.6.1	registry+https://github.com/rust-lang/crates.io-index
p3-mersenne-31	0.6.1	registry+https://github.com/rust-lang/crates.io-index
p3-monty-31	0.6.1	registry+https://github.com/rust-lang/crates.io-index
p3-poseidon1	0.6.1	registry+https://github.com/rust-lang/crates.io-index
p3-poseidon2	0.6.1	registry+https://github.com/rust-lang/crates.io-index
p3-symmetric	0.6.1	registry+https://github.com/rust-lang/crates.io-index
p3-util	0.6.1	registry+https://github.com/rust-lang/crates.io-index
parking_lot	0.12.5	registry+https://github.com/rust-lang/crates.io-index
parking_lot_core	0.9.12	registry+https://github.com/rust-lang/crates.io-index
paste	1.0.15	registry+https://github.com/rust-lang/crates.io-index
pbkdf2	0.11.0	registry+https://github.com/rust-lang/crates.io-index
percent-encoding	2.3.2	registry+https://github.com/rust-lang/crates.io-index
pin-project-lite	0.2.17	registry+https://github.com/rust-lang/crates.io-index
pkg-config	0.3.33	registry+https://github.com/rust-lang/crates.io-index
potential_utf	0.1.5	registry+https://github.com/rust-lang/crates.io-index
ppv-lite86	0.2.21	registry+https://github.com/rust-lang/crates.io-index
proc-macro-crate	0.1.5	registry+https://github.com/rust-lang/crates.io-index
proc-macro-crate	3.2.0	registry+https://github.com/rust-lang/crates.io-index
proc-macro2	1.0.106	registry+https://github.com/rust-lang/crates.io-index
proptest	1.11.0	registry+https://github.com/rust-lang/crates.io-index
qstring	0.7.2	registry+https://github.com/rust-lang/crates.io-index
quick-error	1.2.3	registry+https://github.com/rust-lang/crates.io-index
quinn	0.11.11	registry+https://github.com/rust-lang/crates.io-index
quinn-proto	0.11.15	registry+https://github.com/rust-lang/crates.io-index
quinn-udp	0.5.14	registry+https://github.com/rust-lang/crates.io-index
quote	1.0.46	registry+https://github.com/rust-lang/crates.io-index
r-efi	5.3.0	registry+https://github.com/rust-lang/crates.io-index
rand	0.10.2	registry+https://github.com/rust-lang/crates.io-index
rand	0.7.3	registry+https://github.com/rust-lang/crates.io-index
rand	0.8.6	registry+https://github.com/rust-lang/crates.io-index
rand	0.9.4	registry+https://github.com/rust-lang/crates.io-index
rand_chacha	0.2.2	registry+https://github.com/rust-lang/crates.io-index
rand_chacha	0.3.1	registry+https://github.com/rust-lang/crates.io-index
rand_chacha	0.9.0	registry+https://github.com/rust-lang/crates.io-index
rand_core	0.10.1	registry+https://github.com/rust-lang/crates.io-index
rand_core	0.5.1	registry+https://github.com/rust-lang/crates.io-index
rand_core	0.6.4	registry+https://github.com/rust-lang/crates.io-index
rand_core	0.9.5	registry+https://github.com/rust-lang/crates.io-index
rand_hc	0.2.0	registry+https://github.com/rust-lang/crates.io-index
rand_xorshift	0.4.0	registry+https://github.com/rust-lang/crates.io-index
redox_syscall	0.5.18	registry+https://github.com/rust-lang/crates.io-index
regex	1.12.4	registry+https://github.com/rust-lang/crates.io-index
regex-automata	0.4.14	registry+https://github.com/rust-lang/crates.io-index
regex-syntax	0.8.11	registry+https://github.com/rust-lang/crates.io-index
reqwest	0.12.28	registry+https://github.com/rust-lang/crates.io-index
ring	0.17.14	registry+https://github.com/rust-lang/crates.io-index
rustc-hash	2.1.3	registry+https://github.com/rust-lang/crates.io-index
rustc_version	0.4.1	registry+https://github.com/rust-lang/crates.io-index
rustix	1.1.4	registry+https://github.com/rust-lang/crates.io-index
rustls	0.23.41	registry+https://github.com/rust-lang/crates.io-index
rustls-pki-types	1.15.0	registry+https://github.com/rust-lang/crates.io-index
rustls-webpki	0.103.13	registry+https://github.com/rust-lang/crates.io-index
rustversion	1.0.22	registry+https://github.com/rust-lang/crates.io-index
rusty-fork	0.3.1	registry+https://github.com/rust-lang/crates.io-index
ryu	1.0.23	registry+https://github.com/rust-lang/crates.io-index
scopeguard	1.2.0	registry+https://github.com/rust-lang/crates.io-index
semver	1.0.28	registry+https://github.com/rust-lang/crates.io-index
serde	1.0.228	registry+https://github.com/rust-lang/crates.io-index
serde-big-array	0.5.1	registry+https://github.com/rust-lang/crates.io-index
serde_bytes	0.11.19	registry+https://github.com/rust-lang/crates.io-index
serde_core	1.0.228	registry+https://github.com/rust-lang/crates.io-index
serde_derive	1.0.228	registry+https://github.com/rust-lang/crates.io-index
serde_json	1.0.150	registry+https://github.com/rust-lang/crates.io-index
serde_urlencoded	0.7.1	registry+https://github.com/rust-lang/crates.io-index
serde_with	3.21.0	registry+https://github.com/rust-lang/crates.io-index
serde_with_macros	3.21.0	registry+https://github.com/rust-lang/crates.io-index
sha2	0.10.9	registry+https://github.com/rust-lang/crates.io-index
sha2	0.9.9	registry+https://github.com/rust-lang/crates.io-index
sha3	0.10.9	registry+https://github.com/rust-lang/crates.io-index
shlex	2.0.1	registry+https://github.com/rust-lang/crates.io-index
signal-hook	0.3.18	registry+https://github.com/rust-lang/crates.io-index
signal-hook-registry	1.4.8	registry+https://github.com/rust-lang/crates.io-index
signature	1.6.4	registry+https://github.com/rust-lang/crates.io-index
siphasher	0.3.11	registry+https://github.com/rust-lang/crates.io-index
slab	0.4.12	registry+https://github.com/rust-lang/crates.io-index
smallvec	1.15.2	registry+https://github.com/rust-lang/crates.io-index
socket2	0.6.4	registry+https://github.com/rust-lang/crates.io-index
solana-account	2.2.1	registry+https://github.com/rust-lang/crates.io-index
solana-account-info	2.3.0	registry+https://github.com/rust-lang/crates.io-index
solana-address-lookup-table-interface	2.2.2	registry+https://github.com/rust-lang/crates.io-index
solana-atomic-u64	2.2.1	registry+https://github.com/rust-lang/crates.io-index
solana-big-mod-exp	2.2.1	registry+https://github.com/rust-lang/crates.io-index
solana-bincode	2.2.1	registry+https://github.com/rust-lang/crates.io-index
solana-blake3-hasher	2.2.1	registry+https://github.com/rust-lang/crates.io-index
solana-bn254	2.2.2	registry+https://github.com/rust-lang/crates.io-index
solana-borsh	2.2.1	registry+https://github.com/rust-lang/crates.io-index
solana-client-traits	2.2.1	registry+https://github.com/rust-lang/crates.io-index
solana-clock	2.2.3	registry+https://github.com/rust-lang/crates.io-index
solana-cluster-type	2.2.1	registry+https://github.com/rust-lang/crates.io-index
solana-commitment-config	2.2.1	registry+https://github.com/rust-lang/crates.io-index
solana-compute-budget-interface	2.2.2	registry+https://github.com/rust-lang/crates.io-index
solana-cpi	2.2.1	registry+https://github.com/rust-lang/crates.io-index
solana-decode-error	2.3.0	registry+https://github.com/rust-lang/crates.io-index
solana-define-syscall	2.3.0	registry+https://github.com/rust-lang/crates.io-index
solana-derivation-path	2.2.1	registry+https://github.com/rust-lang/crates.io-index
solana-ed25519-program	2.2.3	registry+https://github.com/rust-lang/crates.io-index
solana-epoch-info	2.2.1	registry+https://github.com/rust-lang/crates.io-index
solana-epoch-rewards	2.2.1	registry+https://github.com/rust-lang/crates.io-index
solana-epoch-rewards-hasher	2.2.1	registry+https://github.com/rust-lang/crates.io-index
solana-epoch-schedule	2.2.1	registry+https://github.com/rust-lang/crates.io-index
solana-example-mocks	2.2.1	registry+https://github.com/rust-lang/crates.io-index
solana-feature-gate-interface	2.2.2	registry+https://github.com/rust-lang/crates.io-index
solana-feature-set	2.2.5	registry+https://github.com/rust-lang/crates.io-index
solana-fee-calculator	2.2.1	registry+https://github.com/rust-lang/crates.io-index
solana-fee-structure	2.3.0	registry+https://github.com/rust-lang/crates.io-index
solana-genesis-config	2.3.0	registry+https://github.com/rust-lang/crates.io-index
solana-hard-forks	2.2.1	registry+https://github.com/rust-lang/crates.io-index
solana-hash	2.3.0	registry+https://github.com/rust-lang/crates.io-index
solana-inflation	2.2.1	registry+https://github.com/rust-lang/crates.io-index
solana-instruction	2.3.3	registry+https://github.com/rust-lang/crates.io-index
solana-instructions-sysvar	2.2.2	registry+https://github.com/rust-lang/crates.io-index
solana-keccak-hasher	2.2.1	registry+https://github.com/rust-lang/crates.io-index
solana-keypair	2.2.3	registry+https://github.com/rust-lang/crates.io-index
solana-last-restart-slot	2.2.1	registry+https://github.com/rust-lang/crates.io-index
solana-loader-v2-interface	2.2.1	registry+https://github.com/rust-lang/crates.io-index
solana-loader-v3-interface	5.0.0	registry+https://github.com/rust-lang/crates.io-index
solana-loader-v4-interface	2.2.1	registry+https://github.com/rust-lang/crates.io-index
solana-logger	2.3.1	registry+https://github.com/rust-lang/crates.io-index
solana-message	2.4.0	registry+https://github.com/rust-lang/crates.io-index
solana-msg	2.2.1	registry+https://github.com/rust-lang/crates.io-index
solana-native-token	2.3.0	registry+https://github.com/rust-lang/crates.io-index
solana-nonce	2.2.1	registry+https://github.com/rust-lang/crates.io-index
solana-nonce-account	2.2.1	registry+https://github.com/rust-lang/crates.io-index
solana-offchain-message	2.2.1	registry+https://github.com/rust-lang/crates.io-index
solana-packet	2.2.1	registry+https://github.com/rust-lang/crates.io-index
solana-poh-config	2.2.1	registry+https://github.com/rust-lang/crates.io-index
solana-precompile-error	2.2.2	registry+https://github.com/rust-lang/crates.io-index
solana-precompiles	2.2.2	registry+https://github.com/rust-lang/crates.io-index
solana-presigner	2.2.1	registry+https://github.com/rust-lang/crates.io-index
solana-program	2.3.0	registry+https://github.com/rust-lang/crates.io-index
solana-program-entrypoint	2.3.0	registry+https://github.com/rust-lang/crates.io-index
solana-program-error	2.2.2	registry+https://github.com/rust-lang/crates.io-index
solana-program-memory	2.3.1	registry+https://github.com/rust-lang/crates.io-index
solana-program-option	2.2.1	registry+https://github.com/rust-lang/crates.io-index
solana-program-pack	2.2.1	registry+https://github.com/rust-lang/crates.io-index
solana-pubkey	2.4.0	registry+https://github.com/rust-lang/crates.io-index
solana-quic-definitions	2.3.1	registry+https://github.com/rust-lang/crates.io-index
solana-rent	2.2.1	registry+https://github.com/rust-lang/crates.io-index
solana-rent-collector	2.3.0	registry+https://github.com/rust-lang/crates.io-index
solana-rent-debits	2.2.1	registry+https://github.com/rust-lang/crates.io-index
solana-reserved-account-keys	2.2.2	registry+https://github.com/rust-lang/crates.io-index
solana-reward-info	2.2.1	registry+https://github.com/rust-lang/crates.io-index
solana-sanitize	2.2.1	registry+https://github.com/rust-lang/crates.io-index
solana-sdk	2.3.1	registry+https://github.com/rust-lang/crates.io-index
solana-sdk-ids	2.2.1	registry+https://github.com/rust-lang/crates.io-index
solana-sdk-macro	2.2.1	registry+https://github.com/rust-lang/crates.io-index
solana-secp256k1-program	2.2.3	registry+https://github.com/rust-lang/crates.io-index
solana-secp256k1-recover	2.2.1	registry+https://github.com/rust-lang/crates.io-index
solana-secp256r1-program	2.2.4	registry+https://github.com/rust-lang/crates.io-index
solana-seed-derivable	2.2.1	registry+https://github.com/rust-lang/crates.io-index
solana-seed-phrase	2.2.1	registry+https://github.com/rust-lang/crates.io-index
solana-serde	2.2.1	registry+https://github.com/rust-lang/crates.io-index
solana-serde-varint	2.2.2	registry+https://github.com/rust-lang/crates.io-index
solana-serialize-utils	2.2.1	registry+https://github.com/rust-lang/crates.io-index
solana-sha256-hasher	2.3.0	registry+https://github.com/rust-lang/crates.io-index
solana-short-vec	2.2.1	registry+https://github.com/rust-lang/crates.io-index
solana-shred-version	2.2.1	registry+https://github.com/rust-lang/crates.io-index
solana-signature	2.3.0	registry+https://github.com/rust-lang/crates.io-index
solana-signer	2.2.1	registry+https://github.com/rust-lang/crates.io-index
solana-slot-hashes	2.2.1	registry+https://github.com/rust-lang/crates.io-index
solana-slot-history	2.2.1	registry+https://github.com/rust-lang/crates.io-index
solana-stable-layout	2.2.1	registry+https://github.com/rust-lang/crates.io-index
solana-stake-interface	1.2.1	registry+https://github.com/rust-lang/crates.io-index
solana-system-interface	1.0.0	registry+https://github.com/rust-lang/crates.io-index
solana-system-transaction	2.2.1	registry+https://github.com/rust-lang/crates.io-index
solana-sysvar	2.3.0	registry+https://github.com/rust-lang/crates.io-index
solana-sysvar-id	2.2.1	registry+https://github.com/rust-lang/crates.io-index
solana-time-utils	2.2.1	registry+https://github.com/rust-lang/crates.io-index
solana-transaction	2.2.3	registry+https://github.com/rust-lang/crates.io-index
solana-transaction-context	2.3.13	registry+https://github.com/rust-lang/crates.io-index
solana-transaction-error	2.2.1	registry+https://github.com/rust-lang/crates.io-index
solana-validator-exit	2.2.1	registry+https://github.com/rust-lang/crates.io-index
solana-vote-interface	2.2.6	registry+https://github.com/rust-lang/crates.io-index
spin	0.12.1	registry+https://github.com/rust-lang/crates.io-index
stable_deref_trait	1.2.1	registry+https://github.com/rust-lang/crates.io-index
strength_reduce	0.2.4	registry+https://github.com/rust-lang/crates.io-index
strsim	0.11.1	registry+https://github.com/rust-lang/crates.io-index
subtle	2.6.1	registry+https://github.com/rust-lang/crates.io-index
syn	1.0.109	registry+https://github.com/rust-lang/crates.io-index
syn	2.0.118	registry+https://github.com/rust-lang/crates.io-index
sync_wrapper	1.0.2	registry+https://github.com/rust-lang/crates.io-index
synstructure	0.13.2	registry+https://github.com/rust-lang/crates.io-index
tempfile	3.27.0	registry+https://github.com/rust-lang/crates.io-index
termcolor	1.4.1	registry+https://github.com/rust-lang/crates.io-index
thiserror	2.0.18	registry+https://github.com/rust-lang/crates.io-index
thiserror-impl	2.0.18	registry+https://github.com/rust-lang/crates.io-index
tinystr	0.8.3	registry+https://github.com/rust-lang/crates.io-index
tinyvec	1.11.0	registry+https://github.com/rust-lang/crates.io-index
tinyvec_macros	0.1.1	registry+https://github.com/rust-lang/crates.io-index
tokio	1.52.3	registry+https://github.com/rust-lang/crates.io-index
tokio-rustls	0.26.4	registry+https://github.com/rust-lang/crates.io-index
toml	0.5.11	registry+https://github.com/rust-lang/crates.io-index
toml_datetime	0.6.11	registry+https://github.com/rust-lang/crates.io-index
toml_edit	0.22.27	registry+https://github.com/rust-lang/crates.io-index
toml_write	0.1.2	registry+https://github.com/rust-lang/crates.io-index
tower	0.5.3	registry+https://github.com/rust-lang/crates.io-index
tower-http	0.6.11	registry+https://github.com/rust-lang/crates.io-index
tower-layer	0.3.3	registry+https://github.com/rust-lang/crates.io-index
tower-service	0.3.3	registry+https://github.com/rust-lang/crates.io-index
tracing	0.1.44	registry+https://github.com/rust-lang/crates.io-index
tracing-attributes	0.1.31	registry+https://github.com/rust-lang/crates.io-index
tracing-core	0.1.36	registry+https://github.com/rust-lang/crates.io-index
transpose	0.2.3	registry+https://github.com/rust-lang/crates.io-index
try-lock	0.2.5	registry+https://github.com/rust-lang/crates.io-index
typenum	1.20.1	registry+https://github.com/rust-lang/crates.io-index
unarray	0.1.4	registry+https://github.com/rust-lang/crates.io-index
unicode-ident	1.0.24	registry+https://github.com/rust-lang/crates.io-index
untrusted	0.9.0	registry+https://github.com/rust-lang/crates.io-index
uriparse	0.6.4	registry+https://github.com/rust-lang/crates.io-index
url	2.5.8	registry+https://github.com/rust-lang/crates.io-index
utf8_iter	1.0.4	registry+https://github.com/rust-lang/crates.io-index
vcpkg	0.2.15	registry+https://github.com/rust-lang/crates.io-index
version_check	0.9.5	registry+https://github.com/rust-lang/crates.io-index
wait-timeout	0.2.1	registry+https://github.com/rust-lang/crates.io-index
want	0.3.1	registry+https://github.com/rust-lang/crates.io-index
wasi	0.11.1+wasi-snapshot-preview1	registry+https://github.com/rust-lang/crates.io-index
wasi	0.9.0+wasi-snapshot-preview1	registry+https://github.com/rust-lang/crates.io-index
wasip2	1.0.4+wasi-0.2.12	registry+https://github.com/rust-lang/crates.io-index
wasm-bindgen	0.2.126	registry+https://github.com/rust-lang/crates.io-index
wasm-bindgen-futures	0.4.76	registry+https://github.com/rust-lang/crates.io-index
wasm-bindgen-macro	0.2.126	registry+https://github.com/rust-lang/crates.io-index
wasm-bindgen-macro-support	0.2.126	registry+https://github.com/rust-lang/crates.io-index
wasm-bindgen-shared	0.2.126	registry+https://github.com/rust-lang/crates.io-index
web-sys	0.3.103	registry+https://github.com/rust-lang/crates.io-index
web-time	1.1.0	registry+https://github.com/rust-lang/crates.io-index
webpki-roots	1.0.8	registry+https://github.com/rust-lang/crates.io-index
winapi	0.3.9	registry+https://github.com/rust-lang/crates.io-index
winapi-i686-pc-windows-gnu	0.4.0	registry+https://github.com/rust-lang/crates.io-index
winapi-util	0.1.11	registry+https://github.com/rust-lang/crates.io-index
winapi-x86_64-pc-windows-gnu	0.4.0	registry+https://github.com/rust-lang/crates.io-index
windows-core	0.62.2	registry+https://github.com/rust-lang/crates.io-index
windows-implement	0.60.2	registry+https://github.com/rust-lang/crates.io-index
windows-interface	0.59.3	registry+https://github.com/rust-lang/crates.io-index
windows-link	0.2.1	registry+https://github.com/rust-lang/crates.io-index
windows-result	0.4.1	registry+https://github.com/rust-lang/crates.io-index
windows-strings	0.5.1	registry+https://github.com/rust-lang/crates.io-index
windows-sys	0.52.0	registry+https://github.com/rust-lang/crates.io-index
windows-sys	0.60.2	registry+https://github.com/rust-lang/crates.io-index
windows-sys	0.61.2	registry+https://github.com/rust-lang/crates.io-index
windows-targets	0.52.6	registry+https://github.com/rust-lang/crates.io-index
windows-targets	0.53.5	registry+https://github.com/rust-lang/crates.io-index
windows_aarch64_gnullvm	0.52.6	registry+https://github.com/rust-lang/crates.io-index
windows_aarch64_gnullvm	0.53.1	registry+https://github.com/rust-lang/crates.io-index
windows_aarch64_msvc	0.52.6	registry+https://github.com/rust-lang/crates.io-index
windows_aarch64_msvc	0.53.1	registry+https://github.com/rust-lang/crates.io-index
windows_i686_gnu	0.52.6	registry+https://github.com/rust-lang/crates.io-index
windows_i686_gnu	0.53.1	registry+https://github.com/rust-lang/crates.io-index
windows_i686_gnullvm	0.52.6	registry+https://github.com/rust-lang/crates.io-index
windows_i686_gnullvm	0.53.1	registry+https://github.com/rust-lang/crates.io-index
windows_i686_msvc	0.52.6	registry+https://github.com/rust-lang/crates.io-index
windows_i686_msvc	0.53.1	registry+https://github.com/rust-lang/crates.io-index
windows_x86_64_gnu	0.52.6	registry+https://github.com/rust-lang/crates.io-index
windows_x86_64_gnu	0.53.1	registry+https://github.com/rust-lang/crates.io-index
windows_x86_64_gnullvm	0.52.6	registry+https://github.com/rust-lang/crates.io-index
windows_x86_64_gnullvm	0.53.1	registry+https://github.com/rust-lang/crates.io-index
windows_x86_64_msvc	0.52.6	registry+https://github.com/rust-lang/crates.io-index
windows_x86_64_msvc	0.53.1	registry+https://github.com/rust-lang/crates.io-index
winnow	0.7.15	registry+https://github.com/rust-lang/crates.io-index
wit-bindgen	0.57.1	registry+https://github.com/rust-lang/crates.io-index
writeable	0.6.3	registry+https://github.com/rust-lang/crates.io-index
yoke	0.8.3	registry+https://github.com/rust-lang/crates.io-index
yoke-derive	0.8.2	registry+https://github.com/rust-lang/crates.io-index
zerocopy	0.8.52	registry+https://github.com/rust-lang/crates.io-index
zerocopy-derive	0.8.52	registry+https://github.com/rust-lang/crates.io-index
zerofrom	0.1.8	registry+https://github.com/rust-lang/crates.io-index
zerofrom-derive	0.1.7	registry+https://github.com/rust-lang/crates.io-index
zeroize	1.8.1	registry+https://github.com/rust-lang/crates.io-index
zeroize_derive	1.4.2	registry+https://github.com/rust-lang/crates.io-index
zerotrie	0.2.4	registry+https://github.com/rust-lang/crates.io-index
zerovec	0.11.6	registry+https://github.com/rust-lang/crates.io-index
zerovec-derive	0.11.3	registry+https://github.com/rust-lang/crates.io-index
zmij	1.0.21	registry+https://github.com/rust-lang/crates.io-index
