row_index	row_label	qm31_limb0	qm31_limb1	qm31_limb2	qm31_limb3
0	active_chord_114	0	0	0	0
1	active_chord_116	0	0	0	0
2	active_chord_118	0	0	0	0
3	active_chord_120	0	0	0	0
4	active_chord_122	0	0	0	0
5	active_chord_124	0	0	0	0
6	active_chord_126	0	0	0	0
7	active_chord_128	0	0	0	0
8	active_chord_130	0	0	0	0
9	active_chord_132	0	0	0	0
10	active_chord_134	0	0	0	0
11	active_chord_136	0	0	0	0
12	active_chord_138	0	0	0	0
13	active_chord_140	0	0	0	0
14	active_chord_142	0	0	0	0
15	active_chord_144	0	0	0	0
16	active_chord_146	0	0	0	0
17	active_chord_148	0	0	0	0
18	active_chord_150	0	0	0	0
19	active_chord_152	0	0	0	0
20	active_chord_154	0	0	0	0
21	active_chord_156	0	0	0	0
22	active_chord_158	0	0	0	0
23	active_chord_160	0	0	0	0
24	active_chord_162	0	0	0	0
25	active_chord_164	0	0	0	0
26	active_chord_166	0	0	0	0
27	active_chord_168	0	0	0	0
28	active_chord_170	0	0	0	0
29	active_chord_172	0	0	0	0
30	active_chord_174	0	0	0	0
31	active_chord_176	0	0	0	0
32	active_chord_178	0	0	0	0
33	active_chord_180	0	0	0	0
34	active_chord_184	0	0	0	0
35	active_chord_190	0	0	0	0
36	active_chord_194	1910217432	0	0	0
37	active_chord_196	1034576449	0	0	0
38	active_chord_198	18732022	0	0	0
39	active_chord_200	1487863563	0	0	0
40	active_chord_202	1076588629	0	0	0
41	active_chord_204	1913563805	0	0	0
42	active_chord_206	1623624824	0	0	0
43	active_chord_208	811784792	0	0	0
44	active_chord_210	1954455110	0	0	0
45	active_chord_212	1994458774	0	0	0
46	active_chord_214	2047974676	0	0	0
47	active_chord_216	405260758	0	0	0
48	active_chord_218	830024463	0	0	0
49	active_chord_220	1929851462	0	0	0
50	active_chord_222	1103236330	0	0	0
51	active_chord_224	700210055	0	0	0
52	active_chord_226	1573782418	0	0	0
53	active_chord_228	1811210855	0	0	0
54	active_chord_230	1423766972	0	0	0
55	active_chord_232	256851786	0	0	0
56	active_chord_234	46904829	0	0	0
57	active_chord_236	364357853	0	0	0
58	active_chord_238	52535559	0	0	0
59	active_chord_240	1686388919	0	0	0
60	active_chord_243	261520103	0	0	0
61	active_chord_245	388879971	0	0	0
62	active_chord_247	1429979604	0	0	0
63	active_chord_249	125241171	0	0	0
64	active_chord_251	1095456873	0	0	0
65	active_chord_253	656762112	0	0	0
66	active_chord_257	0	0	0	0
67	active_chord_259	0	0	0	0
68	active_chord_261	0	0	0	0
69	active_chord_263	0	0	0	0
70	active_chord_265	0	0	0	0
71	active_chord_267	0	0	0	0
72	active_chord_269	0	0	0	0
73	active_chord_271	0	0	0	0
74	active_chord_273	0	0	0	0
75	active_chord_275	0	0	0	0
76	active_chord_277	0	0	0	0
77	active_chord_279	0	0	0	0
78	active_chord_281	0	0	0	0
79	active_chord_283	0	0	0	0
80	active_chord_285	0	0	0	0
81	active_chord_287	0	0	0	0
82	active_chord_289	0	0	0	0
83	active_chord_291	0	0	0	0
84	active_chord_293	0	0	0	0
85	active_chord_295	0	0	0	0
86	active_chord_297	0	0	0	0
87	active_chord_299	0	0	0	0
88	active_chord_301	0	0	0	0
89	active_chord_303	0	0	0	0
90	active_chord_305	0	0	0	0
91	active_chord_307	0	0	0	0
92	active_chord_311	0	0	0	0
93	active_chord_313	0	0	0	0
94	active_chord_315	0	0	0	0
95	active_chord_317	0	0	0	0
96	active_chord_319	0	0	0	0
97	active_chord_321	0	0	0	0
98	active_chord_323	0	0	0	0
99	active_chord_325	0	0	0	0
100	active_chord_327	0	0	0	0
101	active_chord_329	0	0	0	0
102	active_chord_331	0	0	0	0
103	active_chord_333	0	0	0	0
104	active_chord_335	0	0	0	0
105	active_chord_337	0	0	0	0
106	active_chord_339	0	0	0	0
107	active_chord_341	0	0	0	0
108	active_chord_343	0	0	0	0
109	active_chord_345	0	0	0	0
110	active_chord_347	0	0	0	0
111	active_chord_349	0	0	0	0
112	active_chord_351	0	0	0	0
113	active_chord_353	0	0	0	0
114	active_chord_355	0	0	0	0
115	active_chord_357	0	0	0	0
116	active_chord_359	0	0	0	0
117	active_chord_361	0	0	0	0
118	active_chord_365	0	0	0	0
119	active_chord_367	0	0	0	0
120	active_chord_370	0	0	0	0
121	active_chord_372	0	0	0	0
122	active_chord_374	0	0	0	0
123	active_chord_376	0	0	0	0
124	active_chord_378	0	0	0	0
125	active_chord_380	0	0	0	0
126	active_chord_382	0	0	0	0
127	active_chord_499	184481258	0	0	0
128	active_chord_501	1201405416	0	0	0
129	active_chord_503	1289858267	0	0	0
130	active_chord_505	2050702447	0	0	0
131	active_chord_507	383465878	0	0	0
132	active_chord_509	561024771	0	0	0
133	active_chord_511	1031910014	0	0	0
134	active_chord_626	0	0	0	0
135	active_chord_628	0	0	0	0
136	active_chord_630	0	0	0	0
137	active_chord_632	0	0	0	0
138	active_chord_634	0	0	0	0
139	active_chord_636	0	0	0	0
140	active_chord_638	0	0	0	0
141	active_chord_639	0	0	0	0
142	active_chord_755	1599735752	0	0	0
143	active_chord_757	102019464	0	0	0
144	active_chord_759	503109719	0	0	0
145	active_chord_761	1318793780	0	0	0
146	active_chord_763	1807034423	0	0	0
147	active_chord_765	1760037458	0	0	0
148	active_chord_766	279014318	0	0	0
149	active_chord_882	0	0	0	0
150	active_chord_884	0	0	0	0
151	active_chord_886	0	0	0	0
152	active_chord_888	0	0	0	0
153	active_chord_890	0	0	0	0
154	active_chord_892	0	0	0	0
155	active_chord_894	0	0	0	0
156	active_chord_900	0	0	0	0
157	active_chord_902	0	0	0	0
158	active_chord_904	0	0	0	0
159	active_chord_906	0	0	0	0
160	active_chord_908	0	0	0	0
161	active_chord_910	0	0	0	0
162	active_chord_912	0	0	0	0
163	active_chord_914	0	0	0	0
164	active_chord_916	0	0	0	0
165	active_chord_918	0	0	0	0
166	active_chord_920	0	0	0	0
167	active_chord_922	0	0	0	0
168	active_chord_924	0	0	0	0
169	active_chord_926	0	0	0	0
170	active_chord_928	0	0	0	0
171	active_chord_930	0	0	0	0
172	active_chord_932	0	0	0	0
173	active_chord_934	0	0	0	0
174	active_chord_936	0	0	0	0
175	active_chord_938	0	0	0	0
176	active_chord_940	0	0	0	0
177	active_chord_942	0	0	0	0
178	active_chord_944	0	0	0	0
179	active_chord_948	0	0	0	0
180	active_chord_952	0	0	0	0
181	active_chord_954	0	0	0	0
182	active_chord_958	0	0	0	0
183	active_chord_960	0	0	0	0
184	active_chord_962	0	0	0	0
185	active_chord_964	0	0	0	0
186	active_chord_966	0	0	0	0
187	active_chord_968	0	0	0	0
188	active_chord_970	0	0	0	0
189	active_chord_972	0	0	0	0
190	active_chord_974	0	0	0	0
191	active_chord_976	0	0	0	0
192	active_chord_978	0	0	0	0
193	active_chord_980	0	0	0	0
194	active_chord_982	0	0	0	0
195	active_chord_984	0	0	0	0
196	active_chord_986	0	0	0	0
197	active_chord_988	0	0	0	0
198	active_chord_990	0	0	0	0
199	active_chord_992	0	0	0	0
200	active_chord_994	0	0	0	0
201	active_chord_996	0	0	0	0
202	active_chord_998	0	0	0	0
203	active_chord_1000	0	0	0	0
204	active_chord_1002	0	0	0	0
205	active_chord_1004	0	0	0	0
206	active_chord_1006	0	0	0	0
207	active_chord_1008	0	0	0	0
208	active_chord_1011	0	0	0	0
209	active_chord_1013	0	0	0	0
210	active_chord_1015	0	0	0	0
211	active_chord_1017	0	0	0	0
212	active_chord_1019	0	0	0	0
213	active_chord_1022	0	0	0	0
214	point_0	1	0	0	0
215	point_1	0	0	0	0
216	point_2	715827882	0	0	0
217	ordinary_relation_1	0	0	0	0
218	ordinary_relation_2	0	0	0	0
219	ordinary_relation_3	0	0	0	0
220	ordinary_relation_5	0	0	0	0
221	ordinary_relation_6	0	0	0	0
