scenario_name,merkle_proof_mode,payload_format,security_target_bits,soundness_assumption,total_explicit_query_count,round_query_counts,commitment_ood_samples,payload_bytes,upload_chunk_size,upload_chunks,heap_frame_bytes_requested,heap_pages_32k,stage,repetition,actual_cu,elapsed_ns,status,error,parser_bytes,sha_calls,sha_bytes,merkle_levels
whir_t100_capacity_full,separate_paths,flat_nodes,100.0,whir_capacity_full,28,18|10,2,8128,640,13,32768,1,host_parse,0,,1794334,ok,,8128,256,17424,19
whir_t100_capacity_full,separate_paths,flat_nodes,100.0,whir_capacity_full,28,18|10,2,8128,640,13,0,0,upload_total,0,16635,,ok,,0,0,0,0
whir_t100_capacity_full,separate_paths,flat_nodes,100.0,whir_capacity_full,28,18|10,2,8128,640,13,32768,1,parse_sbf,0,226295,,ok,,8128,256,17424,19
whir_t100_capacity_full,separate_paths,flat_nodes,100.0,whir_capacity_full,28,18|10,2,8128,640,13,32768,1,total_sbf,0,242930,,ok,,8128,256,17424,19
whir_t100_capacity_full,separate_paths,flat_nodes,100.0,whir_capacity_full,28,18|10,2,8128,640,13,32768,1,parse_sbf,1,226295,,ok,,8128,256,17424,19
whir_t100_capacity_full,separate_paths,flat_nodes,100.0,whir_capacity_full,28,18|10,2,8128,640,13,32768,1,total_sbf,1,242930,,ok,,8128,256,17424,19
whir_t100_capacity_full,separate_paths,flat_nodes,100.0,whir_capacity_full,28,18|10,2,8128,640,13,32768,1,parse_sbf,2,226295,,ok,,8128,256,17424,19
whir_t100_capacity_full,separate_paths,flat_nodes,100.0,whir_capacity_full,28,18|10,2,8128,640,13,32768,1,total_sbf,2,242930,,ok,,8128,256,17424,19
whir_t100_capacity_full,separate_paths,flat_nodes,100.0,whir_capacity_full,28,18|10,2,8128,640,13,32768,1,parse_sbf,3,226295,,ok,,8128,256,17424,19
whir_t100_capacity_full,separate_paths,flat_nodes,100.0,whir_capacity_full,28,18|10,2,8128,640,13,32768,1,total_sbf,3,242930,,ok,,8128,256,17424,19
whir_t100_capacity_full,separate_paths,flat_nodes,100.0,whir_capacity_full,28,18|10,2,8128,640,13,32768,1,parse_sbf,4,226295,,ok,,8128,256,17424,19
whir_t100_capacity_full,separate_paths,flat_nodes,100.0,whir_capacity_full,28,18|10,2,8128,640,13,32768,1,total_sbf,4,242930,,ok,,8128,256,17424,19
whir_t100_capacity_full,separate_paths,flat_nodes,100.0,whir_capacity_full,28,18|10,2,8128,640,13,32768,1,parse_sbf,5,226295,,ok,,8128,256,17424,19
whir_t100_capacity_full,separate_paths,flat_nodes,100.0,whir_capacity_full,28,18|10,2,8128,640,13,32768,1,total_sbf,5,242930,,ok,,8128,256,17424,19
whir_t100_capacity_full,separate_paths,flat_nodes,100.0,whir_capacity_full,28,18|10,2,8128,640,13,32768,1,parse_sbf,6,226295,,ok,,8128,256,17424,19
whir_t100_capacity_full,separate_paths,flat_nodes,100.0,whir_capacity_full,28,18|10,2,8128,640,13,32768,1,total_sbf,6,242930,,ok,,8128,256,17424,19
whir_t100_capacity_full,separate_paths,flat_nodes,100.0,whir_capacity_full,28,18|10,2,8128,640,13,32768,1,parse_sbf,7,226295,,ok,,8128,256,17424,19
whir_t100_capacity_full,separate_paths,flat_nodes,100.0,whir_capacity_full,28,18|10,2,8128,640,13,32768,1,total_sbf,7,242930,,ok,,8128,256,17424,19
whir_t100_capacity_full,separate_paths,flat_nodes,100.0,whir_capacity_full,28,18|10,2,8128,640,13,32768,1,parse_sbf,8,226295,,ok,,8128,256,17424,19
whir_t100_capacity_full,separate_paths,flat_nodes,100.0,whir_capacity_full,28,18|10,2,8128,640,13,32768,1,total_sbf,8,242930,,ok,,8128,256,17424,19
whir_t100_capacity_full,separate_paths,flat_nodes,100.0,whir_capacity_full,28,18|10,2,8128,640,13,32768,1,parse_sbf,9,226295,,ok,,8128,256,17424,19
whir_t100_capacity_full,separate_paths,flat_nodes,100.0,whir_capacity_full,28,18|10,2,8128,640,13,32768,1,total_sbf,9,242930,,ok,,8128,256,17424,19
whir_t100_capacity_full,separate_paths,canonical_payload,100.0,whir_capacity_full,28,18|10,2,10352,640,17,32768,1,host_parse,0,,3150792,ok,,10352,282,21664,19
whir_t100_capacity_full,separate_paths,canonical_payload,100.0,whir_capacity_full,28,18|10,2,10352,640,17,0,0,upload_total,0,21615,,ok,,0,0,0,0
whir_t100_capacity_full,separate_paths,canonical_payload,100.0,whir_capacity_full,28,18|10,2,10352,640,17,32768,1,parse_sbf,0,306038,,ok,,10352,282,21664,19
whir_t100_capacity_full,separate_paths,canonical_payload,100.0,whir_capacity_full,28,18|10,2,10352,640,17,32768,1,total_sbf,0,327653,,ok,,10352,282,21664,19
whir_t100_capacity_full,separate_paths,canonical_payload,100.0,whir_capacity_full,28,18|10,2,10352,640,17,32768,1,parse_sbf,1,306038,,ok,,10352,282,21664,19
whir_t100_capacity_full,separate_paths,canonical_payload,100.0,whir_capacity_full,28,18|10,2,10352,640,17,32768,1,total_sbf,1,327653,,ok,,10352,282,21664,19
whir_t100_capacity_full,separate_paths,canonical_payload,100.0,whir_capacity_full,28,18|10,2,10352,640,17,32768,1,parse_sbf,2,306038,,ok,,10352,282,21664,19
whir_t100_capacity_full,separate_paths,canonical_payload,100.0,whir_capacity_full,28,18|10,2,10352,640,17,32768,1,total_sbf,2,327653,,ok,,10352,282,21664,19
whir_t100_capacity_full,separate_paths,canonical_payload,100.0,whir_capacity_full,28,18|10,2,10352,640,17,32768,1,parse_sbf,3,306038,,ok,,10352,282,21664,19
whir_t100_capacity_full,separate_paths,canonical_payload,100.0,whir_capacity_full,28,18|10,2,10352,640,17,32768,1,total_sbf,3,327653,,ok,,10352,282,21664,19
whir_t100_capacity_full,separate_paths,canonical_payload,100.0,whir_capacity_full,28,18|10,2,10352,640,17,32768,1,parse_sbf,4,306038,,ok,,10352,282,21664,19
whir_t100_capacity_full,separate_paths,canonical_payload,100.0,whir_capacity_full,28,18|10,2,10352,640,17,32768,1,total_sbf,4,327653,,ok,,10352,282,21664,19
whir_t100_capacity_full,separate_paths,canonical_payload,100.0,whir_capacity_full,28,18|10,2,10352,640,17,32768,1,parse_sbf,5,306038,,ok,,10352,282,21664,19
whir_t100_capacity_full,separate_paths,canonical_payload,100.0,whir_capacity_full,28,18|10,2,10352,640,17,32768,1,total_sbf,5,327653,,ok,,10352,282,21664,19
whir_t100_capacity_full,separate_paths,canonical_payload,100.0,whir_capacity_full,28,18|10,2,10352,640,17,32768,1,parse_sbf,6,306038,,ok,,10352,282,21664,19
whir_t100_capacity_full,separate_paths,canonical_payload,100.0,whir_capacity_full,28,18|10,2,10352,640,17,32768,1,total_sbf,6,327653,,ok,,10352,282,21664,19
whir_t100_capacity_full,separate_paths,canonical_payload,100.0,whir_capacity_full,28,18|10,2,10352,640,17,32768,1,parse_sbf,7,306038,,ok,,10352,282,21664,19
whir_t100_capacity_full,separate_paths,canonical_payload,100.0,whir_capacity_full,28,18|10,2,10352,640,17,32768,1,total_sbf,7,327653,,ok,,10352,282,21664,19
whir_t100_capacity_full,separate_paths,canonical_payload,100.0,whir_capacity_full,28,18|10,2,10352,640,17,32768,1,parse_sbf,8,306038,,ok,,10352,282,21664,19
whir_t100_capacity_full,separate_paths,canonical_payload,100.0,whir_capacity_full,28,18|10,2,10352,640,17,32768,1,total_sbf,8,327653,,ok,,10352,282,21664,19
whir_t100_capacity_full,separate_paths,canonical_payload,100.0,whir_capacity_full,28,18|10,2,10352,640,17,32768,1,parse_sbf,9,306038,,ok,,10352,282,21664,19
whir_t100_capacity_full,separate_paths,canonical_payload,100.0,whir_capacity_full,28,18|10,2,10352,640,17,32768,1,total_sbf,9,327653,,ok,,10352,282,21664,19
whir_t100_capacity_full,minimal_subtree,flat_nodes,100.0,whir_capacity_full,28,18|10,2,1440,640,3,32768,1,host_parse,0,,312000,ok,,1440,47,3212,19
whir_t100_capacity_full,minimal_subtree,flat_nodes,100.0,whir_capacity_full,28,18|10,2,1440,640,3,0,0,upload_total,0,3621,,ok,,0,0,0,0
whir_t100_capacity_full,minimal_subtree,flat_nodes,100.0,whir_capacity_full,28,18|10,2,1440,640,3,32768,1,parse_sbf,0,42785,,ok,,1440,47,3212,19
whir_t100_capacity_full,minimal_subtree,flat_nodes,100.0,whir_capacity_full,28,18|10,2,1440,640,3,32768,1,total_sbf,0,46406,,ok,,1440,47,3212,19
whir_t100_capacity_full,minimal_subtree,flat_nodes,100.0,whir_capacity_full,28,18|10,2,1440,640,3,32768,1,parse_sbf,1,42785,,ok,,1440,47,3212,19
whir_t100_capacity_full,minimal_subtree,flat_nodes,100.0,whir_capacity_full,28,18|10,2,1440,640,3,32768,1,total_sbf,1,46406,,ok,,1440,47,3212,19
whir_t100_capacity_full,minimal_subtree,flat_nodes,100.0,whir_capacity_full,28,18|10,2,1440,640,3,32768,1,parse_sbf,2,42785,,ok,,1440,47,3212,19
whir_t100_capacity_full,minimal_subtree,flat_nodes,100.0,whir_capacity_full,28,18|10,2,1440,640,3,32768,1,total_sbf,2,46406,,ok,,1440,47,3212,19
whir_t100_capacity_full,minimal_subtree,flat_nodes,100.0,whir_capacity_full,28,18|10,2,1440,640,3,32768,1,parse_sbf,3,42785,,ok,,1440,47,3212,19
whir_t100_capacity_full,minimal_subtree,flat_nodes,100.0,whir_capacity_full,28,18|10,2,1440,640,3,32768,1,total_sbf,3,46406,,ok,,1440,47,3212,19
whir_t100_capacity_full,minimal_subtree,flat_nodes,100.0,whir_capacity_full,28,18|10,2,1440,640,3,32768,1,parse_sbf,4,42785,,ok,,1440,47,3212,19
whir_t100_capacity_full,minimal_subtree,flat_nodes,100.0,whir_capacity_full,28,18|10,2,1440,640,3,32768,1,total_sbf,4,46406,,ok,,1440,47,3212,19
whir_t100_capacity_full,minimal_subtree,flat_nodes,100.0,whir_capacity_full,28,18|10,2,1440,640,3,32768,1,parse_sbf,5,42785,,ok,,1440,47,3212,19
whir_t100_capacity_full,minimal_subtree,flat_nodes,100.0,whir_capacity_full,28,18|10,2,1440,640,3,32768,1,total_sbf,5,46406,,ok,,1440,47,3212,19
whir_t100_capacity_full,minimal_subtree,flat_nodes,100.0,whir_capacity_full,28,18|10,2,1440,640,3,32768,1,parse_sbf,6,42785,,ok,,1440,47,3212,19
whir_t100_capacity_full,minimal_subtree,flat_nodes,100.0,whir_capacity_full,28,18|10,2,1440,640,3,32768,1,total_sbf,6,46406,,ok,,1440,47,3212,19
whir_t100_capacity_full,minimal_subtree,flat_nodes,100.0,whir_capacity_full,28,18|10,2,1440,640,3,32768,1,parse_sbf,7,42785,,ok,,1440,47,3212,19
whir_t100_capacity_full,minimal_subtree,flat_nodes,100.0,whir_capacity_full,28,18|10,2,1440,640,3,32768,1,total_sbf,7,46406,,ok,,1440,47,3212,19
whir_t100_capacity_full,minimal_subtree,flat_nodes,100.0,whir_capacity_full,28,18|10,2,1440,640,3,32768,1,parse_sbf,8,42785,,ok,,1440,47,3212,19
whir_t100_capacity_full,minimal_subtree,flat_nodes,100.0,whir_capacity_full,28,18|10,2,1440,640,3,32768,1,total_sbf,8,46406,,ok,,1440,47,3212,19
whir_t100_capacity_full,minimal_subtree,flat_nodes,100.0,whir_capacity_full,28,18|10,2,1440,640,3,32768,1,parse_sbf,9,42785,,ok,,1440,47,3212,19
whir_t100_capacity_full,minimal_subtree,flat_nodes,100.0,whir_capacity_full,28,18|10,2,1440,640,3,32768,1,total_sbf,9,46406,,ok,,1440,47,3212,19
whir_t100_capacity_full,minimal_subtree,canonical_payload,100.0,whir_capacity_full,28,18|10,2,1992,640,4,32768,1,host_parse,0,,1094958,ok,,1992,73,4944,19
whir_t100_capacity_full,minimal_subtree,canonical_payload,100.0,whir_capacity_full,28,18|10,2,1992,640,4,0,0,upload_total,0,4864,,ok,,0,0,0,0
whir_t100_capacity_full,minimal_subtree,canonical_payload,100.0,whir_capacity_full,28,18|10,2,1992,640,4,32768,1,parse_sbf,0,66188,,ok,,1992,73,4944,19
whir_t100_capacity_full,minimal_subtree,canonical_payload,100.0,whir_capacity_full,28,18|10,2,1992,640,4,32768,1,total_sbf,0,71052,,ok,,1992,73,4944,19
whir_t100_capacity_full,minimal_subtree,canonical_payload,100.0,whir_capacity_full,28,18|10,2,1992,640,4,32768,1,parse_sbf,1,66188,,ok,,1992,73,4944,19
whir_t100_capacity_full,minimal_subtree,canonical_payload,100.0,whir_capacity_full,28,18|10,2,1992,640,4,32768,1,total_sbf,1,71052,,ok,,1992,73,4944,19
whir_t100_capacity_full,minimal_subtree,canonical_payload,100.0,whir_capacity_full,28,18|10,2,1992,640,4,32768,1,parse_sbf,2,66188,,ok,,1992,73,4944,19
whir_t100_capacity_full,minimal_subtree,canonical_payload,100.0,whir_capacity_full,28,18|10,2,1992,640,4,32768,1,total_sbf,2,71052,,ok,,1992,73,4944,19
whir_t100_capacity_full,minimal_subtree,canonical_payload,100.0,whir_capacity_full,28,18|10,2,1992,640,4,32768,1,parse_sbf,3,66188,,ok,,1992,73,4944,19
whir_t100_capacity_full,minimal_subtree,canonical_payload,100.0,whir_capacity_full,28,18|10,2,1992,640,4,32768,1,total_sbf,3,71052,,ok,,1992,73,4944,19
whir_t100_capacity_full,minimal_subtree,canonical_payload,100.0,whir_capacity_full,28,18|10,2,1992,640,4,32768,1,parse_sbf,4,66188,,ok,,1992,73,4944,19
whir_t100_capacity_full,minimal_subtree,canonical_payload,100.0,whir_capacity_full,28,18|10,2,1992,640,4,32768,1,total_sbf,4,71052,,ok,,1992,73,4944,19
whir_t100_capacity_full,minimal_subtree,canonical_payload,100.0,whir_capacity_full,28,18|10,2,1992,640,4,32768,1,parse_sbf,5,66188,,ok,,1992,73,4944,19
whir_t100_capacity_full,minimal_subtree,canonical_payload,100.0,whir_capacity_full,28,18|10,2,1992,640,4,32768,1,total_sbf,5,71052,,ok,,1992,73,4944,19
whir_t100_capacity_full,minimal_subtree,canonical_payload,100.0,whir_capacity_full,28,18|10,2,1992,640,4,32768,1,parse_sbf,6,66188,,ok,,1992,73,4944,19
whir_t100_capacity_full,minimal_subtree,canonical_payload,100.0,whir_capacity_full,28,18|10,2,1992,640,4,32768,1,total_sbf,6,71052,,ok,,1992,73,4944,19
whir_t100_capacity_full,minimal_subtree,canonical_payload,100.0,whir_capacity_full,28,18|10,2,1992,640,4,32768,1,parse_sbf,7,66188,,ok,,1992,73,4944,19
whir_t100_capacity_full,minimal_subtree,canonical_payload,100.0,whir_capacity_full,28,18|10,2,1992,640,4,32768,1,total_sbf,7,71052,,ok,,1992,73,4944,19
whir_t100_capacity_full,minimal_subtree,canonical_payload,100.0,whir_capacity_full,28,18|10,2,1992,640,4,32768,1,parse_sbf,8,66188,,ok,,1992,73,4944,19
whir_t100_capacity_full,minimal_subtree,canonical_payload,100.0,whir_capacity_full,28,18|10,2,1992,640,4,32768,1,total_sbf,8,71052,,ok,,1992,73,4944,19
whir_t100_capacity_full,minimal_subtree,canonical_payload,100.0,whir_capacity_full,28,18|10,2,1992,640,4,32768,1,parse_sbf,9,66188,,ok,,1992,73,4944,19
whir_t100_capacity_full,minimal_subtree,canonical_payload,100.0,whir_capacity_full,28,18|10,2,1992,640,4,32768,1,total_sbf,9,71052,,ok,,1992,73,4944,19
whir_t128_capacity_full,separate_paths,flat_nodes,128.0,whir_capacity_full,39,25|14,2,11328,640,18,32768,1,host_parse,0,,2281292,ok,,11328,356,24224,19
whir_t128_capacity_full,separate_paths,flat_nodes,128.0,whir_capacity_full,39,25|14,2,11328,640,18,0,0,upload_total,0,23070,,ok,,0,0,0,0
whir_t128_capacity_full,separate_paths,flat_nodes,128.0,whir_capacity_full,39,25|14,2,11328,640,18,32768,1,parse_sbf,0,314095,,ok,,11328,356,24224,19
whir_t128_capacity_full,separate_paths,flat_nodes,128.0,whir_capacity_full,39,25|14,2,11328,640,18,32768,1,total_sbf,0,337165,,ok,,11328,356,24224,19
whir_t128_capacity_full,separate_paths,flat_nodes,128.0,whir_capacity_full,39,25|14,2,11328,640,18,32768,1,parse_sbf,1,314095,,ok,,11328,356,24224,19
whir_t128_capacity_full,separate_paths,flat_nodes,128.0,whir_capacity_full,39,25|14,2,11328,640,18,32768,1,total_sbf,1,337165,,ok,,11328,356,24224,19
whir_t128_capacity_full,separate_paths,flat_nodes,128.0,whir_capacity_full,39,25|14,2,11328,640,18,32768,1,parse_sbf,2,314095,,ok,,11328,356,24224,19
whir_t128_capacity_full,separate_paths,flat_nodes,128.0,whir_capacity_full,39,25|14,2,11328,640,18,32768,1,total_sbf,2,337165,,ok,,11328,356,24224,19
whir_t128_capacity_full,separate_paths,flat_nodes,128.0,whir_capacity_full,39,25|14,2,11328,640,18,32768,1,parse_sbf,3,314095,,ok,,11328,356,24224,19
whir_t128_capacity_full,separate_paths,flat_nodes,128.0,whir_capacity_full,39,25|14,2,11328,640,18,32768,1,total_sbf,3,337165,,ok,,11328,356,24224,19
whir_t128_capacity_full,separate_paths,flat_nodes,128.0,whir_capacity_full,39,25|14,2,11328,640,18,32768,1,parse_sbf,4,314095,,ok,,11328,356,24224,19
whir_t128_capacity_full,separate_paths,flat_nodes,128.0,whir_capacity_full,39,25|14,2,11328,640,18,32768,1,total_sbf,4,337165,,ok,,11328,356,24224,19
whir_t128_capacity_full,separate_paths,flat_nodes,128.0,whir_capacity_full,39,25|14,2,11328,640,18,32768,1,parse_sbf,5,314095,,ok,,11328,356,24224,19
whir_t128_capacity_full,separate_paths,flat_nodes,128.0,whir_capacity_full,39,25|14,2,11328,640,18,32768,1,total_sbf,5,337165,,ok,,11328,356,24224,19
whir_t128_capacity_full,separate_paths,flat_nodes,128.0,whir_capacity_full,39,25|14,2,11328,640,18,32768,1,parse_sbf,6,314095,,ok,,11328,356,24224,19
whir_t128_capacity_full,separate_paths,flat_nodes,128.0,whir_capacity_full,39,25|14,2,11328,640,18,32768,1,total_sbf,6,337165,,ok,,11328,356,24224,19
whir_t128_capacity_full,separate_paths,flat_nodes,128.0,whir_capacity_full,39,25|14,2,11328,640,18,32768,1,parse_sbf,7,314095,,ok,,11328,356,24224,19
whir_t128_capacity_full,separate_paths,flat_nodes,128.0,whir_capacity_full,39,25|14,2,11328,640,18,32768,1,total_sbf,7,337165,,ok,,11328,356,24224,19
whir_t128_capacity_full,separate_paths,flat_nodes,128.0,whir_capacity_full,39,25|14,2,11328,640,18,32768,1,parse_sbf,8,314095,,ok,,11328,356,24224,19
whir_t128_capacity_full,separate_paths,flat_nodes,128.0,whir_capacity_full,39,25|14,2,11328,640,18,32768,1,total_sbf,8,337165,,ok,,11328,356,24224,19
whir_t128_capacity_full,separate_paths,flat_nodes,128.0,whir_capacity_full,39,25|14,2,11328,640,18,32768,1,parse_sbf,9,314095,,ok,,11328,356,24224,19
whir_t128_capacity_full,separate_paths,flat_nodes,128.0,whir_capacity_full,39,25|14,2,11328,640,18,32768,1,total_sbf,9,337165,,ok,,11328,356,24224,19
whir_t128_capacity_full,separate_paths,canonical_payload,128.0,whir_capacity_full,39,25|14,2,14396,640,23,32768,1,host_parse,0,,2510500,ok,,14396,393,30192,19
whir_t128_capacity_full,separate_paths,canonical_payload,128.0,whir_capacity_full,39,25|14,2,14396,640,23,0,0,upload_total,0,29439,,ok,,0,0,0,0
whir_t128_capacity_full,separate_paths,canonical_payload,128.0,whir_capacity_full,39,25|14,2,14396,640,23,32768,1,parse_sbf,0,424689,,ok,,14396,393,30192,19
whir_t128_capacity_full,separate_paths,canonical_payload,128.0,whir_capacity_full,39,25|14,2,14396,640,23,32768,1,total_sbf,0,454128,,ok,,14396,393,30192,19
whir_t128_capacity_full,separate_paths,canonical_payload,128.0,whir_capacity_full,39,25|14,2,14396,640,23,32768,1,parse_sbf,1,424689,,ok,,14396,393,30192,19
whir_t128_capacity_full,separate_paths,canonical_payload,128.0,whir_capacity_full,39,25|14,2,14396,640,23,32768,1,total_sbf,1,454128,,ok,,14396,393,30192,19
whir_t128_capacity_full,separate_paths,canonical_payload,128.0,whir_capacity_full,39,25|14,2,14396,640,23,32768,1,parse_sbf,2,424689,,ok,,14396,393,30192,19
whir_t128_capacity_full,separate_paths,canonical_payload,128.0,whir_capacity_full,39,25|14,2,14396,640,23,32768,1,total_sbf,2,454128,,ok,,14396,393,30192,19
whir_t128_capacity_full,separate_paths,canonical_payload,128.0,whir_capacity_full,39,25|14,2,14396,640,23,32768,1,parse_sbf,3,424689,,ok,,14396,393,30192,19
whir_t128_capacity_full,separate_paths,canonical_payload,128.0,whir_capacity_full,39,25|14,2,14396,640,23,32768,1,total_sbf,3,454128,,ok,,14396,393,30192,19
whir_t128_capacity_full,separate_paths,canonical_payload,128.0,whir_capacity_full,39,25|14,2,14396,640,23,32768,1,parse_sbf,4,424689,,ok,,14396,393,30192,19
whir_t128_capacity_full,separate_paths,canonical_payload,128.0,whir_capacity_full,39,25|14,2,14396,640,23,32768,1,total_sbf,4,454128,,ok,,14396,393,30192,19
whir_t128_capacity_full,separate_paths,canonical_payload,128.0,whir_capacity_full,39,25|14,2,14396,640,23,32768,1,parse_sbf,5,424689,,ok,,14396,393,30192,19
whir_t128_capacity_full,separate_paths,canonical_payload,128.0,whir_capacity_full,39,25|14,2,14396,640,23,32768,1,total_sbf,5,454128,,ok,,14396,393,30192,19
whir_t128_capacity_full,separate_paths,canonical_payload,128.0,whir_capacity_full,39,25|14,2,14396,640,23,32768,1,parse_sbf,6,424689,,ok,,14396,393,30192,19
whir_t128_capacity_full,separate_paths,canonical_payload,128.0,whir_capacity_full,39,25|14,2,14396,640,23,32768,1,total_sbf,6,454128,,ok,,14396,393,30192,19
whir_t128_capacity_full,separate_paths,canonical_payload,128.0,whir_capacity_full,39,25|14,2,14396,640,23,32768,1,parse_sbf,7,424689,,ok,,14396,393,30192,19
whir_t128_capacity_full,separate_paths,canonical_payload,128.0,whir_capacity_full,39,25|14,2,14396,640,23,32768,1,total_sbf,7,454128,,ok,,14396,393,30192,19
whir_t128_capacity_full,separate_paths,canonical_payload,128.0,whir_capacity_full,39,25|14,2,14396,640,23,32768,1,parse_sbf,8,424689,,ok,,14396,393,30192,19
whir_t128_capacity_full,separate_paths,canonical_payload,128.0,whir_capacity_full,39,25|14,2,14396,640,23,32768,1,total_sbf,8,454128,,ok,,14396,393,30192,19
whir_t128_capacity_full,separate_paths,canonical_payload,128.0,whir_capacity_full,39,25|14,2,14396,640,23,32768,1,parse_sbf,9,424689,,ok,,14396,393,30192,19
whir_t128_capacity_full,separate_paths,canonical_payload,128.0,whir_capacity_full,39,25|14,2,14396,640,23,32768,1,total_sbf,9,454128,,ok,,14396,393,30192,19
whir_t128_capacity_full,minimal_subtree,flat_nodes,128.0,whir_capacity_full,39,25|14,2,1792,640,3,32768,1,host_parse,0,,383083,ok,,1792,58,3960,19
whir_t128_capacity_full,minimal_subtree,flat_nodes,128.0,whir_capacity_full,39,25|14,2,1792,640,3,0,0,upload_total,0,3797,,ok,,0,0,0,0
whir_t128_capacity_full,minimal_subtree,flat_nodes,128.0,whir_capacity_full,39,25|14,2,1792,640,3,32768,1,parse_sbf,0,52444,,ok,,1792,58,3960,19
whir_t128_capacity_full,minimal_subtree,flat_nodes,128.0,whir_capacity_full,39,25|14,2,1792,640,3,32768,1,total_sbf,0,56241,,ok,,1792,58,3960,19
whir_t128_capacity_full,minimal_subtree,flat_nodes,128.0,whir_capacity_full,39,25|14,2,1792,640,3,32768,1,parse_sbf,1,52444,,ok,,1792,58,3960,19
whir_t128_capacity_full,minimal_subtree,flat_nodes,128.0,whir_capacity_full,39,25|14,2,1792,640,3,32768,1,total_sbf,1,56241,,ok,,1792,58,3960,19
whir_t128_capacity_full,minimal_subtree,flat_nodes,128.0,whir_capacity_full,39,25|14,2,1792,640,3,32768,1,parse_sbf,2,52444,,ok,,1792,58,3960,19
whir_t128_capacity_full,minimal_subtree,flat_nodes,128.0,whir_capacity_full,39,25|14,2,1792,640,3,32768,1,total_sbf,2,56241,,ok,,1792,58,3960,19
whir_t128_capacity_full,minimal_subtree,flat_nodes,128.0,whir_capacity_full,39,25|14,2,1792,640,3,32768,1,parse_sbf,3,52444,,ok,,1792,58,3960,19
whir_t128_capacity_full,minimal_subtree,flat_nodes,128.0,whir_capacity_full,39,25|14,2,1792,640,3,32768,1,total_sbf,3,56241,,ok,,1792,58,3960,19
whir_t128_capacity_full,minimal_subtree,flat_nodes,128.0,whir_capacity_full,39,25|14,2,1792,640,3,32768,1,parse_sbf,4,52444,,ok,,1792,58,3960,19
whir_t128_capacity_full,minimal_subtree,flat_nodes,128.0,whir_capacity_full,39,25|14,2,1792,640,3,32768,1,total_sbf,4,56241,,ok,,1792,58,3960,19
whir_t128_capacity_full,minimal_subtree,flat_nodes,128.0,whir_capacity_full,39,25|14,2,1792,640,3,32768,1,parse_sbf,5,52444,,ok,,1792,58,3960,19
whir_t128_capacity_full,minimal_subtree,flat_nodes,128.0,whir_capacity_full,39,25|14,2,1792,640,3,32768,1,total_sbf,5,56241,,ok,,1792,58,3960,19
whir_t128_capacity_full,minimal_subtree,flat_nodes,128.0,whir_capacity_full,39,25|14,2,1792,640,3,32768,1,parse_sbf,6,52444,,ok,,1792,58,3960,19
whir_t128_capacity_full,minimal_subtree,flat_nodes,128.0,whir_capacity_full,39,25|14,2,1792,640,3,32768,1,total_sbf,6,56241,,ok,,1792,58,3960,19
whir_t128_capacity_full,minimal_subtree,flat_nodes,128.0,whir_capacity_full,39,25|14,2,1792,640,3,32768,1,parse_sbf,7,52444,,ok,,1792,58,3960,19
whir_t128_capacity_full,minimal_subtree,flat_nodes,128.0,whir_capacity_full,39,25|14,2,1792,640,3,32768,1,total_sbf,7,56241,,ok,,1792,58,3960,19
whir_t128_capacity_full,minimal_subtree,flat_nodes,128.0,whir_capacity_full,39,25|14,2,1792,640,3,32768,1,parse_sbf,8,52444,,ok,,1792,58,3960,19
whir_t128_capacity_full,minimal_subtree,flat_nodes,128.0,whir_capacity_full,39,25|14,2,1792,640,3,32768,1,total_sbf,8,56241,,ok,,1792,58,3960,19
whir_t128_capacity_full,minimal_subtree,flat_nodes,128.0,whir_capacity_full,39,25|14,2,1792,640,3,32768,1,parse_sbf,9,52444,,ok,,1792,58,3960,19
whir_t128_capacity_full,minimal_subtree,flat_nodes,128.0,whir_capacity_full,39,25|14,2,1792,640,3,32768,1,total_sbf,9,56241,,ok,,1792,58,3960,19
whir_t128_capacity_full,minimal_subtree,canonical_payload,128.0,whir_capacity_full,39,25|14,2,2476,640,4,32768,1,host_parse,0,,884167,ok,,2476,95,6352,19
whir_t128_capacity_full,minimal_subtree,canonical_payload,128.0,whir_capacity_full,39,25|14,2,2476,640,4,0,0,upload_total,0,5106,,ok,,0,0,0,0
whir_t128_capacity_full,minimal_subtree,canonical_payload,128.0,whir_capacity_full,39,25|14,2,2476,640,4,32768,1,parse_sbf,0,82721,,ok,,2476,95,6352,19
whir_t128_capacity_full,minimal_subtree,canonical_payload,128.0,whir_capacity_full,39,25|14,2,2476,640,4,32768,1,total_sbf,0,87827,,ok,,2476,95,6352,19
whir_t128_capacity_full,minimal_subtree,canonical_payload,128.0,whir_capacity_full,39,25|14,2,2476,640,4,32768,1,parse_sbf,1,82721,,ok,,2476,95,6352,19
whir_t128_capacity_full,minimal_subtree,canonical_payload,128.0,whir_capacity_full,39,25|14,2,2476,640,4,32768,1,total_sbf,1,87827,,ok,,2476,95,6352,19
whir_t128_capacity_full,minimal_subtree,canonical_payload,128.0,whir_capacity_full,39,25|14,2,2476,640,4,32768,1,parse_sbf,2,82721,,ok,,2476,95,6352,19
whir_t128_capacity_full,minimal_subtree,canonical_payload,128.0,whir_capacity_full,39,25|14,2,2476,640,4,32768,1,total_sbf,2,87827,,ok,,2476,95,6352,19
whir_t128_capacity_full,minimal_subtree,canonical_payload,128.0,whir_capacity_full,39,25|14,2,2476,640,4,32768,1,parse_sbf,3,82721,,ok,,2476,95,6352,19
whir_t128_capacity_full,minimal_subtree,canonical_payload,128.0,whir_capacity_full,39,25|14,2,2476,640,4,32768,1,total_sbf,3,87827,,ok,,2476,95,6352,19
whir_t128_capacity_full,minimal_subtree,canonical_payload,128.0,whir_capacity_full,39,25|14,2,2476,640,4,32768,1,parse_sbf,4,82721,,ok,,2476,95,6352,19
whir_t128_capacity_full,minimal_subtree,canonical_payload,128.0,whir_capacity_full,39,25|14,2,2476,640,4,32768,1,total_sbf,4,87827,,ok,,2476,95,6352,19
whir_t128_capacity_full,minimal_subtree,canonical_payload,128.0,whir_capacity_full,39,25|14,2,2476,640,4,32768,1,parse_sbf,5,82721,,ok,,2476,95,6352,19
whir_t128_capacity_full,minimal_subtree,canonical_payload,128.0,whir_capacity_full,39,25|14,2,2476,640,4,32768,1,total_sbf,5,87827,,ok,,2476,95,6352,19
whir_t128_capacity_full,minimal_subtree,canonical_payload,128.0,whir_capacity_full,39,25|14,2,2476,640,4,32768,1,parse_sbf,6,82721,,ok,,2476,95,6352,19
whir_t128_capacity_full,minimal_subtree,canonical_payload,128.0,whir_capacity_full,39,25|14,2,2476,640,4,32768,1,total_sbf,6,87827,,ok,,2476,95,6352,19
whir_t128_capacity_full,minimal_subtree,canonical_payload,128.0,whir_capacity_full,39,25|14,2,2476,640,4,32768,1,parse_sbf,7,82721,,ok,,2476,95,6352,19
whir_t128_capacity_full,minimal_subtree,canonical_payload,128.0,whir_capacity_full,39,25|14,2,2476,640,4,32768,1,total_sbf,7,87827,,ok,,2476,95,6352,19
whir_t128_capacity_full,minimal_subtree,canonical_payload,128.0,whir_capacity_full,39,25|14,2,2476,640,4,32768,1,parse_sbf,8,82721,,ok,,2476,95,6352,19
whir_t128_capacity_full,minimal_subtree,canonical_payload,128.0,whir_capacity_full,39,25|14,2,2476,640,4,32768,1,total_sbf,8,87827,,ok,,2476,95,6352,19
whir_t128_capacity_full,minimal_subtree,canonical_payload,128.0,whir_capacity_full,39,25|14,2,2476,640,4,32768,1,parse_sbf,9,82721,,ok,,2476,95,6352,19
whir_t128_capacity_full,minimal_subtree,canonical_payload,128.0,whir_capacity_full,39,25|14,2,2476,640,4,32768,1,total_sbf,9,87827,,ok,,2476,95,6352,19
whir_t128_johnson_full,separate_paths,flat_nodes,128.0,whir_johnson_full,78,50|28,1,22656,640,36,32768,1,host_parse,0,,5425958,ok,,22656,710,48296,19
whir_t128_johnson_full,separate_paths,flat_nodes,128.0,whir_johnson_full,78,50|28,1,22656,640,36,0,0,upload_total,0,46140,,ok,,0,0,0,0
whir_t128_johnson_full,separate_paths,flat_nodes,128.0,whir_johnson_full,78,50|28,1,22656,640,36,32768,1,parse_sbf,0,624907,,ok,,22656,710,48296,19
whir_t128_johnson_full,separate_paths,flat_nodes,128.0,whir_johnson_full,78,50|28,1,22656,640,36,32768,1,total_sbf,0,671047,,ok,,22656,710,48296,19
whir_t128_johnson_full,separate_paths,flat_nodes,128.0,whir_johnson_full,78,50|28,1,22656,640,36,32768,1,parse_sbf,1,624907,,ok,,22656,710,48296,19
whir_t128_johnson_full,separate_paths,flat_nodes,128.0,whir_johnson_full,78,50|28,1,22656,640,36,32768,1,total_sbf,1,671047,,ok,,22656,710,48296,19
whir_t128_johnson_full,separate_paths,flat_nodes,128.0,whir_johnson_full,78,50|28,1,22656,640,36,32768,1,parse_sbf,2,624907,,ok,,22656,710,48296,19
whir_t128_johnson_full,separate_paths,flat_nodes,128.0,whir_johnson_full,78,50|28,1,22656,640,36,32768,1,total_sbf,2,671047,,ok,,22656,710,48296,19
whir_t128_johnson_full,separate_paths,flat_nodes,128.0,whir_johnson_full,78,50|28,1,22656,640,36,32768,1,parse_sbf,3,624907,,ok,,22656,710,48296,19
whir_t128_johnson_full,separate_paths,flat_nodes,128.0,whir_johnson_full,78,50|28,1,22656,640,36,32768,1,total_sbf,3,671047,,ok,,22656,710,48296,19
whir_t128_johnson_full,separate_paths,flat_nodes,128.0,whir_johnson_full,78,50|28,1,22656,640,36,32768,1,parse_sbf,4,624907,,ok,,22656,710,48296,19
whir_t128_johnson_full,separate_paths,flat_nodes,128.0,whir_johnson_full,78,50|28,1,22656,640,36,32768,1,total_sbf,4,671047,,ok,,22656,710,48296,19
whir_t128_johnson_full,separate_paths,flat_nodes,128.0,whir_johnson_full,78,50|28,1,22656,640,36,32768,1,parse_sbf,5,624907,,ok,,22656,710,48296,19
whir_t128_johnson_full,separate_paths,flat_nodes,128.0,whir_johnson_full,78,50|28,1,22656,640,36,32768,1,total_sbf,5,671047,,ok,,22656,710,48296,19
whir_t128_johnson_full,separate_paths,flat_nodes,128.0,whir_johnson_full,78,50|28,1,22656,640,36,32768,1,parse_sbf,6,624907,,ok,,22656,710,48296,19
whir_t128_johnson_full,separate_paths,flat_nodes,128.0,whir_johnson_full,78,50|28,1,22656,640,36,32768,1,total_sbf,6,671047,,ok,,22656,710,48296,19
whir_t128_johnson_full,separate_paths,flat_nodes,128.0,whir_johnson_full,78,50|28,1,22656,640,36,32768,1,parse_sbf,7,624907,,ok,,22656,710,48296,19
whir_t128_johnson_full,separate_paths,flat_nodes,128.0,whir_johnson_full,78,50|28,1,22656,640,36,32768,1,total_sbf,7,671047,,ok,,22656,710,48296,19
whir_t128_johnson_full,separate_paths,flat_nodes,128.0,whir_johnson_full,78,50|28,1,22656,640,36,32768,1,parse_sbf,8,624907,,ok,,22656,710,48296,19
whir_t128_johnson_full,separate_paths,flat_nodes,128.0,whir_johnson_full,78,50|28,1,22656,640,36,32768,1,total_sbf,8,671047,,ok,,22656,710,48296,19
whir_t128_johnson_full,separate_paths,flat_nodes,128.0,whir_johnson_full,78,50|28,1,22656,640,36,32768,1,parse_sbf,9,624907,,ok,,22656,710,48296,19
whir_t128_johnson_full,separate_paths,flat_nodes,128.0,whir_johnson_full,78,50|28,1,22656,640,36,32768,1,total_sbf,9,671047,,ok,,22656,710,48296,19
whir_t128_johnson_full,separate_paths,canonical_payload,128.0,whir_johnson_full,78,50|28,1,28712,640,45,32768,1,host_parse,0,,4992917,ok,,28712,786,60384,19
whir_t128_johnson_full,separate_paths,canonical_payload,128.0,whir_johnson_full,78,50|28,1,28712,640,45,0,0,upload_total,0,57871,,ok,,0,0,0,0
whir_t128_johnson_full,separate_paths,canonical_payload,128.0,whir_johnson_full,78,50|28,1,28712,640,45,32768,1,parse_sbf,0,844731,,ok,,28712,786,60384,19
whir_t128_johnson_full,separate_paths,canonical_payload,128.0,whir_johnson_full,78,50|28,1,28712,640,45,32768,1,total_sbf,0,902602,,ok,,28712,786,60384,19
whir_t128_johnson_full,separate_paths,canonical_payload,128.0,whir_johnson_full,78,50|28,1,28712,640,45,32768,1,parse_sbf,1,844731,,ok,,28712,786,60384,19
whir_t128_johnson_full,separate_paths,canonical_payload,128.0,whir_johnson_full,78,50|28,1,28712,640,45,32768,1,total_sbf,1,902602,,ok,,28712,786,60384,19
whir_t128_johnson_full,separate_paths,canonical_payload,128.0,whir_johnson_full,78,50|28,1,28712,640,45,32768,1,parse_sbf,2,844731,,ok,,28712,786,60384,19
whir_t128_johnson_full,separate_paths,canonical_payload,128.0,whir_johnson_full,78,50|28,1,28712,640,45,32768,1,total_sbf,2,902602,,ok,,28712,786,60384,19
whir_t128_johnson_full,separate_paths,canonical_payload,128.0,whir_johnson_full,78,50|28,1,28712,640,45,32768,1,parse_sbf,3,844731,,ok,,28712,786,60384,19
whir_t128_johnson_full,separate_paths,canonical_payload,128.0,whir_johnson_full,78,50|28,1,28712,640,45,32768,1,total_sbf,3,902602,,ok,,28712,786,60384,19
whir_t128_johnson_full,separate_paths,canonical_payload,128.0,whir_johnson_full,78,50|28,1,28712,640,45,32768,1,parse_sbf,4,844731,,ok,,28712,786,60384,19
whir_t128_johnson_full,separate_paths,canonical_payload,128.0,whir_johnson_full,78,50|28,1,28712,640,45,32768,1,total_sbf,4,902602,,ok,,28712,786,60384,19
whir_t128_johnson_full,separate_paths,canonical_payload,128.0,whir_johnson_full,78,50|28,1,28712,640,45,32768,1,parse_sbf,5,844731,,ok,,28712,786,60384,19
whir_t128_johnson_full,separate_paths,canonical_payload,128.0,whir_johnson_full,78,50|28,1,28712,640,45,32768,1,total_sbf,5,902602,,ok,,28712,786,60384,19
whir_t128_johnson_full,separate_paths,canonical_payload,128.0,whir_johnson_full,78,50|28,1,28712,640,45,32768,1,parse_sbf,6,844731,,ok,,28712,786,60384,19
whir_t128_johnson_full,separate_paths,canonical_payload,128.0,whir_johnson_full,78,50|28,1,28712,640,45,32768,1,total_sbf,6,902602,,ok,,28712,786,60384,19
whir_t128_johnson_full,separate_paths,canonical_payload,128.0,whir_johnson_full,78,50|28,1,28712,640,45,32768,1,parse_sbf,7,844731,,ok,,28712,786,60384,19
whir_t128_johnson_full,separate_paths,canonical_payload,128.0,whir_johnson_full,78,50|28,1,28712,640,45,32768,1,total_sbf,7,902602,,ok,,28712,786,60384,19
whir_t128_johnson_full,separate_paths,canonical_payload,128.0,whir_johnson_full,78,50|28,1,28712,640,45,32768,1,parse_sbf,8,844731,,ok,,28712,786,60384,19
whir_t128_johnson_full,separate_paths,canonical_payload,128.0,whir_johnson_full,78,50|28,1,28712,640,45,32768,1,total_sbf,8,902602,,ok,,28712,786,60384,19
whir_t128_johnson_full,separate_paths,canonical_payload,128.0,whir_johnson_full,78,50|28,1,28712,640,45,32768,1,parse_sbf,9,844731,,ok,,28712,786,60384,19
whir_t128_johnson_full,separate_paths,canonical_payload,128.0,whir_johnson_full,78,50|28,1,28712,640,45,32768,1,total_sbf,9,902602,,ok,,28712,786,60384,19
whir_t128_johnson_full,minimal_subtree,flat_nodes,128.0,whir_johnson_full,78,50|28,1,3040,640,5,32768,1,host_parse,0,,631875,ok,,3040,97,6612,19
whir_t128_johnson_full,minimal_subtree,flat_nodes,128.0,whir_johnson_full,78,50|28,1,3040,640,5,0,0,upload_total,0,6355,,ok,,0,0,0,0
whir_t128_johnson_full,minimal_subtree,flat_nodes,128.0,whir_johnson_full,78,50|28,1,3040,640,5,32768,1,parse_sbf,0,86686,,ok,,3040,97,6612,19
whir_t128_johnson_full,minimal_subtree,flat_nodes,128.0,whir_johnson_full,78,50|28,1,3040,640,5,32768,1,total_sbf,0,93041,,ok,,3040,97,6612,19
whir_t128_johnson_full,minimal_subtree,flat_nodes,128.0,whir_johnson_full,78,50|28,1,3040,640,5,32768,1,parse_sbf,1,86686,,ok,,3040,97,6612,19
whir_t128_johnson_full,minimal_subtree,flat_nodes,128.0,whir_johnson_full,78,50|28,1,3040,640,5,32768,1,total_sbf,1,93041,,ok,,3040,97,6612,19
whir_t128_johnson_full,minimal_subtree,flat_nodes,128.0,whir_johnson_full,78,50|28,1,3040,640,5,32768,1,parse_sbf,2,86686,,ok,,3040,97,6612,19
whir_t128_johnson_full,minimal_subtree,flat_nodes,128.0,whir_johnson_full,78,50|28,1,3040,640,5,32768,1,total_sbf,2,93041,,ok,,3040,97,6612,19
whir_t128_johnson_full,minimal_subtree,flat_nodes,128.0,whir_johnson_full,78,50|28,1,3040,640,5,32768,1,parse_sbf,3,86686,,ok,,3040,97,6612,19
whir_t128_johnson_full,minimal_subtree,flat_nodes,128.0,whir_johnson_full,78,50|28,1,3040,640,5,32768,1,total_sbf,3,93041,,ok,,3040,97,6612,19
whir_t128_johnson_full,minimal_subtree,flat_nodes,128.0,whir_johnson_full,78,50|28,1,3040,640,5,32768,1,parse_sbf,4,86686,,ok,,3040,97,6612,19
whir_t128_johnson_full,minimal_subtree,flat_nodes,128.0,whir_johnson_full,78,50|28,1,3040,640,5,32768,1,total_sbf,4,93041,,ok,,3040,97,6612,19
whir_t128_johnson_full,minimal_subtree,flat_nodes,128.0,whir_johnson_full,78,50|28,1,3040,640,5,32768,1,parse_sbf,5,86686,,ok,,3040,97,6612,19
whir_t128_johnson_full,minimal_subtree,flat_nodes,128.0,whir_johnson_full,78,50|28,1,3040,640,5,32768,1,total_sbf,5,93041,,ok,,3040,97,6612,19
whir_t128_johnson_full,minimal_subtree,flat_nodes,128.0,whir_johnson_full,78,50|28,1,3040,640,5,32768,1,parse_sbf,6,86686,,ok,,3040,97,6612,19
whir_t128_johnson_full,minimal_subtree,flat_nodes,128.0,whir_johnson_full,78,50|28,1,3040,640,5,32768,1,total_sbf,6,93041,,ok,,3040,97,6612,19
whir_t128_johnson_full,minimal_subtree,flat_nodes,128.0,whir_johnson_full,78,50|28,1,3040,640,5,32768,1,parse_sbf,7,86686,,ok,,3040,97,6612,19
whir_t128_johnson_full,minimal_subtree,flat_nodes,128.0,whir_johnson_full,78,50|28,1,3040,640,5,32768,1,total_sbf,7,93041,,ok,,3040,97,6612,19
whir_t128_johnson_full,minimal_subtree,flat_nodes,128.0,whir_johnson_full,78,50|28,1,3040,640,5,32768,1,parse_sbf,8,86686,,ok,,3040,97,6612,19
whir_t128_johnson_full,minimal_subtree,flat_nodes,128.0,whir_johnson_full,78,50|28,1,3040,640,5,32768,1,total_sbf,8,93041,,ok,,3040,97,6612,19
whir_t128_johnson_full,minimal_subtree,flat_nodes,128.0,whir_johnson_full,78,50|28,1,3040,640,5,32768,1,parse_sbf,9,86686,,ok,,3040,97,6612,19
whir_t128_johnson_full,minimal_subtree,flat_nodes,128.0,whir_johnson_full,78,50|28,1,3040,640,5,32768,1,total_sbf,9,93041,,ok,,3040,97,6612,19
whir_t128_johnson_full,minimal_subtree,canonical_payload,128.0,whir_johnson_full,78,50|28,1,4192,640,7,32768,1,host_parse,0,,950250,ok,,4192,173,11344,19
whir_t128_johnson_full,minimal_subtree,canonical_payload,128.0,whir_johnson_full,78,50|28,1,4192,640,7,0,0,upload_total,0,8865,,ok,,0,0,0,0
whir_t128_johnson_full,minimal_subtree,canonical_payload,128.0,whir_johnson_full,78,50|28,1,4192,640,7,32768,1,parse_sbf,0,141338,,ok,,4192,173,11344,19
whir_t128_johnson_full,minimal_subtree,canonical_payload,128.0,whir_johnson_full,78,50|28,1,4192,640,7,32768,1,total_sbf,0,150203,,ok,,4192,173,11344,19
whir_t128_johnson_full,minimal_subtree,canonical_payload,128.0,whir_johnson_full,78,50|28,1,4192,640,7,32768,1,parse_sbf,1,141338,,ok,,4192,173,11344,19
whir_t128_johnson_full,minimal_subtree,canonical_payload,128.0,whir_johnson_full,78,50|28,1,4192,640,7,32768,1,total_sbf,1,150203,,ok,,4192,173,11344,19
whir_t128_johnson_full,minimal_subtree,canonical_payload,128.0,whir_johnson_full,78,50|28,1,4192,640,7,32768,1,parse_sbf,2,141338,,ok,,4192,173,11344,19
whir_t128_johnson_full,minimal_subtree,canonical_payload,128.0,whir_johnson_full,78,50|28,1,4192,640,7,32768,1,total_sbf,2,150203,,ok,,4192,173,11344,19
whir_t128_johnson_full,minimal_subtree,canonical_payload,128.0,whir_johnson_full,78,50|28,1,4192,640,7,32768,1,parse_sbf,3,141338,,ok,,4192,173,11344,19
whir_t128_johnson_full,minimal_subtree,canonical_payload,128.0,whir_johnson_full,78,50|28,1,4192,640,7,32768,1,total_sbf,3,150203,,ok,,4192,173,11344,19
whir_t128_johnson_full,minimal_subtree,canonical_payload,128.0,whir_johnson_full,78,50|28,1,4192,640,7,32768,1,parse_sbf,4,141338,,ok,,4192,173,11344,19
whir_t128_johnson_full,minimal_subtree,canonical_payload,128.0,whir_johnson_full,78,50|28,1,4192,640,7,32768,1,total_sbf,4,150203,,ok,,4192,173,11344,19
whir_t128_johnson_full,minimal_subtree,canonical_payload,128.0,whir_johnson_full,78,50|28,1,4192,640,7,32768,1,parse_sbf,5,141338,,ok,,4192,173,11344,19
whir_t128_johnson_full,minimal_subtree,canonical_payload,128.0,whir_johnson_full,78,50|28,1,4192,640,7,32768,1,total_sbf,5,150203,,ok,,4192,173,11344,19
whir_t128_johnson_full,minimal_subtree,canonical_payload,128.0,whir_johnson_full,78,50|28,1,4192,640,7,32768,1,parse_sbf,6,141338,,ok,,4192,173,11344,19
whir_t128_johnson_full,minimal_subtree,canonical_payload,128.0,whir_johnson_full,78,50|28,1,4192,640,7,32768,1,total_sbf,6,150203,,ok,,4192,173,11344,19
whir_t128_johnson_full,minimal_subtree,canonical_payload,128.0,whir_johnson_full,78,50|28,1,4192,640,7,32768,1,parse_sbf,7,141338,,ok,,4192,173,11344,19
whir_t128_johnson_full,minimal_subtree,canonical_payload,128.0,whir_johnson_full,78,50|28,1,4192,640,7,32768,1,total_sbf,7,150203,,ok,,4192,173,11344,19
whir_t128_johnson_full,minimal_subtree,canonical_payload,128.0,whir_johnson_full,78,50|28,1,4192,640,7,32768,1,parse_sbf,8,141338,,ok,,4192,173,11344,19
whir_t128_johnson_full,minimal_subtree,canonical_payload,128.0,whir_johnson_full,78,50|28,1,4192,640,7,32768,1,total_sbf,8,150203,,ok,,4192,173,11344,19
whir_t128_johnson_full,minimal_subtree,canonical_payload,128.0,whir_johnson_full,78,50|28,1,4192,640,7,32768,1,parse_sbf,9,141338,,ok,,4192,173,11344,19
whir_t128_johnson_full,minimal_subtree,canonical_payload,128.0,whir_johnson_full,78,50|28,1,4192,640,7,32768,1,total_sbf,9,150203,,ok,,4192,173,11344,19
